[2026-02-02 08:21:04] local.ERROR: There are no commands defined in the "breeze" namespace. {"exception":"[object] (Symfony\\Component\\Console\\Exception\\NamespaceNotFoundException(code: 0): There are no commands defined in the \"breeze\" namespace. at /Applications/XAMPP/xamppfiles/htdocs/auth/vendor/symfony/console/Application.php:694)
[stacktrace]
#0 /Applications/XAMPP/xamppfiles/htdocs/auth/vendor/symfony/console/Application.php(743): Symfony\\Component\\Console\\Application->findNamespace('breeze')
#1 /Applications/XAMPP/xamppfiles/htdocs/auth/vendor/symfony/console/Application.php(298): Symfony\\Component\\Console\\Application->find('breeze:install')
#2 /Applications/XAMPP/xamppfiles/htdocs/auth/vendor/symfony/console/Application.php(195): Symfony\\Component\\Console\\Application->doRun(Object(Symfony\\Component\\Console\\Input\\ArgvInput), Object(Symfony\\Component\\Console\\Output\\ConsoleOutput))
#3 /Applications/XAMPP/xamppfiles/htdocs/auth/vendor/laravel/framework/src/Illuminate/Foundation/Console/Kernel.php(198): Symfony\\Component\\Console\\Application->run(Object(Symfony\\Component\\Console\\Input\\ArgvInput), Object(Symfony\\Component\\Console\\Output\\ConsoleOutput))
#4 /Applications/XAMPP/xamppfiles/htdocs/auth/vendor/laravel/framework/src/Illuminate/Foundation/Application.php(1235): Illuminate\\Foundation\\Console\\Kernel->handle(Object(Symfony\\Component\\Console\\Input\\ArgvInput), Object(Symfony\\Component\\Console\\Output\\ConsoleOutput))
#5 /Applications/XAMPP/xamppfiles/htdocs/auth/artisan(16): Illuminate\\Foundation\\Application->handleCommand(Object(Symfony\\Component\\Console\\Input\\ArgvInput))
#6 {main}
"} 
[2026-02-02 08:21:19] local.ERROR: There are no commands defined in the "breez" namespace. {"exception":"[object] (Symfony\\Component\\Console\\Exception\\NamespaceNotFoundException(code: 0): There are no commands defined in the \"breez\" namespace. at /Applications/XAMPP/xamppfiles/htdocs/auth/vendor/symfony/console/Application.php:694)
[stacktrace]
#0 /Applications/XAMPP/xamppfiles/htdocs/auth/vendor/symfony/console/Application.php(743): Symfony\\Component\\Console\\Application->findNamespace('breez')
#1 /Applications/XAMPP/xamppfiles/htdocs/auth/vendor/symfony/console/Application.php(298): Symfony\\Component\\Console\\Application->find('breez:install')
#2 /Applications/XAMPP/xamppfiles/htdocs/auth/vendor/symfony/console/Application.php(195): Symfony\\Component\\Console\\Application->doRun(Object(Symfony\\Component\\Console\\Input\\ArgvInput), Object(Symfony\\Component\\Console\\Output\\ConsoleOutput))
#3 /Applications/XAMPP/xamppfiles/htdocs/auth/vendor/laravel/framework/src/Illuminate/Foundation/Console/Kernel.php(198): Symfony\\Component\\Console\\Application->run(Object(Symfony\\Component\\Console\\Input\\ArgvInput), Object(Symfony\\Component\\Console\\Output\\ConsoleOutput))
#4 /Applications/XAMPP/xamppfiles/htdocs/auth/vendor/laravel/framework/src/Illuminate/Foundation/Application.php(1235): Illuminate\\Foundation\\Console\\Kernel->handle(Object(Symfony\\Component\\Console\\Input\\ArgvInput), Object(Symfony\\Component\\Console\\Output\\ConsoleOutput))
#5 /Applications/XAMPP/xamppfiles/htdocs/auth/artisan(16): Illuminate\\Foundation\\Application->handleCommand(Object(Symfony\\Component\\Console\\Input\\ArgvInput))
#6 {main}
"} 
[2026-02-02 10:56:59] local.ERROR: Database file at path [odin] does not exist. Ensure this is an absolute path to the database. (Connection: sqlite, Database: odin, SQL: select exists (select 1 from "main".sqlite_master where name = 'migrations' and type = 'table') as "exists") {"exception":"[object] (Illuminate\\Database\\QueryException(code: 0): Database file at path [odin] does not exist. Ensure this is an absolute path to the database. (Connection: sqlite, Database: odin, SQL: select exists (select 1 from \"main\".sqlite_master where name = 'migrations' and type = 'table') as \"exists\") at /Applications/XAMPP/xamppfiles/htdocs/auth/vendor/laravel/framework/src/Illuminate/Database/Connection.php:838)
[stacktrace]
#0 /Applications/XAMPP/xamppfiles/htdocs/auth/vendor/laravel/framework/src/Illuminate/Database/Connection.php(794): Illuminate\\Database\\Connection->runQueryCallback('select exists (...', Array, Object(Closure))
#1 /Applications/XAMPP/xamppfiles/htdocs/auth/vendor/laravel/framework/src/Illuminate/Database/Connection.php(411): Illuminate\\Database\\Connection->run('select exists (...', Array, Object(Closure))
#2 /Applications/XAMPP/xamppfiles/htdocs/auth/vendor/laravel/framework/src/Illuminate/Database/Connection.php(357): Illuminate\\Database\\Connection->select('select exists (...', Array, true)
#3 /Applications/XAMPP/xamppfiles/htdocs/auth/vendor/laravel/framework/src/Illuminate/Database/Connection.php(374): Illuminate\\Database\\Connection->selectOne('select exists (...', Array, true)
#4 /Applications/XAMPP/xamppfiles/htdocs/auth/vendor/laravel/framework/src/Illuminate/Database/Schema/Builder.php(176): Illuminate\\Database\\Connection->scalar('select exists (...')
#5 /Applications/XAMPP/xamppfiles/htdocs/auth/vendor/laravel/framework/src/Illuminate/Database/Migrations/DatabaseMigrationRepository.php(185): Illuminate\\Database\\Schema\\Builder->hasTable('migrations')
#6 /Applications/XAMPP/xamppfiles/htdocs/auth/vendor/laravel/framework/src/Illuminate/Database/Migrations/Migrator.php(756): Illuminate\\Database\\Migrations\\DatabaseMigrationRepository->repositoryExists()
#7 /Applications/XAMPP/xamppfiles/htdocs/auth/vendor/laravel/framework/src/Illuminate/Database/Console/Migrations/MigrateCommand.php(164): Illuminate\\Database\\Migrations\\Migrator->repositoryExists()
#8 /Applications/XAMPP/xamppfiles/htdocs/auth/vendor/laravel/framework/src/Illuminate/Support/helpers.php(329): Illuminate\\Database\\Console\\Migrations\\MigrateCommand->{closure:Illuminate\\Database\\Console\\Migrations\\MigrateCommand::repositoryExists():164}(1)
#9 /Applications/XAMPP/xamppfiles/htdocs/auth/vendor/laravel/framework/src/Illuminate/Database/Console/Migrations/MigrateCommand.php(164): retry(1, Object(Closure), 0, Object(Closure))
#10 /Applications/XAMPP/xamppfiles/htdocs/auth/vendor/laravel/framework/src/Illuminate/Database/Console/Migrations/MigrateCommand.php(140): Illuminate\\Database\\Console\\Migrations\\MigrateCommand->repositoryExists()
#11 /Applications/XAMPP/xamppfiles/htdocs/auth/vendor/laravel/framework/src/Illuminate/Database/Console/Migrations/MigrateCommand.php(110): Illuminate\\Database\\Console\\Migrations\\MigrateCommand->prepareDatabase()
#12 /Applications/XAMPP/xamppfiles/htdocs/auth/vendor/laravel/framework/src/Illuminate/Database/Migrations/Migrator.php(669): Illuminate\\Database\\Console\\Migrations\\MigrateCommand->{closure:Illuminate\\Database\\Console\\Migrations\\MigrateCommand::runMigrations():109}()
#13 /Applications/XAMPP/xamppfiles/htdocs/auth/vendor/laravel/framework/src/Illuminate/Database/Console/Migrations/MigrateCommand.php(109): Illuminate\\Database\\Migrations\\Migrator->usingConnection(NULL, Object(Closure))
#14 /Applications/XAMPP/xamppfiles/htdocs/auth/vendor/laravel/framework/src/Illuminate/Database/Console/Migrations/MigrateCommand.php(88): Illuminate\\Database\\Console\\Migrations\\MigrateCommand->runMigrations()
#15 /Applications/XAMPP/xamppfiles/htdocs/auth/vendor/laravel/framework/src/Illuminate/Container/BoundMethod.php(36): Illuminate\\Database\\Console\\Migrations\\MigrateCommand->handle()
#16 /Applications/XAMPP/xamppfiles/htdocs/auth/vendor/laravel/framework/src/Illuminate/Container/Util.php(43): Illuminate\\Container\\BoundMethod::{closure:Illuminate\\Container\\BoundMethod::call():35}()
#17 /Applications/XAMPP/xamppfiles/htdocs/auth/vendor/laravel/framework/src/Illuminate/Container/BoundMethod.php(96): Illuminate\\Container\\Util::unwrapIfClosure(Object(Closure))
#18 /Applications/XAMPP/xamppfiles/htdocs/auth/vendor/laravel/framework/src/Illuminate/Container/BoundMethod.php(35): Illuminate\\Container\\BoundMethod::callBoundMethod(Object(Illuminate\\Foundation\\Application), Array, Object(Closure))
#19 /Applications/XAMPP/xamppfiles/htdocs/auth/vendor/laravel/framework/src/Illuminate/Container/Container.php(799): Illuminate\\Container\\BoundMethod::call(Object(Illuminate\\Foundation\\Application), Array, Array, NULL)
#20 /Applications/XAMPP/xamppfiles/htdocs/auth/vendor/laravel/framework/src/Illuminate/Console/Command.php(211): Illuminate\\Container\\Container->call(Array)
#21 /Applications/XAMPP/xamppfiles/htdocs/auth/vendor/symfony/console/Command/Command.php(341): Illuminate\\Console\\Command->execute(Object(Symfony\\Component\\Console\\Input\\ArgvInput), Object(Illuminate\\Console\\OutputStyle))
#22 /Applications/XAMPP/xamppfiles/htdocs/auth/vendor/laravel/framework/src/Illuminate/Console/Command.php(180): Symfony\\Component\\Console\\Command\\Command->run(Object(Symfony\\Component\\Console\\Input\\ArgvInput), Object(Illuminate\\Console\\OutputStyle))
#23 /Applications/XAMPP/xamppfiles/htdocs/auth/vendor/symfony/console/Application.php(1102): Illuminate\\Console\\Command->run(Object(Symfony\\Component\\Console\\Input\\ArgvInput), Object(Symfony\\Component\\Console\\Output\\ConsoleOutput))
#24 /Applications/XAMPP/xamppfiles/htdocs/auth/vendor/symfony/console/Application.php(356): Symfony\\Component\\Console\\Application->doRunCommand(Object(Illuminate\\Database\\Console\\Migrations\\MigrateCommand), Object(Symfony\\Component\\Console\\Input\\ArgvInput), Object(Symfony\\Component\\Console\\Output\\ConsoleOutput))
#25 /Applications/XAMPP/xamppfiles/htdocs/auth/vendor/symfony/console/Application.php(195): Symfony\\Component\\Console\\Application->doRun(Object(Symfony\\Component\\Console\\Input\\ArgvInput), Object(Symfony\\Component\\Console\\Output\\ConsoleOutput))
#26 /Applications/XAMPP/xamppfiles/htdocs/auth/vendor/laravel/framework/src/Illuminate/Foundation/Console/Kernel.php(198): Symfony\\Component\\Console\\Application->run(Object(Symfony\\Component\\Console\\Input\\ArgvInput), Object(Symfony\\Component\\Console\\Output\\ConsoleOutput))
#27 /Applications/XAMPP/xamppfiles/htdocs/auth/vendor/laravel/framework/src/Illuminate/Foundation/Application.php(1235): Illuminate\\Foundation\\Console\\Kernel->handle(Object(Symfony\\Component\\Console\\Input\\ArgvInput), Object(Symfony\\Component\\Console\\Output\\ConsoleOutput))
#28 /Applications/XAMPP/xamppfiles/htdocs/auth/artisan(16): Illuminate\\Foundation\\Application->handleCommand(Object(Symfony\\Component\\Console\\Input\\ArgvInput))
#29 {main}

[previous exception] [object] (Illuminate\\Database\\SQLiteDatabaseDoesNotExistException(code: 0): Database file at path [odin] does not exist. Ensure this is an absolute path to the database. at /Applications/XAMPP/xamppfiles/htdocs/auth/vendor/laravel/framework/src/Illuminate/Database/Connectors/SQLiteConnector.php:60)
[stacktrace]
#0 /Applications/XAMPP/xamppfiles/htdocs/auth/vendor/laravel/framework/src/Illuminate/Database/Connectors/SQLiteConnector.php(19): Illuminate\\Database\\Connectors\\SQLiteConnector->parseDatabasePath(false)
#1 /Applications/XAMPP/xamppfiles/htdocs/auth/vendor/laravel/framework/src/Illuminate/Database/Connectors/ConnectionFactory.php(225): Illuminate\\Database\\Connectors\\SQLiteConnector->connect(Array)
#2 [internal function]: Illuminate\\Database\\Connectors\\ConnectionFactory->{closure:Illuminate\\Database\\Connectors\\ConnectionFactory::createPdoResolverWithoutHosts():225}()
#3 /Applications/XAMPP/xamppfiles/htdocs/auth/vendor/laravel/framework/src/Illuminate/Database/Connection.php(1257): call_user_func(Object(Closure))
#4 /Applications/XAMPP/xamppfiles/htdocs/auth/vendor/laravel/framework/src/Illuminate/Database/Connection.php(1295): Illuminate\\Database\\Connection->getPdo()
#5 /Applications/XAMPP/xamppfiles/htdocs/auth/vendor/laravel/framework/src/Illuminate/Database/Connection.php(525): Illuminate\\Database\\Connection->getReadPdo()
#6 /Applications/XAMPP/xamppfiles/htdocs/auth/vendor/laravel/framework/src/Illuminate/Database/Connection.php(420): Illuminate\\Database\\Connection->getPdoForSelect(true)
#7 /Applications/XAMPP/xamppfiles/htdocs/auth/vendor/laravel/framework/src/Illuminate/Database/Connection.php(827): Illuminate\\Database\\Connection->{closure:Illuminate\\Database\\Connection::select():411}('select exists (...', Array)
#8 /Applications/XAMPP/xamppfiles/htdocs/auth/vendor/laravel/framework/src/Illuminate/Database/Connection.php(794): Illuminate\\Database\\Connection->runQueryCallback('select exists (...', Array, Object(Closure))
#9 /Applications/XAMPP/xamppfiles/htdocs/auth/vendor/laravel/framework/src/Illuminate/Database/Connection.php(411): Illuminate\\Database\\Connection->run('select exists (...', Array, Object(Closure))
#10 /Applications/XAMPP/xamppfiles/htdocs/auth/vendor/laravel/framework/src/Illuminate/Database/Connection.php(357): Illuminate\\Database\\Connection->select('select exists (...', Array, true)
#11 /Applications/XAMPP/xamppfiles/htdocs/auth/vendor/laravel/framework/src/Illuminate/Database/Connection.php(374): Illuminate\\Database\\Connection->selectOne('select exists (...', Array, true)
#12 /Applications/XAMPP/xamppfiles/htdocs/auth/vendor/laravel/framework/src/Illuminate/Database/Schema/Builder.php(176): Illuminate\\Database\\Connection->scalar('select exists (...')
#13 /Applications/XAMPP/xamppfiles/htdocs/auth/vendor/laravel/framework/src/Illuminate/Database/Migrations/DatabaseMigrationRepository.php(185): Illuminate\\Database\\Schema\\Builder->hasTable('migrations')
#14 /Applications/XAMPP/xamppfiles/htdocs/auth/vendor/laravel/framework/src/Illuminate/Database/Migrations/Migrator.php(756): Illuminate\\Database\\Migrations\\DatabaseMigrationRepository->repositoryExists()
#15 /Applications/XAMPP/xamppfiles/htdocs/auth/vendor/laravel/framework/src/Illuminate/Database/Console/Migrations/MigrateCommand.php(164): Illuminate\\Database\\Migrations\\Migrator->repositoryExists()
#16 /Applications/XAMPP/xamppfiles/htdocs/auth/vendor/laravel/framework/src/Illuminate/Support/helpers.php(329): Illuminate\\Database\\Console\\Migrations\\MigrateCommand->{closure:Illuminate\\Database\\Console\\Migrations\\MigrateCommand::repositoryExists():164}(1)
#17 /Applications/XAMPP/xamppfiles/htdocs/auth/vendor/laravel/framework/src/Illuminate/Database/Console/Migrations/MigrateCommand.php(164): retry(1, Object(Closure), 0, Object(Closure))
#18 /Applications/XAMPP/xamppfiles/htdocs/auth/vendor/laravel/framework/src/Illuminate/Database/Console/Migrations/MigrateCommand.php(140): Illuminate\\Database\\Console\\Migrations\\MigrateCommand->repositoryExists()
#19 /Applications/XAMPP/xamppfiles/htdocs/auth/vendor/laravel/framework/src/Illuminate/Database/Console/Migrations/MigrateCommand.php(110): Illuminate\\Database\\Console\\Migrations\\MigrateCommand->prepareDatabase()
#20 /Applications/XAMPP/xamppfiles/htdocs/auth/vendor/laravel/framework/src/Illuminate/Database/Migrations/Migrator.php(669): Illuminate\\Database\\Console\\Migrations\\MigrateCommand->{closure:Illuminate\\Database\\Console\\Migrations\\MigrateCommand::runMigrations():109}()
#21 /Applications/XAMPP/xamppfiles/htdocs/auth/vendor/laravel/framework/src/Illuminate/Database/Console/Migrations/MigrateCommand.php(109): Illuminate\\Database\\Migrations\\Migrator->usingConnection(NULL, Object(Closure))
#22 /Applications/XAMPP/xamppfiles/htdocs/auth/vendor/laravel/framework/src/Illuminate/Database/Console/Migrations/MigrateCommand.php(88): Illuminate\\Database\\Console\\Migrations\\MigrateCommand->runMigrations()
#23 /Applications/XAMPP/xamppfiles/htdocs/auth/vendor/laravel/framework/src/Illuminate/Container/BoundMethod.php(36): Illuminate\\Database\\Console\\Migrations\\MigrateCommand->handle()
#24 /Applications/XAMPP/xamppfiles/htdocs/auth/vendor/laravel/framework/src/Illuminate/Container/Util.php(43): Illuminate\\Container\\BoundMethod::{closure:Illuminate\\Container\\BoundMethod::call():35}()
#25 /Applications/XAMPP/xamppfiles/htdocs/auth/vendor/laravel/framework/src/Illuminate/Container/BoundMethod.php(96): Illuminate\\Container\\Util::unwrapIfClosure(Object(Closure))
#26 /Applications/XAMPP/xamppfiles/htdocs/auth/vendor/laravel/framework/src/Illuminate/Container/BoundMethod.php(35): Illuminate\\Container\\BoundMethod::callBoundMethod(Object(Illuminate\\Foundation\\Application), Array, Object(Closure))
#27 /Applications/XAMPP/xamppfiles/htdocs/auth/vendor/laravel/framework/src/Illuminate/Container/Container.php(799): Illuminate\\Container\\BoundMethod::call(Object(Illuminate\\Foundation\\Application), Array, Array, NULL)
#28 /Applications/XAMPP/xamppfiles/htdocs/auth/vendor/laravel/framework/src/Illuminate/Console/Command.php(211): Illuminate\\Container\\Container->call(Array)
#29 /Applications/XAMPP/xamppfiles/htdocs/auth/vendor/symfony/console/Command/Command.php(341): Illuminate\\Console\\Command->execute(Object(Symfony\\Component\\Console\\Input\\ArgvInput), Object(Illuminate\\Console\\OutputStyle))
#30 /Applications/XAMPP/xamppfiles/htdocs/auth/vendor/laravel/framework/src/Illuminate/Console/Command.php(180): Symfony\\Component\\Console\\Command\\Command->run(Object(Symfony\\Component\\Console\\Input\\ArgvInput), Object(Illuminate\\Console\\OutputStyle))
#31 /Applications/XAMPP/xamppfiles/htdocs/auth/vendor/symfony/console/Application.php(1102): Illuminate\\Console\\Command->run(Object(Symfony\\Component\\Console\\Input\\ArgvInput), Object(Symfony\\Component\\Console\\Output\\ConsoleOutput))
#32 /Applications/XAMPP/xamppfiles/htdocs/auth/vendor/symfony/console/Application.php(356): Symfony\\Component\\Console\\Application->doRunCommand(Object(Illuminate\\Database\\Console\\Migrations\\MigrateCommand), Object(Symfony\\Component\\Console\\Input\\ArgvInput), Object(Symfony\\Component\\Console\\Output\\ConsoleOutput))
#33 /Applications/XAMPP/xamppfiles/htdocs/auth/vendor/symfony/console/Application.php(195): Symfony\\Component\\Console\\Application->doRun(Object(Symfony\\Component\\Console\\Input\\ArgvInput), Object(Symfony\\Component\\Console\\Output\\ConsoleOutput))
#34 /Applications/XAMPP/xamppfiles/htdocs/auth/vendor/laravel/framework/src/Illuminate/Foundation/Console/Kernel.php(198): Symfony\\Component\\Console\\Application->run(Object(Symfony\\Component\\Console\\Input\\ArgvInput), Object(Symfony\\Component\\Console\\Output\\ConsoleOutput))
#35 /Applications/XAMPP/xamppfiles/htdocs/auth/vendor/laravel/framework/src/Illuminate/Foundation/Application.php(1235): Illuminate\\Foundation\\Console\\Kernel->handle(Object(Symfony\\Component\\Console\\Input\\ArgvInput), Object(Symfony\\Component\\Console\\Output\\ConsoleOutput))
#36 /Applications/XAMPP/xamppfiles/htdocs/auth/artisan(16): Illuminate\\Foundation\\Application->handleCommand(Object(Symfony\\Component\\Console\\Input\\ArgvInput))
#37 {main}
"} 
[2026-02-02 13:56:11] local.ERROR: syntax error, unexpected identifier "run" {"exception":"[object] (ParseError(code: 0): syntax error, unexpected identifier \"run\" at /Applications/XAMPP/xamppfiles/htdocs/auth/database/migrations/2026_02_02_105956_add_is_active_to_users_table.php:16)
[stacktrace]
#0 /Applications/XAMPP/xamppfiles/htdocs/auth/vendor/laravel/framework/src/Illuminate/Filesystem/Filesystem.php(149): Illuminate\\Filesystem\\Filesystem::{closure:Illuminate\\Filesystem\\Filesystem::requireOnce():145}()
#1 /Applications/XAMPP/xamppfiles/htdocs/auth/vendor/laravel/framework/src/Illuminate/Database/Migrations/MigrationCreator.php(96): Illuminate\\Filesystem\\Filesystem->requireOnce('/Applications/X...')
#2 /Applications/XAMPP/xamppfiles/htdocs/auth/vendor/laravel/framework/src/Illuminate/Database/Migrations/MigrationCreator.php(58): Illuminate\\Database\\Migrations\\MigrationCreator->ensureMigrationDoesntAlreadyExist('create_categori...', '/Applications/X...')
#3 /Applications/XAMPP/xamppfiles/htdocs/auth/vendor/laravel/framework/src/Illuminate/Database/Console/Migrations/MigrateMakeCommand.php(111): Illuminate\\Database\\Migrations\\MigrationCreator->create('create_categori...', '/Applications/X...', 'categories', true)
#4 /Applications/XAMPP/xamppfiles/htdocs/auth/vendor/laravel/framework/src/Illuminate/Database/Console/Migrations/MigrateMakeCommand.php(98): Illuminate\\Database\\Console\\Migrations\\MigrateMakeCommand->writeMigration('create_categori...', 'categories', true)
#5 /Applications/XAMPP/xamppfiles/htdocs/auth/vendor/laravel/framework/src/Illuminate/Container/BoundMethod.php(36): Illuminate\\Database\\Console\\Migrations\\MigrateMakeCommand->handle()
#6 /Applications/XAMPP/xamppfiles/htdocs/auth/vendor/laravel/framework/src/Illuminate/Container/Util.php(43): Illuminate\\Container\\BoundMethod::{closure:Illuminate\\Container\\BoundMethod::call():35}()
#7 /Applications/XAMPP/xamppfiles/htdocs/auth/vendor/laravel/framework/src/Illuminate/Container/BoundMethod.php(96): Illuminate\\Container\\Util::unwrapIfClosure(Object(Closure))
#8 /Applications/XAMPP/xamppfiles/htdocs/auth/vendor/laravel/framework/src/Illuminate/Container/BoundMethod.php(35): Illuminate\\Container\\BoundMethod::callBoundMethod(Object(Illuminate\\Foundation\\Application), Array, Object(Closure))
#9 /Applications/XAMPP/xamppfiles/htdocs/auth/vendor/laravel/framework/src/Illuminate/Container/Container.php(799): Illuminate\\Container\\BoundMethod::call(Object(Illuminate\\Foundation\\Application), Array, Array, NULL)
#10 /Applications/XAMPP/xamppfiles/htdocs/auth/vendor/laravel/framework/src/Illuminate/Console/Command.php(211): Illuminate\\Container\\Container->call(Array)
#11 /Applications/XAMPP/xamppfiles/htdocs/auth/vendor/symfony/console/Command/Command.php(341): Illuminate\\Console\\Command->execute(Object(Symfony\\Component\\Console\\Input\\ArrayInput), Object(Illuminate\\Console\\OutputStyle))
#12 /Applications/XAMPP/xamppfiles/htdocs/auth/vendor/laravel/framework/src/Illuminate/Console/Command.php(180): Symfony\\Component\\Console\\Command\\Command->run(Object(Symfony\\Component\\Console\\Input\\ArrayInput), Object(Illuminate\\Console\\OutputStyle))
#13 /Applications/XAMPP/xamppfiles/htdocs/auth/vendor/laravel/framework/src/Illuminate/Console/Concerns/CallsCommands.php(68): Illuminate\\Console\\Command->run(Object(Symfony\\Component\\Console\\Input\\ArrayInput), Object(Illuminate\\Console\\OutputStyle))
#14 /Applications/XAMPP/xamppfiles/htdocs/auth/vendor/laravel/framework/src/Illuminate/Console/Concerns/CallsCommands.php(29): Illuminate\\Console\\Command->runCommand('make:migration', Array, Object(Illuminate\\Console\\OutputStyle))
#15 /Applications/XAMPP/xamppfiles/htdocs/auth/vendor/laravel/framework/src/Illuminate/Foundation/Console/ModelMakeCommand.php(122): Illuminate\\Console\\Command->call('make:migration', Array)
#16 /Applications/XAMPP/xamppfiles/htdocs/auth/vendor/laravel/framework/src/Illuminate/Foundation/Console/ModelMakeCommand.php(76): Illuminate\\Foundation\\Console\\ModelMakeCommand->createMigration()
#17 /Applications/XAMPP/xamppfiles/htdocs/auth/vendor/laravel/framework/src/Illuminate/Container/BoundMethod.php(36): Illuminate\\Foundation\\Console\\ModelMakeCommand->handle()
#18 /Applications/XAMPP/xamppfiles/htdocs/auth/vendor/laravel/framework/src/Illuminate/Container/Util.php(43): Illuminate\\Container\\BoundMethod::{closure:Illuminate\\Container\\BoundMethod::call():35}()
#19 /Applications/XAMPP/xamppfiles/htdocs/auth/vendor/laravel/framework/src/Illuminate/Container/BoundMethod.php(96): Illuminate\\Container\\Util::unwrapIfClosure(Object(Closure))
#20 /Applications/XAMPP/xamppfiles/htdocs/auth/vendor/laravel/framework/src/Illuminate/Container/BoundMethod.php(35): Illuminate\\Container\\BoundMethod::callBoundMethod(Object(Illuminate\\Foundation\\Application), Array, Object(Closure))
#21 /Applications/XAMPP/xamppfiles/htdocs/auth/vendor/laravel/framework/src/Illuminate/Container/Container.php(799): Illuminate\\Container\\BoundMethod::call(Object(Illuminate\\Foundation\\Application), Array, Array, NULL)
#22 /Applications/XAMPP/xamppfiles/htdocs/auth/vendor/laravel/framework/src/Illuminate/Console/Command.php(211): Illuminate\\Container\\Container->call(Array)
#23 /Applications/XAMPP/xamppfiles/htdocs/auth/vendor/symfony/console/Command/Command.php(341): Illuminate\\Console\\Command->execute(Object(Symfony\\Component\\Console\\Input\\ArgvInput), Object(Illuminate\\Console\\OutputStyle))
#24 /Applications/XAMPP/xamppfiles/htdocs/auth/vendor/laravel/framework/src/Illuminate/Console/Command.php(180): Symfony\\Component\\Console\\Command\\Command->run(Object(Symfony\\Component\\Console\\Input\\ArgvInput), Object(Illuminate\\Console\\OutputStyle))
#25 /Applications/XAMPP/xamppfiles/htdocs/auth/vendor/symfony/console/Application.php(1102): Illuminate\\Console\\Command->run(Object(Symfony\\Component\\Console\\Input\\ArgvInput), Object(Symfony\\Component\\Console\\Output\\ConsoleOutput))
#26 /Applications/XAMPP/xamppfiles/htdocs/auth/vendor/symfony/console/Application.php(356): Symfony\\Component\\Console\\Application->doRunCommand(Object(Illuminate\\Foundation\\Console\\ModelMakeCommand), Object(Symfony\\Component\\Console\\Input\\ArgvInput), Object(Symfony\\Component\\Console\\Output\\ConsoleOutput))
#27 /Applications/XAMPP/xamppfiles/htdocs/auth/vendor/symfony/console/Application.php(195): Symfony\\Component\\Console\\Application->doRun(Object(Symfony\\Component\\Console\\Input\\ArgvInput), Object(Symfony\\Component\\Console\\Output\\ConsoleOutput))
#28 /Applications/XAMPP/xamppfiles/htdocs/auth/vendor/laravel/framework/src/Illuminate/Foundation/Console/Kernel.php(198): Symfony\\Component\\Console\\Application->run(Object(Symfony\\Component\\Console\\Input\\ArgvInput), Object(Symfony\\Component\\Console\\Output\\ConsoleOutput))
#29 /Applications/XAMPP/xamppfiles/htdocs/auth/vendor/laravel/framework/src/Illuminate/Foundation/Application.php(1235): Illuminate\\Foundation\\Console\\Kernel->handle(Object(Symfony\\Component\\Console\\Input\\ArgvInput), Object(Symfony\\Component\\Console\\Output\\ConsoleOutput))
#30 /Applications/XAMPP/xamppfiles/htdocs/auth/artisan(16): Illuminate\\Foundation\\Application->handleCommand(Object(Symfony\\Component\\Console\\Input\\ArgvInput))
#31 {main}
"} 
[2026-02-02 13:59:08] local.ERROR: syntax error, unexpected identifier "run" {"exception":"[object] (ParseError(code: 0): syntax error, unexpected identifier \"run\" at /Applications/XAMPP/xamppfiles/htdocs/auth/database/migrations/2026_02_02_105956_add_is_active_to_users_table.php:16)
[stacktrace]
#0 /Applications/XAMPP/xamppfiles/htdocs/auth/vendor/laravel/framework/src/Illuminate/Filesystem/Filesystem.php(149): Illuminate\\Filesystem\\Filesystem::{closure:Illuminate\\Filesystem\\Filesystem::requireOnce():145}()
#1 /Applications/XAMPP/xamppfiles/htdocs/auth/vendor/laravel/framework/src/Illuminate/Database/Migrations/MigrationCreator.php(96): Illuminate\\Filesystem\\Filesystem->requireOnce('/Applications/X...')
#2 /Applications/XAMPP/xamppfiles/htdocs/auth/vendor/laravel/framework/src/Illuminate/Database/Migrations/MigrationCreator.php(58): Illuminate\\Database\\Migrations\\MigrationCreator->ensureMigrationDoesntAlreadyExist('create_categori...', '/Applications/X...')
#3 /Applications/XAMPP/xamppfiles/htdocs/auth/vendor/laravel/framework/src/Illuminate/Database/Console/Migrations/MigrateMakeCommand.php(111): Illuminate\\Database\\Migrations\\MigrationCreator->create('create_categori...', '/Applications/X...', 'categories', true)
#4 /Applications/XAMPP/xamppfiles/htdocs/auth/vendor/laravel/framework/src/Illuminate/Database/Console/Migrations/MigrateMakeCommand.php(98): Illuminate\\Database\\Console\\Migrations\\MigrateMakeCommand->writeMigration('create_categori...', 'categories', true)
#5 /Applications/XAMPP/xamppfiles/htdocs/auth/vendor/laravel/framework/src/Illuminate/Container/BoundMethod.php(36): Illuminate\\Database\\Console\\Migrations\\MigrateMakeCommand->handle()
#6 /Applications/XAMPP/xamppfiles/htdocs/auth/vendor/laravel/framework/src/Illuminate/Container/Util.php(43): Illuminate\\Container\\BoundMethod::{closure:Illuminate\\Container\\BoundMethod::call():35}()
#7 /Applications/XAMPP/xamppfiles/htdocs/auth/vendor/laravel/framework/src/Illuminate/Container/BoundMethod.php(96): Illuminate\\Container\\Util::unwrapIfClosure(Object(Closure))
#8 /Applications/XAMPP/xamppfiles/htdocs/auth/vendor/laravel/framework/src/Illuminate/Container/BoundMethod.php(35): Illuminate\\Container\\BoundMethod::callBoundMethod(Object(Illuminate\\Foundation\\Application), Array, Object(Closure))
#9 /Applications/XAMPP/xamppfiles/htdocs/auth/vendor/laravel/framework/src/Illuminate/Container/Container.php(799): Illuminate\\Container\\BoundMethod::call(Object(Illuminate\\Foundation\\Application), Array, Array, NULL)
#10 /Applications/XAMPP/xamppfiles/htdocs/auth/vendor/laravel/framework/src/Illuminate/Console/Command.php(211): Illuminate\\Container\\Container->call(Array)
#11 /Applications/XAMPP/xamppfiles/htdocs/auth/vendor/symfony/console/Command/Command.php(341): Illuminate\\Console\\Command->execute(Object(Symfony\\Component\\Console\\Input\\ArrayInput), Object(Illuminate\\Console\\OutputStyle))
#12 /Applications/XAMPP/xamppfiles/htdocs/auth/vendor/laravel/framework/src/Illuminate/Console/Command.php(180): Symfony\\Component\\Console\\Command\\Command->run(Object(Symfony\\Component\\Console\\Input\\ArrayInput), Object(Illuminate\\Console\\OutputStyle))
#13 /Applications/XAMPP/xamppfiles/htdocs/auth/vendor/laravel/framework/src/Illuminate/Console/Concerns/CallsCommands.php(68): Illuminate\\Console\\Command->run(Object(Symfony\\Component\\Console\\Input\\ArrayInput), Object(Illuminate\\Console\\OutputStyle))
#14 /Applications/XAMPP/xamppfiles/htdocs/auth/vendor/laravel/framework/src/Illuminate/Console/Concerns/CallsCommands.php(29): Illuminate\\Console\\Command->runCommand('make:migration', Array, Object(Illuminate\\Console\\OutputStyle))
#15 /Applications/XAMPP/xamppfiles/htdocs/auth/vendor/laravel/framework/src/Illuminate/Foundation/Console/ModelMakeCommand.php(122): Illuminate\\Console\\Command->call('make:migration', Array)
#16 /Applications/XAMPP/xamppfiles/htdocs/auth/vendor/laravel/framework/src/Illuminate/Foundation/Console/ModelMakeCommand.php(76): Illuminate\\Foundation\\Console\\ModelMakeCommand->createMigration()
#17 /Applications/XAMPP/xamppfiles/htdocs/auth/vendor/laravel/framework/src/Illuminate/Container/BoundMethod.php(36): Illuminate\\Foundation\\Console\\ModelMakeCommand->handle()
#18 /Applications/XAMPP/xamppfiles/htdocs/auth/vendor/laravel/framework/src/Illuminate/Container/Util.php(43): Illuminate\\Container\\BoundMethod::{closure:Illuminate\\Container\\BoundMethod::call():35}()
#19 /Applications/XAMPP/xamppfiles/htdocs/auth/vendor/laravel/framework/src/Illuminate/Container/BoundMethod.php(96): Illuminate\\Container\\Util::unwrapIfClosure(Object(Closure))
#20 /Applications/XAMPP/xamppfiles/htdocs/auth/vendor/laravel/framework/src/Illuminate/Container/BoundMethod.php(35): Illuminate\\Container\\BoundMethod::callBoundMethod(Object(Illuminate\\Foundation\\Application), Array, Object(Closure))
#21 /Applications/XAMPP/xamppfiles/htdocs/auth/vendor/laravel/framework/src/Illuminate/Container/Container.php(799): Illuminate\\Container\\BoundMethod::call(Object(Illuminate\\Foundation\\Application), Array, Array, NULL)
#22 /Applications/XAMPP/xamppfiles/htdocs/auth/vendor/laravel/framework/src/Illuminate/Console/Command.php(211): Illuminate\\Container\\Container->call(Array)
#23 /Applications/XAMPP/xamppfiles/htdocs/auth/vendor/symfony/console/Command/Command.php(341): Illuminate\\Console\\Command->execute(Object(Symfony\\Component\\Console\\Input\\ArgvInput), Object(Illuminate\\Console\\OutputStyle))
#24 /Applications/XAMPP/xamppfiles/htdocs/auth/vendor/laravel/framework/src/Illuminate/Console/Command.php(180): Symfony\\Component\\Console\\Command\\Command->run(Object(Symfony\\Component\\Console\\Input\\ArgvInput), Object(Illuminate\\Console\\OutputStyle))
#25 /Applications/XAMPP/xamppfiles/htdocs/auth/vendor/symfony/console/Application.php(1102): Illuminate\\Console\\Command->run(Object(Symfony\\Component\\Console\\Input\\ArgvInput), Object(Symfony\\Component\\Console\\Output\\ConsoleOutput))
#26 /Applications/XAMPP/xamppfiles/htdocs/auth/vendor/symfony/console/Application.php(356): Symfony\\Component\\Console\\Application->doRunCommand(Object(Illuminate\\Foundation\\Console\\ModelMakeCommand), Object(Symfony\\Component\\Console\\Input\\ArgvInput), Object(Symfony\\Component\\Console\\Output\\ConsoleOutput))
#27 /Applications/XAMPP/xamppfiles/htdocs/auth/vendor/symfony/console/Application.php(195): Symfony\\Component\\Console\\Application->doRun(Object(Symfony\\Component\\Console\\Input\\ArgvInput), Object(Symfony\\Component\\Console\\Output\\ConsoleOutput))
#28 /Applications/XAMPP/xamppfiles/htdocs/auth/vendor/laravel/framework/src/Illuminate/Foundation/Console/Kernel.php(198): Symfony\\Component\\Console\\Application->run(Object(Symfony\\Component\\Console\\Input\\ArgvInput), Object(Symfony\\Component\\Console\\Output\\ConsoleOutput))
#29 /Applications/XAMPP/xamppfiles/htdocs/auth/vendor/laravel/framework/src/Illuminate/Foundation/Application.php(1235): Illuminate\\Foundation\\Console\\Kernel->handle(Object(Symfony\\Component\\Console\\Input\\ArgvInput), Object(Symfony\\Component\\Console\\Output\\ConsoleOutput))
#30 /Applications/XAMPP/xamppfiles/htdocs/auth/artisan(16): Illuminate\\Foundation\\Application->handleCommand(Object(Symfony\\Component\\Console\\Input\\ArgvInput))
#31 {main}
"} 
[2026-02-02 14:02:04] local.ERROR: syntax error, unexpected identifier "run" {"exception":"[object] (ParseError(code: 0): syntax error, unexpected identifier \"run\" at /Applications/XAMPP/xamppfiles/htdocs/auth/database/migrations/2026_02_02_105956_add_is_active_to_users_table.php:16)
[stacktrace]
#0 /Applications/XAMPP/xamppfiles/htdocs/auth/vendor/laravel/framework/src/Illuminate/Filesystem/Filesystem.php(149): Illuminate\\Filesystem\\Filesystem::{closure:Illuminate\\Filesystem\\Filesystem::requireOnce():145}()
#1 /Applications/XAMPP/xamppfiles/htdocs/auth/vendor/laravel/framework/src/Illuminate/Database/Migrations/MigrationCreator.php(96): Illuminate\\Filesystem\\Filesystem->requireOnce('/Applications/X...')
#2 /Applications/XAMPP/xamppfiles/htdocs/auth/vendor/laravel/framework/src/Illuminate/Database/Migrations/MigrationCreator.php(58): Illuminate\\Database\\Migrations\\MigrationCreator->ensureMigrationDoesntAlreadyExist('create_categori...', '/Applications/X...')
#3 /Applications/XAMPP/xamppfiles/htdocs/auth/vendor/laravel/framework/src/Illuminate/Database/Console/Migrations/MigrateMakeCommand.php(111): Illuminate\\Database\\Migrations\\MigrationCreator->create('create_categori...', '/Applications/X...', 'categories', true)
#4 /Applications/XAMPP/xamppfiles/htdocs/auth/vendor/laravel/framework/src/Illuminate/Database/Console/Migrations/MigrateMakeCommand.php(98): Illuminate\\Database\\Console\\Migrations\\MigrateMakeCommand->writeMigration('create_categori...', 'categories', true)
#5 /Applications/XAMPP/xamppfiles/htdocs/auth/vendor/laravel/framework/src/Illuminate/Container/BoundMethod.php(36): Illuminate\\Database\\Console\\Migrations\\MigrateMakeCommand->handle()
#6 /Applications/XAMPP/xamppfiles/htdocs/auth/vendor/laravel/framework/src/Illuminate/Container/Util.php(43): Illuminate\\Container\\BoundMethod::{closure:Illuminate\\Container\\BoundMethod::call():35}()
#7 /Applications/XAMPP/xamppfiles/htdocs/auth/vendor/laravel/framework/src/Illuminate/Container/BoundMethod.php(96): Illuminate\\Container\\Util::unwrapIfClosure(Object(Closure))
#8 /Applications/XAMPP/xamppfiles/htdocs/auth/vendor/laravel/framework/src/Illuminate/Container/BoundMethod.php(35): Illuminate\\Container\\BoundMethod::callBoundMethod(Object(Illuminate\\Foundation\\Application), Array, Object(Closure))
#9 /Applications/XAMPP/xamppfiles/htdocs/auth/vendor/laravel/framework/src/Illuminate/Container/Container.php(799): Illuminate\\Container\\BoundMethod::call(Object(Illuminate\\Foundation\\Application), Array, Array, NULL)
#10 /Applications/XAMPP/xamppfiles/htdocs/auth/vendor/laravel/framework/src/Illuminate/Console/Command.php(211): Illuminate\\Container\\Container->call(Array)
#11 /Applications/XAMPP/xamppfiles/htdocs/auth/vendor/symfony/console/Command/Command.php(341): Illuminate\\Console\\Command->execute(Object(Symfony\\Component\\Console\\Input\\ArgvInput), Object(Illuminate\\Console\\OutputStyle))
#12 /Applications/XAMPP/xamppfiles/htdocs/auth/vendor/laravel/framework/src/Illuminate/Console/Command.php(180): Symfony\\Component\\Console\\Command\\Command->run(Object(Symfony\\Component\\Console\\Input\\ArgvInput), Object(Illuminate\\Console\\OutputStyle))
#13 /Applications/XAMPP/xamppfiles/htdocs/auth/vendor/symfony/console/Application.php(1102): Illuminate\\Console\\Command->run(Object(Symfony\\Component\\Console\\Input\\ArgvInput), Object(Symfony\\Component\\Console\\Output\\ConsoleOutput))
#14 /Applications/XAMPP/xamppfiles/htdocs/auth/vendor/symfony/console/Application.php(356): Symfony\\Component\\Console\\Application->doRunCommand(Object(Illuminate\\Database\\Console\\Migrations\\MigrateMakeCommand), Object(Symfony\\Component\\Console\\Input\\ArgvInput), Object(Symfony\\Component\\Console\\Output\\ConsoleOutput))
#15 /Applications/XAMPP/xamppfiles/htdocs/auth/vendor/symfony/console/Application.php(195): Symfony\\Component\\Console\\Application->doRun(Object(Symfony\\Component\\Console\\Input\\ArgvInput), Object(Symfony\\Component\\Console\\Output\\ConsoleOutput))
#16 /Applications/XAMPP/xamppfiles/htdocs/auth/vendor/laravel/framework/src/Illuminate/Foundation/Console/Kernel.php(198): Symfony\\Component\\Console\\Application->run(Object(Symfony\\Component\\Console\\Input\\ArgvInput), Object(Symfony\\Component\\Console\\Output\\ConsoleOutput))
#17 /Applications/XAMPP/xamppfiles/htdocs/auth/vendor/laravel/framework/src/Illuminate/Foundation/Application.php(1235): Illuminate\\Foundation\\Console\\Kernel->handle(Object(Symfony\\Component\\Console\\Input\\ArgvInput), Object(Symfony\\Component\\Console\\Output\\ConsoleOutput))
#18 /Applications/XAMPP/xamppfiles/htdocs/auth/artisan(16): Illuminate\\Foundation\\Application->handleCommand(Object(Symfony\\Component\\Console\\Input\\ArgvInput))
#19 {main}
"} 
[2026-02-02 14:03:15] local.ERROR: syntax error, unexpected identifier "run" {"exception":"[object] (ParseError(code: 0): syntax error, unexpected identifier \"run\" at /Applications/XAMPP/xamppfiles/htdocs/auth/database/migrations/2026_02_02_105956_add_is_active_to_users_table.php:16)
[stacktrace]
#0 /Applications/XAMPP/xamppfiles/htdocs/auth/vendor/laravel/framework/src/Illuminate/Filesystem/Filesystem.php(149): Illuminate\\Filesystem\\Filesystem::{closure:Illuminate\\Filesystem\\Filesystem::requireOnce():145}()
#1 /Applications/XAMPP/xamppfiles/htdocs/auth/vendor/laravel/framework/src/Illuminate/Database/Migrations/MigrationCreator.php(96): Illuminate\\Filesystem\\Filesystem->requireOnce('/Applications/X...')
#2 /Applications/XAMPP/xamppfiles/htdocs/auth/vendor/laravel/framework/src/Illuminate/Database/Migrations/MigrationCreator.php(58): Illuminate\\Database\\Migrations\\MigrationCreator->ensureMigrationDoesntAlreadyExist('create_categori...', '/Applications/X...')
#3 /Applications/XAMPP/xamppfiles/htdocs/auth/vendor/laravel/framework/src/Illuminate/Database/Console/Migrations/MigrateMakeCommand.php(111): Illuminate\\Database\\Migrations\\MigrationCreator->create('create_categori...', '/Applications/X...', 'categories', true)
#4 /Applications/XAMPP/xamppfiles/htdocs/auth/vendor/laravel/framework/src/Illuminate/Database/Console/Migrations/MigrateMakeCommand.php(98): Illuminate\\Database\\Console\\Migrations\\MigrateMakeCommand->writeMigration('create_categori...', 'categories', true)
#5 /Applications/XAMPP/xamppfiles/htdocs/auth/vendor/laravel/framework/src/Illuminate/Container/BoundMethod.php(36): Illuminate\\Database\\Console\\Migrations\\MigrateMakeCommand->handle()
#6 /Applications/XAMPP/xamppfiles/htdocs/auth/vendor/laravel/framework/src/Illuminate/Container/Util.php(43): Illuminate\\Container\\BoundMethod::{closure:Illuminate\\Container\\BoundMethod::call():35}()
#7 /Applications/XAMPP/xamppfiles/htdocs/auth/vendor/laravel/framework/src/Illuminate/Container/BoundMethod.php(96): Illuminate\\Container\\Util::unwrapIfClosure(Object(Closure))
#8 /Applications/XAMPP/xamppfiles/htdocs/auth/vendor/laravel/framework/src/Illuminate/Container/BoundMethod.php(35): Illuminate\\Container\\BoundMethod::callBoundMethod(Object(Illuminate\\Foundation\\Application), Array, Object(Closure))
#9 /Applications/XAMPP/xamppfiles/htdocs/auth/vendor/laravel/framework/src/Illuminate/Container/Container.php(799): Illuminate\\Container\\BoundMethod::call(Object(Illuminate\\Foundation\\Application), Array, Array, NULL)
#10 /Applications/XAMPP/xamppfiles/htdocs/auth/vendor/laravel/framework/src/Illuminate/Console/Command.php(211): Illuminate\\Container\\Container->call(Array)
#11 /Applications/XAMPP/xamppfiles/htdocs/auth/vendor/symfony/console/Command/Command.php(341): Illuminate\\Console\\Command->execute(Object(Symfony\\Component\\Console\\Input\\ArgvInput), Object(Illuminate\\Console\\OutputStyle))
#12 /Applications/XAMPP/xamppfiles/htdocs/auth/vendor/laravel/framework/src/Illuminate/Console/Command.php(180): Symfony\\Component\\Console\\Command\\Command->run(Object(Symfony\\Component\\Console\\Input\\ArgvInput), Object(Illuminate\\Console\\OutputStyle))
#13 /Applications/XAMPP/xamppfiles/htdocs/auth/vendor/symfony/console/Application.php(1102): Illuminate\\Console\\Command->run(Object(Symfony\\Component\\Console\\Input\\ArgvInput), Object(Symfony\\Component\\Console\\Output\\ConsoleOutput))
#14 /Applications/XAMPP/xamppfiles/htdocs/auth/vendor/symfony/console/Application.php(356): Symfony\\Component\\Console\\Application->doRunCommand(Object(Illuminate\\Database\\Console\\Migrations\\MigrateMakeCommand), Object(Symfony\\Component\\Console\\Input\\ArgvInput), Object(Symfony\\Component\\Console\\Output\\ConsoleOutput))
#15 /Applications/XAMPP/xamppfiles/htdocs/auth/vendor/symfony/console/Application.php(195): Symfony\\Component\\Console\\Application->doRun(Object(Symfony\\Component\\Console\\Input\\ArgvInput), Object(Symfony\\Component\\Console\\Output\\ConsoleOutput))
#16 /Applications/XAMPP/xamppfiles/htdocs/auth/vendor/laravel/framework/src/Illuminate/Foundation/Console/Kernel.php(198): Symfony\\Component\\Console\\Application->run(Object(Symfony\\Component\\Console\\Input\\ArgvInput), Object(Symfony\\Component\\Console\\Output\\ConsoleOutput))
#17 /Applications/XAMPP/xamppfiles/htdocs/auth/vendor/laravel/framework/src/Illuminate/Foundation/Application.php(1235): Illuminate\\Foundation\\Console\\Kernel->handle(Object(Symfony\\Component\\Console\\Input\\ArgvInput), Object(Symfony\\Component\\Console\\Output\\ConsoleOutput))
#18 /Applications/XAMPP/xamppfiles/htdocs/auth/artisan(16): Illuminate\\Foundation\\Application->handleCommand(Object(Symfony\\Component\\Console\\Input\\ArgvInput))
#19 {main}
"} 
[2026-02-02 14:21:44] local.ERROR: syntax error, unexpected token "}", expecting variable {"exception":"[object] (Symfony\\Component\\ErrorHandler\\Error\\FatalError(code: 0): syntax error, unexpected token \"}\", expecting variable at /Applications/XAMPP/xamppfiles/htdocs/auth/app/Models/Category.php:11)
[stacktrace]
#0 {main}
"} 
[2026-02-02 14:21:44] local.ERROR: syntax error, unexpected token "}", expecting variable {"exception":"[object] (Symfony\\Component\\ErrorHandler\\Error\\FatalError(code: 0): syntax error, unexpected token \"}\", expecting variable at /Applications/XAMPP/xamppfiles/htdocs/auth/app/Models/Category.php:11)
[stacktrace]
#0 {main}
"} 
[2026-02-02 14:22:43] local.ERROR: syntax error, unexpected token "}", expecting variable {"exception":"[object] (Symfony\\Component\\ErrorHandler\\Error\\FatalError(code: 0): syntax error, unexpected token \"}\", expecting variable at /Applications/XAMPP/xamppfiles/htdocs/auth/app/Models/Category.php:11)
[stacktrace]
#0 {main}
"} 
[2026-02-02 14:23:42] local.ERROR: syntax error, unexpected token "}", expecting variable {"exception":"[object] (Symfony\\Component\\ErrorHandler\\Error\\FatalError(code: 0): syntax error, unexpected token \"}\", expecting variable at /Applications/XAMPP/xamppfiles/htdocs/auth/app/Models/Category.php:11)
[stacktrace]
#0 {main}
"} 
[2026-02-02 14:24:42] local.ERROR: syntax error, unexpected token "}", expecting variable {"exception":"[object] (Symfony\\Component\\ErrorHandler\\Error\\FatalError(code: 0): syntax error, unexpected token \"}\", expecting variable at /Applications/XAMPP/xamppfiles/htdocs/auth/app/Models/Category.php:11)
[stacktrace]
#0 {main}
"} 
[2026-02-02 14:25:43] local.ERROR: syntax error, unexpected token "}", expecting variable {"exception":"[object] (Symfony\\Component\\ErrorHandler\\Error\\FatalError(code: 0): syntax error, unexpected token \"}\", expecting variable at /Applications/XAMPP/xamppfiles/htdocs/auth/app/Models/Category.php:11)
[stacktrace]
#0 {main}
"} 
[2026-02-02 14:26:43] local.ERROR: syntax error, unexpected token "}", expecting variable {"exception":"[object] (Symfony\\Component\\ErrorHandler\\Error\\FatalError(code: 0): syntax error, unexpected token \"}\", expecting variable at /Applications/XAMPP/xamppfiles/htdocs/auth/app/Models/Category.php:11)
[stacktrace]
#0 {main}
"} 
[2026-02-02 14:27:42] local.ERROR: syntax error, unexpected token "}", expecting variable {"exception":"[object] (Symfony\\Component\\ErrorHandler\\Error\\FatalError(code: 0): syntax error, unexpected token \"}\", expecting variable at /Applications/XAMPP/xamppfiles/htdocs/auth/app/Models/Category.php:11)
[stacktrace]
#0 {main}
"} 
[2026-02-02 14:28:42] local.ERROR: syntax error, unexpected token "}", expecting variable {"exception":"[object] (Symfony\\Component\\ErrorHandler\\Error\\FatalError(code: 0): syntax error, unexpected token \"}\", expecting variable at /Applications/XAMPP/xamppfiles/htdocs/auth/app/Models/Category.php:11)
[stacktrace]
#0 {main}
"} 
[2026-02-02 14:29:42] local.ERROR: syntax error, unexpected token "}", expecting variable {"exception":"[object] (Symfony\\Component\\ErrorHandler\\Error\\FatalError(code: 0): syntax error, unexpected token \"}\", expecting variable at /Applications/XAMPP/xamppfiles/htdocs/auth/app/Models/Category.php:11)
[stacktrace]
#0 {main}
"} 
[2026-02-02 14:57:41] local.ERROR: syntax error, unexpected token "}", expecting variable {"exception":"[object] (Symfony\\Component\\ErrorHandler\\Error\\FatalError(code: 0): syntax error, unexpected token \"}\", expecting variable at /Applications/XAMPP/xamppfiles/htdocs/auth/app/Models/Category.php:11)
[stacktrace]
#0 {main}
"} 
[2026-02-02 14:58:41] local.ERROR: syntax error, unexpected token "}", expecting variable {"exception":"[object] (Symfony\\Component\\ErrorHandler\\Error\\FatalError(code: 0): syntax error, unexpected token \"}\", expecting variable at /Applications/XAMPP/xamppfiles/htdocs/auth/app/Models/Category.php:11)
[stacktrace]
#0 {main}
"} 
[2026-02-02 14:59:41] local.ERROR: syntax error, unexpected token "}", expecting variable {"exception":"[object] (Symfony\\Component\\ErrorHandler\\Error\\FatalError(code: 0): syntax error, unexpected token \"}\", expecting variable at /Applications/XAMPP/xamppfiles/htdocs/auth/app/Models/Category.php:11)
[stacktrace]
#0 {main}
"} 
[2026-02-02 15:00:41] local.ERROR: syntax error, unexpected token "}", expecting variable {"exception":"[object] (Symfony\\Component\\ErrorHandler\\Error\\FatalError(code: 0): syntax error, unexpected token \"}\", expecting variable at /Applications/XAMPP/xamppfiles/htdocs/auth/app/Models/Category.php:11)
[stacktrace]
#0 {main}
"} 
[2026-02-02 15:01:41] local.ERROR: syntax error, unexpected token "}", expecting variable {"exception":"[object] (Symfony\\Component\\ErrorHandler\\Error\\FatalError(code: 0): syntax error, unexpected token \"}\", expecting variable at /Applications/XAMPP/xamppfiles/htdocs/auth/app/Models/Category.php:11)
[stacktrace]
#0 {main}
"} 
[2026-02-02 15:02:41] local.ERROR: syntax error, unexpected token "}", expecting variable {"exception":"[object] (Symfony\\Component\\ErrorHandler\\Error\\FatalError(code: 0): syntax error, unexpected token \"}\", expecting variable at /Applications/XAMPP/xamppfiles/htdocs/auth/app/Models/Category.php:11)
[stacktrace]
#0 {main}
"} 
[2026-02-02 15:03:41] local.ERROR: syntax error, unexpected token "}", expecting variable {"exception":"[object] (Symfony\\Component\\ErrorHandler\\Error\\FatalError(code: 0): syntax error, unexpected token \"}\", expecting variable at /Applications/XAMPP/xamppfiles/htdocs/auth/app/Models/Category.php:11)
[stacktrace]
#0 {main}
"} 
[2026-02-02 15:04:41] local.ERROR: syntax error, unexpected token "}", expecting variable {"exception":"[object] (Symfony\\Component\\ErrorHandler\\Error\\FatalError(code: 0): syntax error, unexpected token \"}\", expecting variable at /Applications/XAMPP/xamppfiles/htdocs/auth/app/Models/Category.php:11)
[stacktrace]
#0 {main}
"} 
[2026-02-02 15:05:41] local.ERROR: syntax error, unexpected token "}", expecting variable {"exception":"[object] (Symfony\\Component\\ErrorHandler\\Error\\FatalError(code: 0): syntax error, unexpected token \"}\", expecting variable at /Applications/XAMPP/xamppfiles/htdocs/auth/app/Models/Category.php:11)
[stacktrace]
#0 {main}
"} 
[2026-02-02 15:06:41] local.ERROR: syntax error, unexpected token "}", expecting variable {"exception":"[object] (Symfony\\Component\\ErrorHandler\\Error\\FatalError(code: 0): syntax error, unexpected token \"}\", expecting variable at /Applications/XAMPP/xamppfiles/htdocs/auth/app/Models/Category.php:11)
[stacktrace]
#0 {main}
"} 
[2026-02-02 15:07:41] local.ERROR: syntax error, unexpected token "}", expecting variable {"exception":"[object] (Symfony\\Component\\ErrorHandler\\Error\\FatalError(code: 0): syntax error, unexpected token \"}\", expecting variable at /Applications/XAMPP/xamppfiles/htdocs/auth/app/Models/Category.php:11)
[stacktrace]
#0 {main}
"} 
[2026-02-02 15:08:41] local.ERROR: syntax error, unexpected token "}", expecting variable {"exception":"[object] (Symfony\\Component\\ErrorHandler\\Error\\FatalError(code: 0): syntax error, unexpected token \"}\", expecting variable at /Applications/XAMPP/xamppfiles/htdocs/auth/app/Models/Category.php:11)
[stacktrace]
#0 {main}
"} 
[2026-02-02 15:09:41] local.ERROR: syntax error, unexpected token "}", expecting variable {"exception":"[object] (Symfony\\Component\\ErrorHandler\\Error\\FatalError(code: 0): syntax error, unexpected token \"}\", expecting variable at /Applications/XAMPP/xamppfiles/htdocs/auth/app/Models/Category.php:11)
[stacktrace]
#0 {main}
"} 
[2026-02-02 15:10:41] local.ERROR: syntax error, unexpected token "}", expecting variable {"exception":"[object] (Symfony\\Component\\ErrorHandler\\Error\\FatalError(code: 0): syntax error, unexpected token \"}\", expecting variable at /Applications/XAMPP/xamppfiles/htdocs/auth/app/Models/Category.php:11)
[stacktrace]
#0 {main}
"} 
[2026-02-02 15:14:23] local.ERROR: syntax error, unexpected token "}", expecting variable {"exception":"[object] (Symfony\\Component\\ErrorHandler\\Error\\FatalError(code: 0): syntax error, unexpected token \"}\", expecting variable at /Applications/XAMPP/xamppfiles/htdocs/auth/app/Models/Category.php:11)
[stacktrace]
#0 {main}
"} 
[2026-02-02 15:15:23] local.ERROR: syntax error, unexpected token "}", expecting variable {"exception":"[object] (Symfony\\Component\\ErrorHandler\\Error\\FatalError(code: 0): syntax error, unexpected token \"}\", expecting variable at /Applications/XAMPP/xamppfiles/htdocs/auth/app/Models/Category.php:11)
[stacktrace]
#0 {main}
"} 
[2026-02-02 15:16:23] local.ERROR: syntax error, unexpected token "}", expecting variable {"exception":"[object] (Symfony\\Component\\ErrorHandler\\Error\\FatalError(code: 0): syntax error, unexpected token \"}\", expecting variable at /Applications/XAMPP/xamppfiles/htdocs/auth/app/Models/Category.php:11)
[stacktrace]
#0 {main}
"} 
[2026-02-02 15:17:23] local.ERROR: syntax error, unexpected token "}", expecting variable {"exception":"[object] (Symfony\\Component\\ErrorHandler\\Error\\FatalError(code: 0): syntax error, unexpected token \"}\", expecting variable at /Applications/XAMPP/xamppfiles/htdocs/auth/app/Models/Category.php:11)
[stacktrace]
#0 {main}
"} 
[2026-02-02 15:18:23] local.ERROR: syntax error, unexpected token "}", expecting variable {"exception":"[object] (Symfony\\Component\\ErrorHandler\\Error\\FatalError(code: 0): syntax error, unexpected token \"}\", expecting variable at /Applications/XAMPP/xamppfiles/htdocs/auth/app/Models/Category.php:11)
[stacktrace]
#0 {main}
"} 
[2026-02-02 15:19:23] local.ERROR: syntax error, unexpected token "}", expecting variable {"exception":"[object] (Symfony\\Component\\ErrorHandler\\Error\\FatalError(code: 0): syntax error, unexpected token \"}\", expecting variable at /Applications/XAMPP/xamppfiles/htdocs/auth/app/Models/Category.php:11)
[stacktrace]
#0 {main}
"} 
[2026-02-02 15:20:23] local.ERROR: syntax error, unexpected token "}", expecting variable {"exception":"[object] (Symfony\\Component\\ErrorHandler\\Error\\FatalError(code: 0): syntax error, unexpected token \"}\", expecting variable at /Applications/XAMPP/xamppfiles/htdocs/auth/app/Models/Category.php:11)
[stacktrace]
#0 {main}
"} 
[2026-02-02 15:21:23] local.ERROR: syntax error, unexpected token "}", expecting variable {"exception":"[object] (Symfony\\Component\\ErrorHandler\\Error\\FatalError(code: 0): syntax error, unexpected token \"}\", expecting variable at /Applications/XAMPP/xamppfiles/htdocs/auth/app/Models/Category.php:11)
[stacktrace]
#0 {main}
"} 
[2026-02-02 15:22:22] local.ERROR: syntax error, unexpected token "}", expecting variable {"exception":"[object] (Symfony\\Component\\ErrorHandler\\Error\\FatalError(code: 0): syntax error, unexpected token \"}\", expecting variable at /Applications/XAMPP/xamppfiles/htdocs/auth/app/Models/Category.php:11)
[stacktrace]
#0 {main}
"} 
[2026-02-02 15:23:23] local.ERROR: syntax error, unexpected token "}", expecting variable {"exception":"[object] (Symfony\\Component\\ErrorHandler\\Error\\FatalError(code: 0): syntax error, unexpected token \"}\", expecting variable at /Applications/XAMPP/xamppfiles/htdocs/auth/app/Models/Category.php:11)
[stacktrace]
#0 {main}
"} 
[2026-02-02 15:24:23] local.ERROR: syntax error, unexpected token "}", expecting variable {"exception":"[object] (Symfony\\Component\\ErrorHandler\\Error\\FatalError(code: 0): syntax error, unexpected token \"}\", expecting variable at /Applications/XAMPP/xamppfiles/htdocs/auth/app/Models/Category.php:11)
[stacktrace]
#0 {main}
"} 
[2026-02-02 15:25:23] local.ERROR: syntax error, unexpected token "}", expecting variable {"exception":"[object] (Symfony\\Component\\ErrorHandler\\Error\\FatalError(code: 0): syntax error, unexpected token \"}\", expecting variable at /Applications/XAMPP/xamppfiles/htdocs/auth/app/Models/Category.php:11)
[stacktrace]
#0 {main}
"} 
[2026-02-02 15:26:23] local.ERROR: syntax error, unexpected token "}", expecting variable {"exception":"[object] (Symfony\\Component\\ErrorHandler\\Error\\FatalError(code: 0): syntax error, unexpected token \"}\", expecting variable at /Applications/XAMPP/xamppfiles/htdocs/auth/app/Models/Category.php:11)
[stacktrace]
#0 {main}
"} 
[2026-02-02 15:27:23] local.ERROR: syntax error, unexpected token "}", expecting variable {"exception":"[object] (Symfony\\Component\\ErrorHandler\\Error\\FatalError(code: 0): syntax error, unexpected token \"}\", expecting variable at /Applications/XAMPP/xamppfiles/htdocs/auth/app/Models/Category.php:11)
[stacktrace]
#0 {main}
"} 
[2026-02-02 15:28:23] local.ERROR: syntax error, unexpected token "}", expecting variable {"exception":"[object] (Symfony\\Component\\ErrorHandler\\Error\\FatalError(code: 0): syntax error, unexpected token \"}\", expecting variable at /Applications/XAMPP/xamppfiles/htdocs/auth/app/Models/Category.php:11)
[stacktrace]
#0 {main}
"} 
[2026-02-02 15:29:23] local.ERROR: syntax error, unexpected token "}", expecting variable {"exception":"[object] (Symfony\\Component\\ErrorHandler\\Error\\FatalError(code: 0): syntax error, unexpected token \"}\", expecting variable at /Applications/XAMPP/xamppfiles/htdocs/auth/app/Models/Category.php:11)
[stacktrace]
#0 {main}
"} 
[2026-02-02 15:30:23] local.ERROR: syntax error, unexpected token "}", expecting variable {"exception":"[object] (Symfony\\Component\\ErrorHandler\\Error\\FatalError(code: 0): syntax error, unexpected token \"}\", expecting variable at /Applications/XAMPP/xamppfiles/htdocs/auth/app/Models/Category.php:11)
[stacktrace]
#0 {main}
"} 
[2026-02-02 15:31:23] local.ERROR: syntax error, unexpected token "}", expecting variable {"exception":"[object] (Symfony\\Component\\ErrorHandler\\Error\\FatalError(code: 0): syntax error, unexpected token \"}\", expecting variable at /Applications/XAMPP/xamppfiles/htdocs/auth/app/Models/Category.php:11)
[stacktrace]
#0 {main}
"} 
[2026-02-02 15:32:23] local.ERROR: syntax error, unexpected token "}", expecting variable {"exception":"[object] (Symfony\\Component\\ErrorHandler\\Error\\FatalError(code: 0): syntax error, unexpected token \"}\", expecting variable at /Applications/XAMPP/xamppfiles/htdocs/auth/app/Models/Category.php:11)
[stacktrace]
#0 {main}
"} 
[2026-02-02 15:33:23] local.ERROR: syntax error, unexpected token "}", expecting variable {"exception":"[object] (Symfony\\Component\\ErrorHandler\\Error\\FatalError(code: 0): syntax error, unexpected token \"}\", expecting variable at /Applications/XAMPP/xamppfiles/htdocs/auth/app/Models/Category.php:11)
[stacktrace]
#0 {main}
"} 
[2026-02-02 15:34:23] local.ERROR: syntax error, unexpected token "}", expecting variable {"exception":"[object] (Symfony\\Component\\ErrorHandler\\Error\\FatalError(code: 0): syntax error, unexpected token \"}\", expecting variable at /Applications/XAMPP/xamppfiles/htdocs/auth/app/Models/Category.php:11)
[stacktrace]
#0 {main}
"} 
[2026-02-02 15:35:23] local.ERROR: syntax error, unexpected token "}", expecting variable {"exception":"[object] (Symfony\\Component\\ErrorHandler\\Error\\FatalError(code: 0): syntax error, unexpected token \"}\", expecting variable at /Applications/XAMPP/xamppfiles/htdocs/auth/app/Models/Category.php:11)
[stacktrace]
#0 {main}
"} 
[2026-02-02 15:36:23] local.ERROR: syntax error, unexpected token "}", expecting variable {"exception":"[object] (Symfony\\Component\\ErrorHandler\\Error\\FatalError(code: 0): syntax error, unexpected token \"}\", expecting variable at /Applications/XAMPP/xamppfiles/htdocs/auth/app/Models/Category.php:11)
[stacktrace]
#0 {main}
"} 
[2026-02-02 15:37:23] local.ERROR: syntax error, unexpected token "}", expecting variable {"exception":"[object] (Symfony\\Component\\ErrorHandler\\Error\\FatalError(code: 0): syntax error, unexpected token \"}\", expecting variable at /Applications/XAMPP/xamppfiles/htdocs/auth/app/Models/Category.php:11)
[stacktrace]
#0 {main}
"} 
[2026-02-02 15:38:23] local.ERROR: syntax error, unexpected token "}", expecting variable {"exception":"[object] (Symfony\\Component\\ErrorHandler\\Error\\FatalError(code: 0): syntax error, unexpected token \"}\", expecting variable at /Applications/XAMPP/xamppfiles/htdocs/auth/app/Models/Category.php:11)
[stacktrace]
#0 {main}
"} 
[2026-02-02 15:39:22] local.ERROR: syntax error, unexpected token "}", expecting variable {"exception":"[object] (Symfony\\Component\\ErrorHandler\\Error\\FatalError(code: 0): syntax error, unexpected token \"}\", expecting variable at /Applications/XAMPP/xamppfiles/htdocs/auth/app/Models/Category.php:11)
[stacktrace]
#0 {main}
"} 
[2026-02-02 15:40:23] local.ERROR: syntax error, unexpected token "}", expecting variable {"exception":"[object] (Symfony\\Component\\ErrorHandler\\Error\\FatalError(code: 0): syntax error, unexpected token \"}\", expecting variable at /Applications/XAMPP/xamppfiles/htdocs/auth/app/Models/Category.php:11)
[stacktrace]
#0 {main}
"} 
[2026-02-02 15:41:23] local.ERROR: syntax error, unexpected token "}", expecting variable {"exception":"[object] (Symfony\\Component\\ErrorHandler\\Error\\FatalError(code: 0): syntax error, unexpected token \"}\", expecting variable at /Applications/XAMPP/xamppfiles/htdocs/auth/app/Models/Category.php:11)
[stacktrace]
#0 {main}
"} 
[2026-02-02 15:42:23] local.ERROR: syntax error, unexpected token "}", expecting variable {"exception":"[object] (Symfony\\Component\\ErrorHandler\\Error\\FatalError(code: 0): syntax error, unexpected token \"}\", expecting variable at /Applications/XAMPP/xamppfiles/htdocs/auth/app/Models/Category.php:11)
[stacktrace]
#0 {main}
"} 
[2026-02-02 15:43:22] local.ERROR: syntax error, unexpected token "}", expecting variable {"exception":"[object] (Symfony\\Component\\ErrorHandler\\Error\\FatalError(code: 0): syntax error, unexpected token \"}\", expecting variable at /Applications/XAMPP/xamppfiles/htdocs/auth/app/Models/Category.php:11)
[stacktrace]
#0 {main}
"} 
[2026-02-02 15:44:22] local.ERROR: syntax error, unexpected token "}", expecting variable {"exception":"[object] (Symfony\\Component\\ErrorHandler\\Error\\FatalError(code: 0): syntax error, unexpected token \"}\", expecting variable at /Applications/XAMPP/xamppfiles/htdocs/auth/app/Models/Category.php:11)
[stacktrace]
#0 {main}
"} 
[2026-02-02 15:45:22] local.ERROR: syntax error, unexpected token "}", expecting variable {"exception":"[object] (Symfony\\Component\\ErrorHandler\\Error\\FatalError(code: 0): syntax error, unexpected token \"}\", expecting variable at /Applications/XAMPP/xamppfiles/htdocs/auth/app/Models/Category.php:11)
[stacktrace]
#0 {main}
"} 
[2026-02-02 15:46:23] local.ERROR: syntax error, unexpected token "}", expecting variable {"exception":"[object] (Symfony\\Component\\ErrorHandler\\Error\\FatalError(code: 0): syntax error, unexpected token \"}\", expecting variable at /Applications/XAMPP/xamppfiles/htdocs/auth/app/Models/Category.php:11)
[stacktrace]
#0 {main}
"} 
[2026-02-02 15:47:23] local.ERROR: syntax error, unexpected token "}", expecting variable {"exception":"[object] (Symfony\\Component\\ErrorHandler\\Error\\FatalError(code: 0): syntax error, unexpected token \"}\", expecting variable at /Applications/XAMPP/xamppfiles/htdocs/auth/app/Models/Category.php:11)
[stacktrace]
#0 {main}
"} 
[2026-02-02 15:48:23] local.ERROR: syntax error, unexpected token "}", expecting variable {"exception":"[object] (Symfony\\Component\\ErrorHandler\\Error\\FatalError(code: 0): syntax error, unexpected token \"}\", expecting variable at /Applications/XAMPP/xamppfiles/htdocs/auth/app/Models/Category.php:11)
[stacktrace]
#0 {main}
"} 
[2026-02-02 15:49:23] local.ERROR: syntax error, unexpected token "}", expecting variable {"exception":"[object] (Symfony\\Component\\ErrorHandler\\Error\\FatalError(code: 0): syntax error, unexpected token \"}\", expecting variable at /Applications/XAMPP/xamppfiles/htdocs/auth/app/Models/Category.php:11)
[stacktrace]
#0 {main}
"} 
[2026-02-02 15:50:23] local.ERROR: syntax error, unexpected token "}", expecting variable {"exception":"[object] (Symfony\\Component\\ErrorHandler\\Error\\FatalError(code: 0): syntax error, unexpected token \"}\", expecting variable at /Applications/XAMPP/xamppfiles/htdocs/auth/app/Models/Category.php:11)
[stacktrace]
#0 {main}
"} 
[2026-02-02 15:51:23] local.ERROR: syntax error, unexpected token "}", expecting variable {"exception":"[object] (Symfony\\Component\\ErrorHandler\\Error\\FatalError(code: 0): syntax error, unexpected token \"}\", expecting variable at /Applications/XAMPP/xamppfiles/htdocs/auth/app/Models/Category.php:11)
[stacktrace]
#0 {main}
"} 
[2026-02-02 15:52:23] local.ERROR: syntax error, unexpected token "}", expecting variable {"exception":"[object] (Symfony\\Component\\ErrorHandler\\Error\\FatalError(code: 0): syntax error, unexpected token \"}\", expecting variable at /Applications/XAMPP/xamppfiles/htdocs/auth/app/Models/Category.php:11)
[stacktrace]
#0 {main}
"} 
[2026-02-02 15:53:23] local.ERROR: syntax error, unexpected token "}", expecting variable {"exception":"[object] (Symfony\\Component\\ErrorHandler\\Error\\FatalError(code: 0): syntax error, unexpected token \"}\", expecting variable at /Applications/XAMPP/xamppfiles/htdocs/auth/app/Models/Category.php:11)
[stacktrace]
#0 {main}
"} 
[2026-02-02 15:54:23] local.ERROR: syntax error, unexpected token "}", expecting variable {"exception":"[object] (Symfony\\Component\\ErrorHandler\\Error\\FatalError(code: 0): syntax error, unexpected token \"}\", expecting variable at /Applications/XAMPP/xamppfiles/htdocs/auth/app/Models/Category.php:11)
[stacktrace]
#0 {main}
"} 
[2026-02-02 15:55:23] local.ERROR: syntax error, unexpected token "}", expecting variable {"exception":"[object] (Symfony\\Component\\ErrorHandler\\Error\\FatalError(code: 0): syntax error, unexpected token \"}\", expecting variable at /Applications/XAMPP/xamppfiles/htdocs/auth/app/Models/Category.php:11)
[stacktrace]
#0 {main}
"} 
[2026-02-02 15:56:23] local.ERROR: syntax error, unexpected token "}", expecting variable {"exception":"[object] (Symfony\\Component\\ErrorHandler\\Error\\FatalError(code: 0): syntax error, unexpected token \"}\", expecting variable at /Applications/XAMPP/xamppfiles/htdocs/auth/app/Models/Category.php:11)
[stacktrace]
#0 {main}
"} 
[2026-02-02 15:57:23] local.ERROR: syntax error, unexpected token "}", expecting variable {"exception":"[object] (Symfony\\Component\\ErrorHandler\\Error\\FatalError(code: 0): syntax error, unexpected token \"}\", expecting variable at /Applications/XAMPP/xamppfiles/htdocs/auth/app/Models/Category.php:11)
[stacktrace]
#0 {main}
"} 
[2026-02-02 15:58:23] local.ERROR: syntax error, unexpected token "}", expecting variable {"exception":"[object] (Symfony\\Component\\ErrorHandler\\Error\\FatalError(code: 0): syntax error, unexpected token \"}\", expecting variable at /Applications/XAMPP/xamppfiles/htdocs/auth/app/Models/Category.php:11)
[stacktrace]
#0 {main}
"} 
[2026-02-02 18:55:15] local.ERROR: syntax error, unexpected token "}", expecting variable {"exception":"[object] (Symfony\\Component\\ErrorHandler\\Error\\FatalError(code: 0): syntax error, unexpected token \"}\", expecting variable at /Applications/XAMPP/xamppfiles/htdocs/auth/app/Models/Category.php:11)
[stacktrace]
#0 {main}
"} 
[2026-02-02 18:56:14] local.ERROR: syntax error, unexpected token "}", expecting variable {"exception":"[object] (Symfony\\Component\\ErrorHandler\\Error\\FatalError(code: 0): syntax error, unexpected token \"}\", expecting variable at /Applications/XAMPP/xamppfiles/htdocs/auth/app/Models/Category.php:11)
[stacktrace]
#0 {main}
"} 
[2026-02-02 19:47:55] local.ERROR: syntax error, unexpected token "}", expecting variable {"exception":"[object] (Symfony\\Component\\ErrorHandler\\Error\\FatalError(code: 0): syntax error, unexpected token \"}\", expecting variable at /Applications/XAMPP/xamppfiles/htdocs/auth/app/Models/Category.php:11)
[stacktrace]
#0 {main}
"} 
[2026-02-02 19:48:55] local.ERROR: syntax error, unexpected token "}", expecting variable {"exception":"[object] (Symfony\\Component\\ErrorHandler\\Error\\FatalError(code: 0): syntax error, unexpected token \"}\", expecting variable at /Applications/XAMPP/xamppfiles/htdocs/auth/app/Models/Category.php:11)
[stacktrace]
#0 {main}
"} 
[2026-02-02 19:49:55] local.ERROR: syntax error, unexpected token "}", expecting variable {"exception":"[object] (Symfony\\Component\\ErrorHandler\\Error\\FatalError(code: 0): syntax error, unexpected token \"}\", expecting variable at /Applications/XAMPP/xamppfiles/htdocs/auth/app/Models/Category.php:11)
[stacktrace]
#0 {main}
"} 
[2026-02-02 19:50:55] local.ERROR: syntax error, unexpected token "}", expecting variable {"exception":"[object] (Symfony\\Component\\ErrorHandler\\Error\\FatalError(code: 0): syntax error, unexpected token \"}\", expecting variable at /Applications/XAMPP/xamppfiles/htdocs/auth/app/Models/Category.php:11)
[stacktrace]
#0 {main}
"} 
[2026-02-02 21:01:01] local.ERROR: syntax error, unexpected token "}", expecting variable {"exception":"[object] (Symfony\\Component\\ErrorHandler\\Error\\FatalError(code: 0): syntax error, unexpected token \"}\", expecting variable at /Applications/XAMPP/xamppfiles/htdocs/auth/app/Models/Category.php:11)
[stacktrace]
#0 {main}
"} 
[2026-02-02 21:02:00] local.ERROR: syntax error, unexpected token "}", expecting variable {"exception":"[object] (Symfony\\Component\\ErrorHandler\\Error\\FatalError(code: 0): syntax error, unexpected token \"}\", expecting variable at /Applications/XAMPP/xamppfiles/htdocs/auth/app/Models/Category.php:11)
[stacktrace]
#0 {main}
"} 
[2026-02-02 21:03:00] local.ERROR: syntax error, unexpected token "}", expecting variable {"exception":"[object] (Symfony\\Component\\ErrorHandler\\Error\\FatalError(code: 0): syntax error, unexpected token \"}\", expecting variable at /Applications/XAMPP/xamppfiles/htdocs/auth/app/Models/Category.php:11)
[stacktrace]
#0 {main}
"} 
[2026-02-02 21:04:00] local.ERROR: syntax error, unexpected token "}", expecting variable {"exception":"[object] (Symfony\\Component\\ErrorHandler\\Error\\FatalError(code: 0): syntax error, unexpected token \"}\", expecting variable at /Applications/XAMPP/xamppfiles/htdocs/auth/app/Models/Category.php:11)
[stacktrace]
#0 {main}
"} 
[2026-02-02 21:05:00] local.ERROR: syntax error, unexpected token "}", expecting variable {"exception":"[object] (Symfony\\Component\\ErrorHandler\\Error\\FatalError(code: 0): syntax error, unexpected token \"}\", expecting variable at /Applications/XAMPP/xamppfiles/htdocs/auth/app/Models/Category.php:11)
[stacktrace]
#0 {main}
"} 
[2026-02-02 21:06:00] local.ERROR: syntax error, unexpected token "}", expecting variable {"exception":"[object] (Symfony\\Component\\ErrorHandler\\Error\\FatalError(code: 0): syntax error, unexpected token \"}\", expecting variable at /Applications/XAMPP/xamppfiles/htdocs/auth/app/Models/Category.php:11)
[stacktrace]
#0 {main}
"} 
[2026-02-02 21:07:00] local.ERROR: syntax error, unexpected token "}", expecting variable {"exception":"[object] (Symfony\\Component\\ErrorHandler\\Error\\FatalError(code: 0): syntax error, unexpected token \"}\", expecting variable at /Applications/XAMPP/xamppfiles/htdocs/auth/app/Models/Category.php:11)
[stacktrace]
#0 {main}
"} 
[2026-02-02 21:08:00] local.ERROR: syntax error, unexpected token "}", expecting variable {"exception":"[object] (Symfony\\Component\\ErrorHandler\\Error\\FatalError(code: 0): syntax error, unexpected token \"}\", expecting variable at /Applications/XAMPP/xamppfiles/htdocs/auth/app/Models/Category.php:11)
[stacktrace]
#0 {main}
"} 
[2026-02-02 21:09:00] local.ERROR: syntax error, unexpected token "}", expecting variable {"exception":"[object] (Symfony\\Component\\ErrorHandler\\Error\\FatalError(code: 0): syntax error, unexpected token \"}\", expecting variable at /Applications/XAMPP/xamppfiles/htdocs/auth/app/Models/Category.php:11)
[stacktrace]
#0 {main}
"} 
[2026-02-02 21:10:00] local.ERROR: syntax error, unexpected token "}", expecting variable {"exception":"[object] (Symfony\\Component\\ErrorHandler\\Error\\FatalError(code: 0): syntax error, unexpected token \"}\", expecting variable at /Applications/XAMPP/xamppfiles/htdocs/auth/app/Models/Category.php:11)
[stacktrace]
#0 {main}
"} 
[2026-02-02 21:11:00] local.ERROR: syntax error, unexpected token "}", expecting variable {"exception":"[object] (Symfony\\Component\\ErrorHandler\\Error\\FatalError(code: 0): syntax error, unexpected token \"}\", expecting variable at /Applications/XAMPP/xamppfiles/htdocs/auth/app/Models/Category.php:11)
[stacktrace]
#0 {main}
"} 
[2026-02-02 21:12:00] local.ERROR: syntax error, unexpected token "}", expecting variable {"exception":"[object] (Symfony\\Component\\ErrorHandler\\Error\\FatalError(code: 0): syntax error, unexpected token \"}\", expecting variable at /Applications/XAMPP/xamppfiles/htdocs/auth/app/Models/Category.php:11)
[stacktrace]
#0 {main}
"} 
[2026-02-02 21:13:00] local.ERROR: syntax error, unexpected token "}", expecting variable {"exception":"[object] (Symfony\\Component\\ErrorHandler\\Error\\FatalError(code: 0): syntax error, unexpected token \"}\", expecting variable at /Applications/XAMPP/xamppfiles/htdocs/auth/app/Models/Category.php:11)
[stacktrace]
#0 {main}
"} 
[2026-02-02 21:14:00] local.ERROR: syntax error, unexpected token "}", expecting variable {"exception":"[object] (Symfony\\Component\\ErrorHandler\\Error\\FatalError(code: 0): syntax error, unexpected token \"}\", expecting variable at /Applications/XAMPP/xamppfiles/htdocs/auth/app/Models/Category.php:11)
[stacktrace]
#0 {main}
"} 
[2026-02-02 21:15:00] local.ERROR: syntax error, unexpected token "}", expecting variable {"exception":"[object] (Symfony\\Component\\ErrorHandler\\Error\\FatalError(code: 0): syntax error, unexpected token \"}\", expecting variable at /Applications/XAMPP/xamppfiles/htdocs/auth/app/Models/Category.php:11)
[stacktrace]
#0 {main}
"} 
[2026-02-02 21:16:00] local.ERROR: syntax error, unexpected token "}", expecting variable {"exception":"[object] (Symfony\\Component\\ErrorHandler\\Error\\FatalError(code: 0): syntax error, unexpected token \"}\", expecting variable at /Applications/XAMPP/xamppfiles/htdocs/auth/app/Models/Category.php:11)
[stacktrace]
#0 {main}
"} 
[2026-02-02 21:17:00] local.ERROR: syntax error, unexpected token "}", expecting variable {"exception":"[object] (Symfony\\Component\\ErrorHandler\\Error\\FatalError(code: 0): syntax error, unexpected token \"}\", expecting variable at /Applications/XAMPP/xamppfiles/htdocs/auth/app/Models/Category.php:11)
[stacktrace]
#0 {main}
"} 
[2026-02-02 21:18:00] local.ERROR: syntax error, unexpected token "}", expecting variable {"exception":"[object] (Symfony\\Component\\ErrorHandler\\Error\\FatalError(code: 0): syntax error, unexpected token \"}\", expecting variable at /Applications/XAMPP/xamppfiles/htdocs/auth/app/Models/Category.php:11)
[stacktrace]
#0 {main}
"} 
[2026-02-02 21:19:00] local.ERROR: syntax error, unexpected token "}", expecting variable {"exception":"[object] (Symfony\\Component\\ErrorHandler\\Error\\FatalError(code: 0): syntax error, unexpected token \"}\", expecting variable at /Applications/XAMPP/xamppfiles/htdocs/auth/app/Models/Category.php:11)
[stacktrace]
#0 {main}
"} 
[2026-02-02 21:20:00] local.ERROR: syntax error, unexpected token "}", expecting variable {"exception":"[object] (Symfony\\Component\\ErrorHandler\\Error\\FatalError(code: 0): syntax error, unexpected token \"}\", expecting variable at /Applications/XAMPP/xamppfiles/htdocs/auth/app/Models/Category.php:11)
[stacktrace]
#0 {main}
"} 
[2026-02-02 21:21:00] local.ERROR: syntax error, unexpected token "}", expecting variable {"exception":"[object] (Symfony\\Component\\ErrorHandler\\Error\\FatalError(code: 0): syntax error, unexpected token \"}\", expecting variable at /Applications/XAMPP/xamppfiles/htdocs/auth/app/Models/Category.php:11)
[stacktrace]
#0 {main}
"} 
[2026-02-02 21:22:00] local.ERROR: syntax error, unexpected token "}", expecting variable {"exception":"[object] (Symfony\\Component\\ErrorHandler\\Error\\FatalError(code: 0): syntax error, unexpected token \"}\", expecting variable at /Applications/XAMPP/xamppfiles/htdocs/auth/app/Models/Category.php:11)
[stacktrace]
#0 {main}
"} 
[2026-02-02 21:23:00] local.ERROR: syntax error, unexpected token "}", expecting variable {"exception":"[object] (Symfony\\Component\\ErrorHandler\\Error\\FatalError(code: 0): syntax error, unexpected token \"}\", expecting variable at /Applications/XAMPP/xamppfiles/htdocs/auth/app/Models/Category.php:11)
[stacktrace]
#0 {main}
"} 
[2026-02-02 21:24:00] local.ERROR: syntax error, unexpected token "}", expecting variable {"exception":"[object] (Symfony\\Component\\ErrorHandler\\Error\\FatalError(code: 0): syntax error, unexpected token \"}\", expecting variable at /Applications/XAMPP/xamppfiles/htdocs/auth/app/Models/Category.php:11)
[stacktrace]
#0 {main}
"} 
[2026-02-02 21:25:00] local.ERROR: syntax error, unexpected token "}", expecting variable {"exception":"[object] (Symfony\\Component\\ErrorHandler\\Error\\FatalError(code: 0): syntax error, unexpected token \"}\", expecting variable at /Applications/XAMPP/xamppfiles/htdocs/auth/app/Models/Category.php:11)
[stacktrace]
#0 {main}
"} 
[2026-02-02 21:26:00] local.ERROR: syntax error, unexpected token "}", expecting variable {"exception":"[object] (Symfony\\Component\\ErrorHandler\\Error\\FatalError(code: 0): syntax error, unexpected token \"}\", expecting variable at /Applications/XAMPP/xamppfiles/htdocs/auth/app/Models/Category.php:11)
[stacktrace]
#0 {main}
"} 
[2026-02-02 21:27:00] local.ERROR: syntax error, unexpected token "}", expecting variable {"exception":"[object] (Symfony\\Component\\ErrorHandler\\Error\\FatalError(code: 0): syntax error, unexpected token \"}\", expecting variable at /Applications/XAMPP/xamppfiles/htdocs/auth/app/Models/Category.php:11)
[stacktrace]
#0 {main}
"} 
[2026-02-02 21:28:00] local.ERROR: syntax error, unexpected token "}", expecting variable {"exception":"[object] (Symfony\\Component\\ErrorHandler\\Error\\FatalError(code: 0): syntax error, unexpected token \"}\", expecting variable at /Applications/XAMPP/xamppfiles/htdocs/auth/app/Models/Category.php:11)
[stacktrace]
#0 {main}
"} 
[2026-02-02 21:29:00] local.ERROR: syntax error, unexpected token "}", expecting variable {"exception":"[object] (Symfony\\Component\\ErrorHandler\\Error\\FatalError(code: 0): syntax error, unexpected token \"}\", expecting variable at /Applications/XAMPP/xamppfiles/htdocs/auth/app/Models/Category.php:11)
[stacktrace]
#0 {main}
"} 
[2026-02-02 21:30:00] local.ERROR: syntax error, unexpected token "}", expecting variable {"exception":"[object] (Symfony\\Component\\ErrorHandler\\Error\\FatalError(code: 0): syntax error, unexpected token \"}\", expecting variable at /Applications/XAMPP/xamppfiles/htdocs/auth/app/Models/Category.php:11)
[stacktrace]
#0 {main}
"} 
[2026-02-02 21:31:00] local.ERROR: syntax error, unexpected token "}", expecting variable {"exception":"[object] (Symfony\\Component\\ErrorHandler\\Error\\FatalError(code: 0): syntax error, unexpected token \"}\", expecting variable at /Applications/XAMPP/xamppfiles/htdocs/auth/app/Models/Category.php:11)
[stacktrace]
#0 {main}
"} 
[2026-02-02 21:32:00] local.ERROR: syntax error, unexpected token "}", expecting variable {"exception":"[object] (Symfony\\Component\\ErrorHandler\\Error\\FatalError(code: 0): syntax error, unexpected token \"}\", expecting variable at /Applications/XAMPP/xamppfiles/htdocs/auth/app/Models/Category.php:11)
[stacktrace]
#0 {main}
"} 
[2026-02-02 21:33:00] local.ERROR: syntax error, unexpected token "}", expecting variable {"exception":"[object] (Symfony\\Component\\ErrorHandler\\Error\\FatalError(code: 0): syntax error, unexpected token \"}\", expecting variable at /Applications/XAMPP/xamppfiles/htdocs/auth/app/Models/Category.php:11)
[stacktrace]
#0 {main}
"} 
[2026-02-02 21:34:00] local.ERROR: syntax error, unexpected token "}", expecting variable {"exception":"[object] (Symfony\\Component\\ErrorHandler\\Error\\FatalError(code: 0): syntax error, unexpected token \"}\", expecting variable at /Applications/XAMPP/xamppfiles/htdocs/auth/app/Models/Category.php:11)
[stacktrace]
#0 {main}
"} 
[2026-02-02 21:35:00] local.ERROR: syntax error, unexpected token "}", expecting variable {"exception":"[object] (Symfony\\Component\\ErrorHandler\\Error\\FatalError(code: 0): syntax error, unexpected token \"}\", expecting variable at /Applications/XAMPP/xamppfiles/htdocs/auth/app/Models/Category.php:11)
[stacktrace]
#0 {main}
"} 
[2026-02-02 21:36:00] local.ERROR: syntax error, unexpected token "}", expecting variable {"exception":"[object] (Symfony\\Component\\ErrorHandler\\Error\\FatalError(code: 0): syntax error, unexpected token \"}\", expecting variable at /Applications/XAMPP/xamppfiles/htdocs/auth/app/Models/Category.php:11)
[stacktrace]
#0 {main}
"} 
[2026-02-02 21:37:00] local.ERROR: syntax error, unexpected token "}", expecting variable {"exception":"[object] (Symfony\\Component\\ErrorHandler\\Error\\FatalError(code: 0): syntax error, unexpected token \"}\", expecting variable at /Applications/XAMPP/xamppfiles/htdocs/auth/app/Models/Category.php:11)
[stacktrace]
#0 {main}
"} 
[2026-02-02 21:38:00] local.ERROR: syntax error, unexpected token "}", expecting variable {"exception":"[object] (Symfony\\Component\\ErrorHandler\\Error\\FatalError(code: 0): syntax error, unexpected token \"}\", expecting variable at /Applications/XAMPP/xamppfiles/htdocs/auth/app/Models/Category.php:11)
[stacktrace]
#0 {main}
"} 
[2026-02-02 21:39:00] local.ERROR: syntax error, unexpected token "}", expecting variable {"exception":"[object] (Symfony\\Component\\ErrorHandler\\Error\\FatalError(code: 0): syntax error, unexpected token \"}\", expecting variable at /Applications/XAMPP/xamppfiles/htdocs/auth/app/Models/Category.php:11)
[stacktrace]
#0 {main}
"} 
[2026-02-02 21:40:00] local.ERROR: syntax error, unexpected token "}", expecting variable {"exception":"[object] (Symfony\\Component\\ErrorHandler\\Error\\FatalError(code: 0): syntax error, unexpected token \"}\", expecting variable at /Applications/XAMPP/xamppfiles/htdocs/auth/app/Models/Category.php:11)
[stacktrace]
#0 {main}
"} 
[2026-02-02 21:41:00] local.ERROR: syntax error, unexpected token "}", expecting variable {"exception":"[object] (Symfony\\Component\\ErrorHandler\\Error\\FatalError(code: 0): syntax error, unexpected token \"}\", expecting variable at /Applications/XAMPP/xamppfiles/htdocs/auth/app/Models/Category.php:11)
[stacktrace]
#0 {main}
"} 
[2026-02-02 21:42:00] local.ERROR: syntax error, unexpected token "}", expecting variable {"exception":"[object] (Symfony\\Component\\ErrorHandler\\Error\\FatalError(code: 0): syntax error, unexpected token \"}\", expecting variable at /Applications/XAMPP/xamppfiles/htdocs/auth/app/Models/Category.php:11)
[stacktrace]
#0 {main}
"} 
[2026-02-02 21:43:00] local.ERROR: syntax error, unexpected token "}", expecting variable {"exception":"[object] (Symfony\\Component\\ErrorHandler\\Error\\FatalError(code: 0): syntax error, unexpected token \"}\", expecting variable at /Applications/XAMPP/xamppfiles/htdocs/auth/app/Models/Category.php:11)
[stacktrace]
#0 {main}
"} 
[2026-02-02 21:44:01] local.ERROR: syntax error, unexpected token "}", expecting variable {"exception":"[object] (Symfony\\Component\\ErrorHandler\\Error\\FatalError(code: 0): syntax error, unexpected token \"}\", expecting variable at /Applications/XAMPP/xamppfiles/htdocs/auth/app/Models/Category.php:11)
[stacktrace]
#0 {main}
"} 
[2026-02-02 21:45:00] local.ERROR: syntax error, unexpected token "}", expecting variable {"exception":"[object] (Symfony\\Component\\ErrorHandler\\Error\\FatalError(code: 0): syntax error, unexpected token \"}\", expecting variable at /Applications/XAMPP/xamppfiles/htdocs/auth/app/Models/Category.php:11)
[stacktrace]
#0 {main}
"} 
[2026-02-02 21:46:00] local.ERROR: syntax error, unexpected token "}", expecting variable {"exception":"[object] (Symfony\\Component\\ErrorHandler\\Error\\FatalError(code: 0): syntax error, unexpected token \"}\", expecting variable at /Applications/XAMPP/xamppfiles/htdocs/auth/app/Models/Category.php:11)
[stacktrace]
#0 {main}
"} 
[2026-02-02 21:47:00] local.ERROR: syntax error, unexpected token "}", expecting variable {"exception":"[object] (Symfony\\Component\\ErrorHandler\\Error\\FatalError(code: 0): syntax error, unexpected token \"}\", expecting variable at /Applications/XAMPP/xamppfiles/htdocs/auth/app/Models/Category.php:11)
[stacktrace]
#0 {main}
"} 
[2026-02-02 21:48:01] local.ERROR: syntax error, unexpected token "}", expecting variable {"exception":"[object] (Symfony\\Component\\ErrorHandler\\Error\\FatalError(code: 0): syntax error, unexpected token \"}\", expecting variable at /Applications/XAMPP/xamppfiles/htdocs/auth/app/Models/Category.php:11)
[stacktrace]
#0 {main}
"} 
[2026-02-02 21:49:00] local.ERROR: syntax error, unexpected token "}", expecting variable {"exception":"[object] (Symfony\\Component\\ErrorHandler\\Error\\FatalError(code: 0): syntax error, unexpected token \"}\", expecting variable at /Applications/XAMPP/xamppfiles/htdocs/auth/app/Models/Category.php:11)
[stacktrace]
#0 {main}
"} 
[2026-02-02 21:50:00] local.ERROR: syntax error, unexpected token "}", expecting variable {"exception":"[object] (Symfony\\Component\\ErrorHandler\\Error\\FatalError(code: 0): syntax error, unexpected token \"}\", expecting variable at /Applications/XAMPP/xamppfiles/htdocs/auth/app/Models/Category.php:11)
[stacktrace]
#0 {main}
"} 
[2026-02-02 21:51:00] local.ERROR: syntax error, unexpected token "}", expecting variable {"exception":"[object] (Symfony\\Component\\ErrorHandler\\Error\\FatalError(code: 0): syntax error, unexpected token \"}\", expecting variable at /Applications/XAMPP/xamppfiles/htdocs/auth/app/Models/Category.php:11)
[stacktrace]
#0 {main}
"} 
[2026-02-02 21:52:00] local.ERROR: syntax error, unexpected token "}", expecting variable {"exception":"[object] (Symfony\\Component\\ErrorHandler\\Error\\FatalError(code: 0): syntax error, unexpected token \"}\", expecting variable at /Applications/XAMPP/xamppfiles/htdocs/auth/app/Models/Category.php:11)
[stacktrace]
#0 {main}
"} 
[2026-02-02 21:53:01] local.ERROR: syntax error, unexpected token "}", expecting variable {"exception":"[object] (Symfony\\Component\\ErrorHandler\\Error\\FatalError(code: 0): syntax error, unexpected token \"}\", expecting variable at /Applications/XAMPP/xamppfiles/htdocs/auth/app/Models/Category.php:11)
[stacktrace]
#0 {main}
"} 
[2026-02-02 21:54:01] local.ERROR: syntax error, unexpected token "}", expecting variable {"exception":"[object] (Symfony\\Component\\ErrorHandler\\Error\\FatalError(code: 0): syntax error, unexpected token \"}\", expecting variable at /Applications/XAMPP/xamppfiles/htdocs/auth/app/Models/Category.php:11)
[stacktrace]
#0 {main}
"} 
[2026-02-02 21:55:01] local.ERROR: syntax error, unexpected token "}", expecting variable {"exception":"[object] (Symfony\\Component\\ErrorHandler\\Error\\FatalError(code: 0): syntax error, unexpected token \"}\", expecting variable at /Applications/XAMPP/xamppfiles/htdocs/auth/app/Models/Category.php:11)
[stacktrace]
#0 {main}
"} 
[2026-02-02 21:56:01] local.ERROR: syntax error, unexpected token "}", expecting variable {"exception":"[object] (Symfony\\Component\\ErrorHandler\\Error\\FatalError(code: 0): syntax error, unexpected token \"}\", expecting variable at /Applications/XAMPP/xamppfiles/htdocs/auth/app/Models/Category.php:11)
[stacktrace]
#0 {main}
"} 
[2026-02-02 21:57:00] local.ERROR: syntax error, unexpected token "}", expecting variable {"exception":"[object] (Symfony\\Component\\ErrorHandler\\Error\\FatalError(code: 0): syntax error, unexpected token \"}\", expecting variable at /Applications/XAMPP/xamppfiles/htdocs/auth/app/Models/Category.php:11)
[stacktrace]
#0 {main}
"} 
[2026-02-02 21:58:00] local.ERROR: syntax error, unexpected token "}", expecting variable {"exception":"[object] (Symfony\\Component\\ErrorHandler\\Error\\FatalError(code: 0): syntax error, unexpected token \"}\", expecting variable at /Applications/XAMPP/xamppfiles/htdocs/auth/app/Models/Category.php:11)
[stacktrace]
#0 {main}
"} 
[2026-02-02 21:59:00] local.ERROR: syntax error, unexpected token "}", expecting variable {"exception":"[object] (Symfony\\Component\\ErrorHandler\\Error\\FatalError(code: 0): syntax error, unexpected token \"}\", expecting variable at /Applications/XAMPP/xamppfiles/htdocs/auth/app/Models/Category.php:11)
[stacktrace]
#0 {main}
"} 
[2026-02-02 22:00:00] local.ERROR: syntax error, unexpected token "}", expecting variable {"exception":"[object] (Symfony\\Component\\ErrorHandler\\Error\\FatalError(code: 0): syntax error, unexpected token \"}\", expecting variable at /Applications/XAMPP/xamppfiles/htdocs/auth/app/Models/Category.php:11)
[stacktrace]
#0 {main}
"} 
[2026-02-02 22:01:00] local.ERROR: syntax error, unexpected token "}", expecting variable {"exception":"[object] (Symfony\\Component\\ErrorHandler\\Error\\FatalError(code: 0): syntax error, unexpected token \"}\", expecting variable at /Applications/XAMPP/xamppfiles/htdocs/auth/app/Models/Category.php:11)
[stacktrace]
#0 {main}
"} 
[2026-02-02 22:02:00] local.ERROR: syntax error, unexpected token "}", expecting variable {"exception":"[object] (Symfony\\Component\\ErrorHandler\\Error\\FatalError(code: 0): syntax error, unexpected token \"}\", expecting variable at /Applications/XAMPP/xamppfiles/htdocs/auth/app/Models/Category.php:11)
[stacktrace]
#0 {main}
"} 
[2026-02-02 22:03:00] local.ERROR: syntax error, unexpected token "}", expecting variable {"exception":"[object] (Symfony\\Component\\ErrorHandler\\Error\\FatalError(code: 0): syntax error, unexpected token \"}\", expecting variable at /Applications/XAMPP/xamppfiles/htdocs/auth/app/Models/Category.php:11)
[stacktrace]
#0 {main}
"} 
[2026-02-02 22:04:00] local.ERROR: syntax error, unexpected token "}", expecting variable {"exception":"[object] (Symfony\\Component\\ErrorHandler\\Error\\FatalError(code: 0): syntax error, unexpected token \"}\", expecting variable at /Applications/XAMPP/xamppfiles/htdocs/auth/app/Models/Category.php:11)
[stacktrace]
#0 {main}
"} 
[2026-02-02 22:05:00] local.ERROR: syntax error, unexpected token "}", expecting variable {"exception":"[object] (Symfony\\Component\\ErrorHandler\\Error\\FatalError(code: 0): syntax error, unexpected token \"}\", expecting variable at /Applications/XAMPP/xamppfiles/htdocs/auth/app/Models/Category.php:11)
[stacktrace]
#0 {main}
"} 
[2026-02-02 22:06:01] local.ERROR: syntax error, unexpected token "}", expecting variable {"exception":"[object] (Symfony\\Component\\ErrorHandler\\Error\\FatalError(code: 0): syntax error, unexpected token \"}\", expecting variable at /Applications/XAMPP/xamppfiles/htdocs/auth/app/Models/Category.php:11)
[stacktrace]
#0 {main}
"} 
[2026-02-02 22:07:00] local.ERROR: syntax error, unexpected token "}", expecting variable {"exception":"[object] (Symfony\\Component\\ErrorHandler\\Error\\FatalError(code: 0): syntax error, unexpected token \"}\", expecting variable at /Applications/XAMPP/xamppfiles/htdocs/auth/app/Models/Category.php:11)
[stacktrace]
#0 {main}
"} 
[2026-02-02 22:08:00] local.ERROR: syntax error, unexpected token "}", expecting variable {"exception":"[object] (Symfony\\Component\\ErrorHandler\\Error\\FatalError(code: 0): syntax error, unexpected token \"}\", expecting variable at /Applications/XAMPP/xamppfiles/htdocs/auth/app/Models/Category.php:11)
[stacktrace]
#0 {main}
"} 
[2026-02-02 22:09:00] local.ERROR: syntax error, unexpected token "}", expecting variable {"exception":"[object] (Symfony\\Component\\ErrorHandler\\Error\\FatalError(code: 0): syntax error, unexpected token \"}\", expecting variable at /Applications/XAMPP/xamppfiles/htdocs/auth/app/Models/Category.php:11)
[stacktrace]
#0 {main}
"} 
[2026-02-02 22:10:00] local.ERROR: syntax error, unexpected token "}", expecting variable {"exception":"[object] (Symfony\\Component\\ErrorHandler\\Error\\FatalError(code: 0): syntax error, unexpected token \"}\", expecting variable at /Applications/XAMPP/xamppfiles/htdocs/auth/app/Models/Category.php:11)
[stacktrace]
#0 {main}
"} 
[2026-02-02 22:11:00] local.ERROR: syntax error, unexpected token "}", expecting variable {"exception":"[object] (Symfony\\Component\\ErrorHandler\\Error\\FatalError(code: 0): syntax error, unexpected token \"}\", expecting variable at /Applications/XAMPP/xamppfiles/htdocs/auth/app/Models/Category.php:11)
[stacktrace]
#0 {main}
"} 
[2026-02-02 22:12:00] local.ERROR: syntax error, unexpected token "}", expecting variable {"exception":"[object] (Symfony\\Component\\ErrorHandler\\Error\\FatalError(code: 0): syntax error, unexpected token \"}\", expecting variable at /Applications/XAMPP/xamppfiles/htdocs/auth/app/Models/Category.php:11)
[stacktrace]
#0 {main}
"} 
[2026-02-02 22:13:00] local.ERROR: syntax error, unexpected token "}", expecting variable {"exception":"[object] (Symfony\\Component\\ErrorHandler\\Error\\FatalError(code: 0): syntax error, unexpected token \"}\", expecting variable at /Applications/XAMPP/xamppfiles/htdocs/auth/app/Models/Category.php:11)
[stacktrace]
#0 {main}
"} 
[2026-02-02 22:14:00] local.ERROR: syntax error, unexpected token "}", expecting variable {"exception":"[object] (Symfony\\Component\\ErrorHandler\\Error\\FatalError(code: 0): syntax error, unexpected token \"}\", expecting variable at /Applications/XAMPP/xamppfiles/htdocs/auth/app/Models/Category.php:11)
[stacktrace]
#0 {main}
"} 
[2026-02-02 22:15:00] local.ERROR: syntax error, unexpected token "}", expecting variable {"exception":"[object] (Symfony\\Component\\ErrorHandler\\Error\\FatalError(code: 0): syntax error, unexpected token \"}\", expecting variable at /Applications/XAMPP/xamppfiles/htdocs/auth/app/Models/Category.php:11)
[stacktrace]
#0 {main}
"} 
[2026-02-02 22:16:00] local.ERROR: syntax error, unexpected token "}", expecting variable {"exception":"[object] (Symfony\\Component\\ErrorHandler\\Error\\FatalError(code: 0): syntax error, unexpected token \"}\", expecting variable at /Applications/XAMPP/xamppfiles/htdocs/auth/app/Models/Category.php:11)
[stacktrace]
#0 {main}
"} 
[2026-02-02 22:17:00] local.ERROR: syntax error, unexpected token "}", expecting variable {"exception":"[object] (Symfony\\Component\\ErrorHandler\\Error\\FatalError(code: 0): syntax error, unexpected token \"}\", expecting variable at /Applications/XAMPP/xamppfiles/htdocs/auth/app/Models/Category.php:11)
[stacktrace]
#0 {main}
"} 
[2026-02-02 22:18:00] local.ERROR: syntax error, unexpected token "}", expecting variable {"exception":"[object] (Symfony\\Component\\ErrorHandler\\Error\\FatalError(code: 0): syntax error, unexpected token \"}\", expecting variable at /Applications/XAMPP/xamppfiles/htdocs/auth/app/Models/Category.php:11)
[stacktrace]
#0 {main}
"} 
[2026-02-02 22:19:00] local.ERROR: syntax error, unexpected token "}", expecting variable {"exception":"[object] (Symfony\\Component\\ErrorHandler\\Error\\FatalError(code: 0): syntax error, unexpected token \"}\", expecting variable at /Applications/XAMPP/xamppfiles/htdocs/auth/app/Models/Category.php:11)
[stacktrace]
#0 {main}
"} 
[2026-02-02 22:20:00] local.ERROR: syntax error, unexpected token "}", expecting variable {"exception":"[object] (Symfony\\Component\\ErrorHandler\\Error\\FatalError(code: 0): syntax error, unexpected token \"}\", expecting variable at /Applications/XAMPP/xamppfiles/htdocs/auth/app/Models/Category.php:11)
[stacktrace]
#0 {main}
"} 
[2026-02-02 22:21:00] local.ERROR: syntax error, unexpected token "}", expecting variable {"exception":"[object] (Symfony\\Component\\ErrorHandler\\Error\\FatalError(code: 0): syntax error, unexpected token \"}\", expecting variable at /Applications/XAMPP/xamppfiles/htdocs/auth/app/Models/Category.php:11)
[stacktrace]
#0 {main}
"} 
[2026-02-02 22:22:00] local.ERROR: syntax error, unexpected token "}", expecting variable {"exception":"[object] (Symfony\\Component\\ErrorHandler\\Error\\FatalError(code: 0): syntax error, unexpected token \"}\", expecting variable at /Applications/XAMPP/xamppfiles/htdocs/auth/app/Models/Category.php:11)
[stacktrace]
#0 {main}
"} 
[2026-02-02 22:23:00] local.ERROR: syntax error, unexpected token "}", expecting variable {"exception":"[object] (Symfony\\Component\\ErrorHandler\\Error\\FatalError(code: 0): syntax error, unexpected token \"}\", expecting variable at /Applications/XAMPP/xamppfiles/htdocs/auth/app/Models/Category.php:11)
[stacktrace]
#0 {main}
"} 
[2026-02-02 22:24:00] local.ERROR: syntax error, unexpected token "}", expecting variable {"exception":"[object] (Symfony\\Component\\ErrorHandler\\Error\\FatalError(code: 0): syntax error, unexpected token \"}\", expecting variable at /Applications/XAMPP/xamppfiles/htdocs/auth/app/Models/Category.php:11)
[stacktrace]
#0 {main}
"} 
[2026-02-02 22:25:00] local.ERROR: syntax error, unexpected token "}", expecting variable {"exception":"[object] (Symfony\\Component\\ErrorHandler\\Error\\FatalError(code: 0): syntax error, unexpected token \"}\", expecting variable at /Applications/XAMPP/xamppfiles/htdocs/auth/app/Models/Category.php:11)
[stacktrace]
#0 {main}
"} 
[2026-02-02 22:26:00] local.ERROR: syntax error, unexpected token "}", expecting variable {"exception":"[object] (Symfony\\Component\\ErrorHandler\\Error\\FatalError(code: 0): syntax error, unexpected token \"}\", expecting variable at /Applications/XAMPP/xamppfiles/htdocs/auth/app/Models/Category.php:11)
[stacktrace]
#0 {main}
"} 
[2026-02-02 22:27:00] local.ERROR: syntax error, unexpected token "}", expecting variable {"exception":"[object] (Symfony\\Component\\ErrorHandler\\Error\\FatalError(code: 0): syntax error, unexpected token \"}\", expecting variable at /Applications/XAMPP/xamppfiles/htdocs/auth/app/Models/Category.php:11)
[stacktrace]
#0 {main}
"} 
[2026-02-02 22:28:00] local.ERROR: syntax error, unexpected token "}", expecting variable {"exception":"[object] (Symfony\\Component\\ErrorHandler\\Error\\FatalError(code: 0): syntax error, unexpected token \"}\", expecting variable at /Applications/XAMPP/xamppfiles/htdocs/auth/app/Models/Category.php:11)
[stacktrace]
#0 {main}
"} 
[2026-02-02 22:59:35] local.ERROR: syntax error, unexpected token "}", expecting variable {"exception":"[object] (Symfony\\Component\\ErrorHandler\\Error\\FatalError(code: 0): syntax error, unexpected token \"}\", expecting variable at /Applications/XAMPP/xamppfiles/htdocs/auth/app/Models/Category.php:11)
[stacktrace]
#0 {main}
"} 
[2026-02-02 23:00:33] local.ERROR: syntax error, unexpected token "}", expecting variable {"exception":"[object] (Symfony\\Component\\ErrorHandler\\Error\\FatalError(code: 0): syntax error, unexpected token \"}\", expecting variable at /Applications/XAMPP/xamppfiles/htdocs/auth/app/Models/Category.php:11)
[stacktrace]
#0 {main}
"} 
[2026-02-02 23:01:34] local.ERROR: syntax error, unexpected token "}", expecting variable {"exception":"[object] (Symfony\\Component\\ErrorHandler\\Error\\FatalError(code: 0): syntax error, unexpected token \"}\", expecting variable at /Applications/XAMPP/xamppfiles/htdocs/auth/app/Models/Category.php:11)
[stacktrace]
#0 {main}
"} 
[2026-02-02 23:02:33] local.ERROR: syntax error, unexpected token "}", expecting variable {"exception":"[object] (Symfony\\Component\\ErrorHandler\\Error\\FatalError(code: 0): syntax error, unexpected token \"}\", expecting variable at /Applications/XAMPP/xamppfiles/htdocs/auth/app/Models/Category.php:11)
[stacktrace]
#0 {main}
"} 
[2026-02-02 23:03:33] local.ERROR: syntax error, unexpected token "}", expecting variable {"exception":"[object] (Symfony\\Component\\ErrorHandler\\Error\\FatalError(code: 0): syntax error, unexpected token \"}\", expecting variable at /Applications/XAMPP/xamppfiles/htdocs/auth/app/Models/Category.php:11)
[stacktrace]
#0 {main}
"} 
[2026-02-02 23:04:34] local.ERROR: syntax error, unexpected token "}", expecting variable {"exception":"[object] (Symfony\\Component\\ErrorHandler\\Error\\FatalError(code: 0): syntax error, unexpected token \"}\", expecting variable at /Applications/XAMPP/xamppfiles/htdocs/auth/app/Models/Category.php:11)
[stacktrace]
#0 {main}
"} 
[2026-02-02 23:05:33] local.ERROR: syntax error, unexpected token "}", expecting variable {"exception":"[object] (Symfony\\Component\\ErrorHandler\\Error\\FatalError(code: 0): syntax error, unexpected token \"}\", expecting variable at /Applications/XAMPP/xamppfiles/htdocs/auth/app/Models/Category.php:11)
[stacktrace]
#0 {main}
"} 
[2026-02-02 23:06:34] local.ERROR: syntax error, unexpected token "}", expecting variable {"exception":"[object] (Symfony\\Component\\ErrorHandler\\Error\\FatalError(code: 0): syntax error, unexpected token \"}\", expecting variable at /Applications/XAMPP/xamppfiles/htdocs/auth/app/Models/Category.php:11)
[stacktrace]
#0 {main}
"} 
[2026-02-02 23:07:34] local.ERROR: syntax error, unexpected token "}", expecting variable {"exception":"[object] (Symfony\\Component\\ErrorHandler\\Error\\FatalError(code: 0): syntax error, unexpected token \"}\", expecting variable at /Applications/XAMPP/xamppfiles/htdocs/auth/app/Models/Category.php:11)
[stacktrace]
#0 {main}
"} 
[2026-02-02 23:08:33] local.ERROR: syntax error, unexpected token "}", expecting variable {"exception":"[object] (Symfony\\Component\\ErrorHandler\\Error\\FatalError(code: 0): syntax error, unexpected token \"}\", expecting variable at /Applications/XAMPP/xamppfiles/htdocs/auth/app/Models/Category.php:11)
[stacktrace]
#0 {main}
"} 
[2026-02-02 23:09:33] local.ERROR: syntax error, unexpected token "}", expecting variable {"exception":"[object] (Symfony\\Component\\ErrorHandler\\Error\\FatalError(code: 0): syntax error, unexpected token \"}\", expecting variable at /Applications/XAMPP/xamppfiles/htdocs/auth/app/Models/Category.php:11)
[stacktrace]
#0 {main}
"} 
[2026-02-02 23:10:33] local.ERROR: syntax error, unexpected token "}", expecting variable {"exception":"[object] (Symfony\\Component\\ErrorHandler\\Error\\FatalError(code: 0): syntax error, unexpected token \"}\", expecting variable at /Applications/XAMPP/xamppfiles/htdocs/auth/app/Models/Category.php:11)
[stacktrace]
#0 {main}
"} 
[2026-02-02 23:11:33] local.ERROR: syntax error, unexpected token "}", expecting variable {"exception":"[object] (Symfony\\Component\\ErrorHandler\\Error\\FatalError(code: 0): syntax error, unexpected token \"}\", expecting variable at /Applications/XAMPP/xamppfiles/htdocs/auth/app/Models/Category.php:11)
[stacktrace]
#0 {main}
"} 
[2026-02-02 23:12:33] local.ERROR: syntax error, unexpected token "}", expecting variable {"exception":"[object] (Symfony\\Component\\ErrorHandler\\Error\\FatalError(code: 0): syntax error, unexpected token \"}\", expecting variable at /Applications/XAMPP/xamppfiles/htdocs/auth/app/Models/Category.php:11)
[stacktrace]
#0 {main}
"} 
[2026-02-02 23:13:33] local.ERROR: syntax error, unexpected token "}", expecting variable {"exception":"[object] (Symfony\\Component\\ErrorHandler\\Error\\FatalError(code: 0): syntax error, unexpected token \"}\", expecting variable at /Applications/XAMPP/xamppfiles/htdocs/auth/app/Models/Category.php:11)
[stacktrace]
#0 {main}
"} 
[2026-02-02 23:14:33] local.ERROR: syntax error, unexpected token "}", expecting variable {"exception":"[object] (Symfony\\Component\\ErrorHandler\\Error\\FatalError(code: 0): syntax error, unexpected token \"}\", expecting variable at /Applications/XAMPP/xamppfiles/htdocs/auth/app/Models/Category.php:11)
[stacktrace]
#0 {main}
"} 
[2026-02-02 23:15:33] local.ERROR: syntax error, unexpected token "}", expecting variable {"exception":"[object] (Symfony\\Component\\ErrorHandler\\Error\\FatalError(code: 0): syntax error, unexpected token \"}\", expecting variable at /Applications/XAMPP/xamppfiles/htdocs/auth/app/Models/Category.php:11)
[stacktrace]
#0 {main}
"} 
[2026-02-02 23:16:33] local.ERROR: syntax error, unexpected token "}", expecting variable {"exception":"[object] (Symfony\\Component\\ErrorHandler\\Error\\FatalError(code: 0): syntax error, unexpected token \"}\", expecting variable at /Applications/XAMPP/xamppfiles/htdocs/auth/app/Models/Category.php:11)
[stacktrace]
#0 {main}
"} 
[2026-02-02 23:17:33] local.ERROR: syntax error, unexpected token "}", expecting variable {"exception":"[object] (Symfony\\Component\\ErrorHandler\\Error\\FatalError(code: 0): syntax error, unexpected token \"}\", expecting variable at /Applications/XAMPP/xamppfiles/htdocs/auth/app/Models/Category.php:11)
[stacktrace]
#0 {main}
"} 
[2026-02-02 23:18:33] local.ERROR: syntax error, unexpected token "}", expecting variable {"exception":"[object] (Symfony\\Component\\ErrorHandler\\Error\\FatalError(code: 0): syntax error, unexpected token \"}\", expecting variable at /Applications/XAMPP/xamppfiles/htdocs/auth/app/Models/Category.php:11)
[stacktrace]
#0 {main}
"} 
[2026-02-02 23:19:34] local.ERROR: syntax error, unexpected token "}", expecting variable {"exception":"[object] (Symfony\\Component\\ErrorHandler\\Error\\FatalError(code: 0): syntax error, unexpected token \"}\", expecting variable at /Applications/XAMPP/xamppfiles/htdocs/auth/app/Models/Category.php:11)
[stacktrace]
#0 {main}
"} 
[2026-02-02 23:20:34] local.ERROR: syntax error, unexpected token "}", expecting variable {"exception":"[object] (Symfony\\Component\\ErrorHandler\\Error\\FatalError(code: 0): syntax error, unexpected token \"}\", expecting variable at /Applications/XAMPP/xamppfiles/htdocs/auth/app/Models/Category.php:11)
[stacktrace]
#0 {main}
"} 
[2026-02-02 23:21:33] local.ERROR: syntax error, unexpected token "}", expecting variable {"exception":"[object] (Symfony\\Component\\ErrorHandler\\Error\\FatalError(code: 0): syntax error, unexpected token \"}\", expecting variable at /Applications/XAMPP/xamppfiles/htdocs/auth/app/Models/Category.php:11)
[stacktrace]
#0 {main}
"} 
[2026-02-02 23:22:33] local.ERROR: syntax error, unexpected token "}", expecting variable {"exception":"[object] (Symfony\\Component\\ErrorHandler\\Error\\FatalError(code: 0): syntax error, unexpected token \"}\", expecting variable at /Applications/XAMPP/xamppfiles/htdocs/auth/app/Models/Category.php:11)
[stacktrace]
#0 {main}
"} 
[2026-02-02 23:23:33] local.ERROR: syntax error, unexpected token "}", expecting variable {"exception":"[object] (Symfony\\Component\\ErrorHandler\\Error\\FatalError(code: 0): syntax error, unexpected token \"}\", expecting variable at /Applications/XAMPP/xamppfiles/htdocs/auth/app/Models/Category.php:11)
[stacktrace]
#0 {main}
"} 
[2026-02-02 23:24:33] local.ERROR: syntax error, unexpected token "}", expecting variable {"exception":"[object] (Symfony\\Component\\ErrorHandler\\Error\\FatalError(code: 0): syntax error, unexpected token \"}\", expecting variable at /Applications/XAMPP/xamppfiles/htdocs/auth/app/Models/Category.php:11)
[stacktrace]
#0 {main}
"} 
[2026-02-02 23:25:33] local.ERROR: syntax error, unexpected token "}", expecting variable {"exception":"[object] (Symfony\\Component\\ErrorHandler\\Error\\FatalError(code: 0): syntax error, unexpected token \"}\", expecting variable at /Applications/XAMPP/xamppfiles/htdocs/auth/app/Models/Category.php:11)
[stacktrace]
#0 {main}
"} 
[2026-02-02 23:26:33] local.ERROR: syntax error, unexpected token "}", expecting variable {"exception":"[object] (Symfony\\Component\\ErrorHandler\\Error\\FatalError(code: 0): syntax error, unexpected token \"}\", expecting variable at /Applications/XAMPP/xamppfiles/htdocs/auth/app/Models/Category.php:11)
[stacktrace]
#0 {main}
"} 
[2026-02-02 23:27:33] local.ERROR: syntax error, unexpected token "}", expecting variable {"exception":"[object] (Symfony\\Component\\ErrorHandler\\Error\\FatalError(code: 0): syntax error, unexpected token \"}\", expecting variable at /Applications/XAMPP/xamppfiles/htdocs/auth/app/Models/Category.php:11)
[stacktrace]
#0 {main}
"} 
[2026-02-02 23:28:33] local.ERROR: syntax error, unexpected token "}", expecting variable {"exception":"[object] (Symfony\\Component\\ErrorHandler\\Error\\FatalError(code: 0): syntax error, unexpected token \"}\", expecting variable at /Applications/XAMPP/xamppfiles/htdocs/auth/app/Models/Category.php:11)
[stacktrace]
#0 {main}
"} 
[2026-02-02 23:29:33] local.ERROR: syntax error, unexpected token "}", expecting variable {"exception":"[object] (Symfony\\Component\\ErrorHandler\\Error\\FatalError(code: 0): syntax error, unexpected token \"}\", expecting variable at /Applications/XAMPP/xamppfiles/htdocs/auth/app/Models/Category.php:11)
[stacktrace]
#0 {main}
"} 
[2026-02-02 23:30:33] local.ERROR: syntax error, unexpected token "}", expecting variable {"exception":"[object] (Symfony\\Component\\ErrorHandler\\Error\\FatalError(code: 0): syntax error, unexpected token \"}\", expecting variable at /Applications/XAMPP/xamppfiles/htdocs/auth/app/Models/Category.php:11)
[stacktrace]
#0 {main}
"} 
[2026-02-02 23:31:33] local.ERROR: syntax error, unexpected token "}", expecting variable {"exception":"[object] (Symfony\\Component\\ErrorHandler\\Error\\FatalError(code: 0): syntax error, unexpected token \"}\", expecting variable at /Applications/XAMPP/xamppfiles/htdocs/auth/app/Models/Category.php:11)
[stacktrace]
#0 {main}
"} 
[2026-02-02 23:32:33] local.ERROR: syntax error, unexpected token "}", expecting variable {"exception":"[object] (Symfony\\Component\\ErrorHandler\\Error\\FatalError(code: 0): syntax error, unexpected token \"}\", expecting variable at /Applications/XAMPP/xamppfiles/htdocs/auth/app/Models/Category.php:11)
[stacktrace]
#0 {main}
"} 
[2026-02-02 23:33:33] local.ERROR: syntax error, unexpected token "}", expecting variable {"exception":"[object] (Symfony\\Component\\ErrorHandler\\Error\\FatalError(code: 0): syntax error, unexpected token \"}\", expecting variable at /Applications/XAMPP/xamppfiles/htdocs/auth/app/Models/Category.php:11)
[stacktrace]
#0 {main}
"} 
[2026-02-02 23:34:33] local.ERROR: syntax error, unexpected token "}", expecting variable {"exception":"[object] (Symfony\\Component\\ErrorHandler\\Error\\FatalError(code: 0): syntax error, unexpected token \"}\", expecting variable at /Applications/XAMPP/xamppfiles/htdocs/auth/app/Models/Category.php:11)
[stacktrace]
#0 {main}
"} 
[2026-02-02 23:35:33] local.ERROR: syntax error, unexpected token "}", expecting variable {"exception":"[object] (Symfony\\Component\\ErrorHandler\\Error\\FatalError(code: 0): syntax error, unexpected token \"}\", expecting variable at /Applications/XAMPP/xamppfiles/htdocs/auth/app/Models/Category.php:11)
[stacktrace]
#0 {main}
"} 
[2026-02-02 23:36:33] local.ERROR: syntax error, unexpected token "}", expecting variable {"exception":"[object] (Symfony\\Component\\ErrorHandler\\Error\\FatalError(code: 0): syntax error, unexpected token \"}\", expecting variable at /Applications/XAMPP/xamppfiles/htdocs/auth/app/Models/Category.php:11)
[stacktrace]
#0 {main}
"} 
[2026-02-02 23:37:33] local.ERROR: syntax error, unexpected token "}", expecting variable {"exception":"[object] (Symfony\\Component\\ErrorHandler\\Error\\FatalError(code: 0): syntax error, unexpected token \"}\", expecting variable at /Applications/XAMPP/xamppfiles/htdocs/auth/app/Models/Category.php:11)
[stacktrace]
#0 {main}
"} 
[2026-02-02 23:38:33] local.ERROR: syntax error, unexpected token "}", expecting variable {"exception":"[object] (Symfony\\Component\\ErrorHandler\\Error\\FatalError(code: 0): syntax error, unexpected token \"}\", expecting variable at /Applications/XAMPP/xamppfiles/htdocs/auth/app/Models/Category.php:11)
[stacktrace]
#0 {main}
"} 
[2026-02-02 23:39:33] local.ERROR: syntax error, unexpected token "}", expecting variable {"exception":"[object] (Symfony\\Component\\ErrorHandler\\Error\\FatalError(code: 0): syntax error, unexpected token \"}\", expecting variable at /Applications/XAMPP/xamppfiles/htdocs/auth/app/Models/Category.php:11)
[stacktrace]
#0 {main}
"} 
[2026-02-02 23:40:33] local.ERROR: syntax error, unexpected token "}", expecting variable {"exception":"[object] (Symfony\\Component\\ErrorHandler\\Error\\FatalError(code: 0): syntax error, unexpected token \"}\", expecting variable at /Applications/XAMPP/xamppfiles/htdocs/auth/app/Models/Category.php:11)
[stacktrace]
#0 {main}
"} 
[2026-02-02 23:41:33] local.ERROR: syntax error, unexpected token "}", expecting variable {"exception":"[object] (Symfony\\Component\\ErrorHandler\\Error\\FatalError(code: 0): syntax error, unexpected token \"}\", expecting variable at /Applications/XAMPP/xamppfiles/htdocs/auth/app/Models/Category.php:11)
[stacktrace]
#0 {main}
"} 
[2026-02-02 23:42:33] local.ERROR: syntax error, unexpected token "}", expecting variable {"exception":"[object] (Symfony\\Component\\ErrorHandler\\Error\\FatalError(code: 0): syntax error, unexpected token \"}\", expecting variable at /Applications/XAMPP/xamppfiles/htdocs/auth/app/Models/Category.php:11)
[stacktrace]
#0 {main}
"} 
[2026-02-02 23:43:33] local.ERROR: syntax error, unexpected token "}", expecting variable {"exception":"[object] (Symfony\\Component\\ErrorHandler\\Error\\FatalError(code: 0): syntax error, unexpected token \"}\", expecting variable at /Applications/XAMPP/xamppfiles/htdocs/auth/app/Models/Category.php:11)
[stacktrace]
#0 {main}
"} 
[2026-02-02 23:44:33] local.ERROR: syntax error, unexpected token "}", expecting variable {"exception":"[object] (Symfony\\Component\\ErrorHandler\\Error\\FatalError(code: 0): syntax error, unexpected token \"}\", expecting variable at /Applications/XAMPP/xamppfiles/htdocs/auth/app/Models/Category.php:11)
[stacktrace]
#0 {main}
"} 
[2026-02-02 23:45:33] local.ERROR: syntax error, unexpected token "}", expecting variable {"exception":"[object] (Symfony\\Component\\ErrorHandler\\Error\\FatalError(code: 0): syntax error, unexpected token \"}\", expecting variable at /Applications/XAMPP/xamppfiles/htdocs/auth/app/Models/Category.php:11)
[stacktrace]
#0 {main}
"} 
[2026-02-02 23:46:33] local.ERROR: syntax error, unexpected token "}", expecting variable {"exception":"[object] (Symfony\\Component\\ErrorHandler\\Error\\FatalError(code: 0): syntax error, unexpected token \"}\", expecting variable at /Applications/XAMPP/xamppfiles/htdocs/auth/app/Models/Category.php:11)
[stacktrace]
#0 {main}
"} 
[2026-02-02 23:47:33] local.ERROR: syntax error, unexpected token "}", expecting variable {"exception":"[object] (Symfony\\Component\\ErrorHandler\\Error\\FatalError(code: 0): syntax error, unexpected token \"}\", expecting variable at /Applications/XAMPP/xamppfiles/htdocs/auth/app/Models/Category.php:11)
[stacktrace]
#0 {main}
"} 
[2026-02-02 23:48:33] local.ERROR: syntax error, unexpected token "}", expecting variable {"exception":"[object] (Symfony\\Component\\ErrorHandler\\Error\\FatalError(code: 0): syntax error, unexpected token \"}\", expecting variable at /Applications/XAMPP/xamppfiles/htdocs/auth/app/Models/Category.php:11)
[stacktrace]
#0 {main}
"} 
[2026-02-02 23:49:33] local.ERROR: syntax error, unexpected token "}", expecting variable {"exception":"[object] (Symfony\\Component\\ErrorHandler\\Error\\FatalError(code: 0): syntax error, unexpected token \"}\", expecting variable at /Applications/XAMPP/xamppfiles/htdocs/auth/app/Models/Category.php:11)
[stacktrace]
#0 {main}
"} 
[2026-02-02 23:50:33] local.ERROR: syntax error, unexpected token "}", expecting variable {"exception":"[object] (Symfony\\Component\\ErrorHandler\\Error\\FatalError(code: 0): syntax error, unexpected token \"}\", expecting variable at /Applications/XAMPP/xamppfiles/htdocs/auth/app/Models/Category.php:11)
[stacktrace]
#0 {main}
"} 
[2026-02-02 23:51:33] local.ERROR: syntax error, unexpected token "}", expecting variable {"exception":"[object] (Symfony\\Component\\ErrorHandler\\Error\\FatalError(code: 0): syntax error, unexpected token \"}\", expecting variable at /Applications/XAMPP/xamppfiles/htdocs/auth/app/Models/Category.php:11)
[stacktrace]
#0 {main}
"} 
[2026-02-02 23:52:33] local.ERROR: syntax error, unexpected token "}", expecting variable {"exception":"[object] (Symfony\\Component\\ErrorHandler\\Error\\FatalError(code: 0): syntax error, unexpected token \"}\", expecting variable at /Applications/XAMPP/xamppfiles/htdocs/auth/app/Models/Category.php:11)
[stacktrace]
#0 {main}
"} 
[2026-02-02 23:53:33] local.ERROR: syntax error, unexpected token "}", expecting variable {"exception":"[object] (Symfony\\Component\\ErrorHandler\\Error\\FatalError(code: 0): syntax error, unexpected token \"}\", expecting variable at /Applications/XAMPP/xamppfiles/htdocs/auth/app/Models/Category.php:11)
[stacktrace]
#0 {main}
"} 
[2026-02-02 23:54:33] local.ERROR: syntax error, unexpected token "}", expecting variable {"exception":"[object] (Symfony\\Component\\ErrorHandler\\Error\\FatalError(code: 0): syntax error, unexpected token \"}\", expecting variable at /Applications/XAMPP/xamppfiles/htdocs/auth/app/Models/Category.php:11)
[stacktrace]
#0 {main}
"} 
[2026-02-02 23:55:33] local.ERROR: syntax error, unexpected token "}", expecting variable {"exception":"[object] (Symfony\\Component\\ErrorHandler\\Error\\FatalError(code: 0): syntax error, unexpected token \"}\", expecting variable at /Applications/XAMPP/xamppfiles/htdocs/auth/app/Models/Category.php:11)
[stacktrace]
#0 {main}
"} 
[2026-02-02 23:56:33] local.ERROR: syntax error, unexpected token "}", expecting variable {"exception":"[object] (Symfony\\Component\\ErrorHandler\\Error\\FatalError(code: 0): syntax error, unexpected token \"}\", expecting variable at /Applications/XAMPP/xamppfiles/htdocs/auth/app/Models/Category.php:11)
[stacktrace]
#0 {main}
"} 
[2026-02-02 23:57:33] local.ERROR: syntax error, unexpected token "}", expecting variable {"exception":"[object] (Symfony\\Component\\ErrorHandler\\Error\\FatalError(code: 0): syntax error, unexpected token \"}\", expecting variable at /Applications/XAMPP/xamppfiles/htdocs/auth/app/Models/Category.php:11)
[stacktrace]
#0 {main}
"} 
[2026-02-02 23:58:33] local.ERROR: syntax error, unexpected token "}", expecting variable {"exception":"[object] (Symfony\\Component\\ErrorHandler\\Error\\FatalError(code: 0): syntax error, unexpected token \"}\", expecting variable at /Applications/XAMPP/xamppfiles/htdocs/auth/app/Models/Category.php:11)
[stacktrace]
#0 {main}
"} 
[2026-02-02 23:59:33] local.ERROR: syntax error, unexpected token "}", expecting variable {"exception":"[object] (Symfony\\Component\\ErrorHandler\\Error\\FatalError(code: 0): syntax error, unexpected token \"}\", expecting variable at /Applications/XAMPP/xamppfiles/htdocs/auth/app/Models/Category.php:11)
[stacktrace]
#0 {main}
"} 
[2026-02-03 00:00:33] local.ERROR: syntax error, unexpected token "}", expecting variable {"exception":"[object] (Symfony\\Component\\ErrorHandler\\Error\\FatalError(code: 0): syntax error, unexpected token \"}\", expecting variable at /Applications/XAMPP/xamppfiles/htdocs/auth/app/Models/Category.php:11)
[stacktrace]
#0 {main}
"} 
[2026-02-03 00:01:33] local.ERROR: syntax error, unexpected token "}", expecting variable {"exception":"[object] (Symfony\\Component\\ErrorHandler\\Error\\FatalError(code: 0): syntax error, unexpected token \"}\", expecting variable at /Applications/XAMPP/xamppfiles/htdocs/auth/app/Models/Category.php:11)
[stacktrace]
#0 {main}
"} 
[2026-02-03 00:02:33] local.ERROR: syntax error, unexpected token "}", expecting variable {"exception":"[object] (Symfony\\Component\\ErrorHandler\\Error\\FatalError(code: 0): syntax error, unexpected token \"}\", expecting variable at /Applications/XAMPP/xamppfiles/htdocs/auth/app/Models/Category.php:11)
[stacktrace]
#0 {main}
"} 
[2026-02-03 00:03:33] local.ERROR: syntax error, unexpected token "}", expecting variable {"exception":"[object] (Symfony\\Component\\ErrorHandler\\Error\\FatalError(code: 0): syntax error, unexpected token \"}\", expecting variable at /Applications/XAMPP/xamppfiles/htdocs/auth/app/Models/Category.php:11)
[stacktrace]
#0 {main}
"} 
[2026-02-03 00:04:33] local.ERROR: syntax error, unexpected token "}", expecting variable {"exception":"[object] (Symfony\\Component\\ErrorHandler\\Error\\FatalError(code: 0): syntax error, unexpected token \"}\", expecting variable at /Applications/XAMPP/xamppfiles/htdocs/auth/app/Models/Category.php:11)
[stacktrace]
#0 {main}
"} 
[2026-02-03 00:05:33] local.ERROR: syntax error, unexpected token "}", expecting variable {"exception":"[object] (Symfony\\Component\\ErrorHandler\\Error\\FatalError(code: 0): syntax error, unexpected token \"}\", expecting variable at /Applications/XAMPP/xamppfiles/htdocs/auth/app/Models/Category.php:11)
[stacktrace]
#0 {main}
"} 
[2026-02-03 00:06:33] local.ERROR: syntax error, unexpected token "}", expecting variable {"exception":"[object] (Symfony\\Component\\ErrorHandler\\Error\\FatalError(code: 0): syntax error, unexpected token \"}\", expecting variable at /Applications/XAMPP/xamppfiles/htdocs/auth/app/Models/Category.php:11)
[stacktrace]
#0 {main}
"} 
[2026-02-03 00:07:33] local.ERROR: syntax error, unexpected token "}", expecting variable {"exception":"[object] (Symfony\\Component\\ErrorHandler\\Error\\FatalError(code: 0): syntax error, unexpected token \"}\", expecting variable at /Applications/XAMPP/xamppfiles/htdocs/auth/app/Models/Category.php:11)
[stacktrace]
#0 {main}
"} 
[2026-02-03 00:08:33] local.ERROR: syntax error, unexpected token "}", expecting variable {"exception":"[object] (Symfony\\Component\\ErrorHandler\\Error\\FatalError(code: 0): syntax error, unexpected token \"}\", expecting variable at /Applications/XAMPP/xamppfiles/htdocs/auth/app/Models/Category.php:11)
[stacktrace]
#0 {main}
"} 
[2026-02-03 00:09:33] local.ERROR: syntax error, unexpected token "}", expecting variable {"exception":"[object] (Symfony\\Component\\ErrorHandler\\Error\\FatalError(code: 0): syntax error, unexpected token \"}\", expecting variable at /Applications/XAMPP/xamppfiles/htdocs/auth/app/Models/Category.php:11)
[stacktrace]
#0 {main}
"} 
[2026-02-03 00:10:33] local.ERROR: syntax error, unexpected token "}", expecting variable {"exception":"[object] (Symfony\\Component\\ErrorHandler\\Error\\FatalError(code: 0): syntax error, unexpected token \"}\", expecting variable at /Applications/XAMPP/xamppfiles/htdocs/auth/app/Models/Category.php:11)
[stacktrace]
#0 {main}
"} 
[2026-02-03 00:11:33] local.ERROR: syntax error, unexpected token "}", expecting variable {"exception":"[object] (Symfony\\Component\\ErrorHandler\\Error\\FatalError(code: 0): syntax error, unexpected token \"}\", expecting variable at /Applications/XAMPP/xamppfiles/htdocs/auth/app/Models/Category.php:11)
[stacktrace]
#0 {main}
"} 
[2026-02-03 00:12:33] local.ERROR: syntax error, unexpected token "}", expecting variable {"exception":"[object] (Symfony\\Component\\ErrorHandler\\Error\\FatalError(code: 0): syntax error, unexpected token \"}\", expecting variable at /Applications/XAMPP/xamppfiles/htdocs/auth/app/Models/Category.php:11)
[stacktrace]
#0 {main}
"} 
[2026-02-03 00:13:33] local.ERROR: syntax error, unexpected token "}", expecting variable {"exception":"[object] (Symfony\\Component\\ErrorHandler\\Error\\FatalError(code: 0): syntax error, unexpected token \"}\", expecting variable at /Applications/XAMPP/xamppfiles/htdocs/auth/app/Models/Category.php:11)
[stacktrace]
#0 {main}
"} 
[2026-02-03 00:14:33] local.ERROR: syntax error, unexpected token "}", expecting variable {"exception":"[object] (Symfony\\Component\\ErrorHandler\\Error\\FatalError(code: 0): syntax error, unexpected token \"}\", expecting variable at /Applications/XAMPP/xamppfiles/htdocs/auth/app/Models/Category.php:11)
[stacktrace]
#0 {main}
"} 
[2026-02-03 00:15:33] local.ERROR: syntax error, unexpected token "}", expecting variable {"exception":"[object] (Symfony\\Component\\ErrorHandler\\Error\\FatalError(code: 0): syntax error, unexpected token \"}\", expecting variable at /Applications/XAMPP/xamppfiles/htdocs/auth/app/Models/Category.php:11)
[stacktrace]
#0 {main}
"} 
[2026-02-03 00:16:33] local.ERROR: syntax error, unexpected token "}", expecting variable {"exception":"[object] (Symfony\\Component\\ErrorHandler\\Error\\FatalError(code: 0): syntax error, unexpected token \"}\", expecting variable at /Applications/XAMPP/xamppfiles/htdocs/auth/app/Models/Category.php:11)
[stacktrace]
#0 {main}
"} 
[2026-02-03 00:17:33] local.ERROR: syntax error, unexpected token "}", expecting variable {"exception":"[object] (Symfony\\Component\\ErrorHandler\\Error\\FatalError(code: 0): syntax error, unexpected token \"}\", expecting variable at /Applications/XAMPP/xamppfiles/htdocs/auth/app/Models/Category.php:11)
[stacktrace]
#0 {main}
"} 
[2026-02-03 00:18:33] local.ERROR: syntax error, unexpected token "}", expecting variable {"exception":"[object] (Symfony\\Component\\ErrorHandler\\Error\\FatalError(code: 0): syntax error, unexpected token \"}\", expecting variable at /Applications/XAMPP/xamppfiles/htdocs/auth/app/Models/Category.php:11)
[stacktrace]
#0 {main}
"} 
[2026-02-03 00:19:33] local.ERROR: syntax error, unexpected token "}", expecting variable {"exception":"[object] (Symfony\\Component\\ErrorHandler\\Error\\FatalError(code: 0): syntax error, unexpected token \"}\", expecting variable at /Applications/XAMPP/xamppfiles/htdocs/auth/app/Models/Category.php:11)
[stacktrace]
#0 {main}
"} 
[2026-02-03 00:20:33] local.ERROR: syntax error, unexpected token "}", expecting variable {"exception":"[object] (Symfony\\Component\\ErrorHandler\\Error\\FatalError(code: 0): syntax error, unexpected token \"}\", expecting variable at /Applications/XAMPP/xamppfiles/htdocs/auth/app/Models/Category.php:11)
[stacktrace]
#0 {main}
"} 
[2026-02-03 00:21:33] local.ERROR: syntax error, unexpected token "}", expecting variable {"exception":"[object] (Symfony\\Component\\ErrorHandler\\Error\\FatalError(code: 0): syntax error, unexpected token \"}\", expecting variable at /Applications/XAMPP/xamppfiles/htdocs/auth/app/Models/Category.php:11)
[stacktrace]
#0 {main}
"} 
[2026-02-03 00:22:33] local.ERROR: syntax error, unexpected token "}", expecting variable {"exception":"[object] (Symfony\\Component\\ErrorHandler\\Error\\FatalError(code: 0): syntax error, unexpected token \"}\", expecting variable at /Applications/XAMPP/xamppfiles/htdocs/auth/app/Models/Category.php:11)
[stacktrace]
#0 {main}
"} 
[2026-02-03 00:23:33] local.ERROR: syntax error, unexpected token "}", expecting variable {"exception":"[object] (Symfony\\Component\\ErrorHandler\\Error\\FatalError(code: 0): syntax error, unexpected token \"}\", expecting variable at /Applications/XAMPP/xamppfiles/htdocs/auth/app/Models/Category.php:11)
[stacktrace]
#0 {main}
"} 
[2026-02-03 00:24:33] local.ERROR: syntax error, unexpected token "}", expecting variable {"exception":"[object] (Symfony\\Component\\ErrorHandler\\Error\\FatalError(code: 0): syntax error, unexpected token \"}\", expecting variable at /Applications/XAMPP/xamppfiles/htdocs/auth/app/Models/Category.php:11)
[stacktrace]
#0 {main}
"} 
[2026-02-03 00:25:33] local.ERROR: syntax error, unexpected token "}", expecting variable {"exception":"[object] (Symfony\\Component\\ErrorHandler\\Error\\FatalError(code: 0): syntax error, unexpected token \"}\", expecting variable at /Applications/XAMPP/xamppfiles/htdocs/auth/app/Models/Category.php:11)
[stacktrace]
#0 {main}
"} 
[2026-02-03 00:26:33] local.ERROR: syntax error, unexpected token "}", expecting variable {"exception":"[object] (Symfony\\Component\\ErrorHandler\\Error\\FatalError(code: 0): syntax error, unexpected token \"}\", expecting variable at /Applications/XAMPP/xamppfiles/htdocs/auth/app/Models/Category.php:11)
[stacktrace]
#0 {main}
"} 
[2026-02-03 00:27:33] local.ERROR: syntax error, unexpected token "}", expecting variable {"exception":"[object] (Symfony\\Component\\ErrorHandler\\Error\\FatalError(code: 0): syntax error, unexpected token \"}\", expecting variable at /Applications/XAMPP/xamppfiles/htdocs/auth/app/Models/Category.php:11)
[stacktrace]
#0 {main}
"} 
[2026-02-03 00:28:33] local.ERROR: syntax error, unexpected token "}", expecting variable {"exception":"[object] (Symfony\\Component\\ErrorHandler\\Error\\FatalError(code: 0): syntax error, unexpected token \"}\", expecting variable at /Applications/XAMPP/xamppfiles/htdocs/auth/app/Models/Category.php:11)
[stacktrace]
#0 {main}
"} 
[2026-02-03 00:29:33] local.ERROR: syntax error, unexpected token "}", expecting variable {"exception":"[object] (Symfony\\Component\\ErrorHandler\\Error\\FatalError(code: 0): syntax error, unexpected token \"}\", expecting variable at /Applications/XAMPP/xamppfiles/htdocs/auth/app/Models/Category.php:11)
[stacktrace]
#0 {main}
"} 
[2026-02-03 00:30:33] local.ERROR: syntax error, unexpected token "}", expecting variable {"exception":"[object] (Symfony\\Component\\ErrorHandler\\Error\\FatalError(code: 0): syntax error, unexpected token \"}\", expecting variable at /Applications/XAMPP/xamppfiles/htdocs/auth/app/Models/Category.php:11)
[stacktrace]
#0 {main}
"} 
[2026-02-03 00:31:33] local.ERROR: syntax error, unexpected token "}", expecting variable {"exception":"[object] (Symfony\\Component\\ErrorHandler\\Error\\FatalError(code: 0): syntax error, unexpected token \"}\", expecting variable at /Applications/XAMPP/xamppfiles/htdocs/auth/app/Models/Category.php:11)
[stacktrace]
#0 {main}
"} 
[2026-02-03 00:32:33] local.ERROR: syntax error, unexpected token "}", expecting variable {"exception":"[object] (Symfony\\Component\\ErrorHandler\\Error\\FatalError(code: 0): syntax error, unexpected token \"}\", expecting variable at /Applications/XAMPP/xamppfiles/htdocs/auth/app/Models/Category.php:11)
[stacktrace]
#0 {main}
"} 
[2026-02-03 00:33:33] local.ERROR: syntax error, unexpected token "}", expecting variable {"exception":"[object] (Symfony\\Component\\ErrorHandler\\Error\\FatalError(code: 0): syntax error, unexpected token \"}\", expecting variable at /Applications/XAMPP/xamppfiles/htdocs/auth/app/Models/Category.php:11)
[stacktrace]
#0 {main}
"} 
[2026-02-03 00:34:33] local.ERROR: syntax error, unexpected token "}", expecting variable {"exception":"[object] (Symfony\\Component\\ErrorHandler\\Error\\FatalError(code: 0): syntax error, unexpected token \"}\", expecting variable at /Applications/XAMPP/xamppfiles/htdocs/auth/app/Models/Category.php:11)
[stacktrace]
#0 {main}
"} 
[2026-02-03 00:35:33] local.ERROR: syntax error, unexpected token "}", expecting variable {"exception":"[object] (Symfony\\Component\\ErrorHandler\\Error\\FatalError(code: 0): syntax error, unexpected token \"}\", expecting variable at /Applications/XAMPP/xamppfiles/htdocs/auth/app/Models/Category.php:11)
[stacktrace]
#0 {main}
"} 
[2026-02-03 00:36:33] local.ERROR: syntax error, unexpected token "}", expecting variable {"exception":"[object] (Symfony\\Component\\ErrorHandler\\Error\\FatalError(code: 0): syntax error, unexpected token \"}\", expecting variable at /Applications/XAMPP/xamppfiles/htdocs/auth/app/Models/Category.php:11)
[stacktrace]
#0 {main}
"} 
[2026-02-03 00:37:33] local.ERROR: syntax error, unexpected token "}", expecting variable {"exception":"[object] (Symfony\\Component\\ErrorHandler\\Error\\FatalError(code: 0): syntax error, unexpected token \"}\", expecting variable at /Applications/XAMPP/xamppfiles/htdocs/auth/app/Models/Category.php:11)
[stacktrace]
#0 {main}
"} 
[2026-02-03 00:38:33] local.ERROR: syntax error, unexpected token "}", expecting variable {"exception":"[object] (Symfony\\Component\\ErrorHandler\\Error\\FatalError(code: 0): syntax error, unexpected token \"}\", expecting variable at /Applications/XAMPP/xamppfiles/htdocs/auth/app/Models/Category.php:11)
[stacktrace]
#0 {main}
"} 
[2026-02-03 00:39:33] local.ERROR: syntax error, unexpected token "}", expecting variable {"exception":"[object] (Symfony\\Component\\ErrorHandler\\Error\\FatalError(code: 0): syntax error, unexpected token \"}\", expecting variable at /Applications/XAMPP/xamppfiles/htdocs/auth/app/Models/Category.php:11)
[stacktrace]
#0 {main}
"} 
[2026-02-03 00:40:33] local.ERROR: syntax error, unexpected token "}", expecting variable {"exception":"[object] (Symfony\\Component\\ErrorHandler\\Error\\FatalError(code: 0): syntax error, unexpected token \"}\", expecting variable at /Applications/XAMPP/xamppfiles/htdocs/auth/app/Models/Category.php:11)
[stacktrace]
#0 {main}
"} 
[2026-02-03 00:41:33] local.ERROR: syntax error, unexpected token "}", expecting variable {"exception":"[object] (Symfony\\Component\\ErrorHandler\\Error\\FatalError(code: 0): syntax error, unexpected token \"}\", expecting variable at /Applications/XAMPP/xamppfiles/htdocs/auth/app/Models/Category.php:11)
[stacktrace]
#0 {main}
"} 
[2026-02-03 00:42:33] local.ERROR: syntax error, unexpected token "}", expecting variable {"exception":"[object] (Symfony\\Component\\ErrorHandler\\Error\\FatalError(code: 0): syntax error, unexpected token \"}\", expecting variable at /Applications/XAMPP/xamppfiles/htdocs/auth/app/Models/Category.php:11)
[stacktrace]
#0 {main}
"} 
[2026-02-03 00:43:33] local.ERROR: syntax error, unexpected token "}", expecting variable {"exception":"[object] (Symfony\\Component\\ErrorHandler\\Error\\FatalError(code: 0): syntax error, unexpected token \"}\", expecting variable at /Applications/XAMPP/xamppfiles/htdocs/auth/app/Models/Category.php:11)
[stacktrace]
#0 {main}
"} 
[2026-02-03 00:44:33] local.ERROR: syntax error, unexpected token "}", expecting variable {"exception":"[object] (Symfony\\Component\\ErrorHandler\\Error\\FatalError(code: 0): syntax error, unexpected token \"}\", expecting variable at /Applications/XAMPP/xamppfiles/htdocs/auth/app/Models/Category.php:11)
[stacktrace]
#0 {main}
"} 
[2026-02-03 00:45:33] local.ERROR: syntax error, unexpected token "}", expecting variable {"exception":"[object] (Symfony\\Component\\ErrorHandler\\Error\\FatalError(code: 0): syntax error, unexpected token \"}\", expecting variable at /Applications/XAMPP/xamppfiles/htdocs/auth/app/Models/Category.php:11)
[stacktrace]
#0 {main}
"} 
[2026-02-03 00:46:33] local.ERROR: syntax error, unexpected token "}", expecting variable {"exception":"[object] (Symfony\\Component\\ErrorHandler\\Error\\FatalError(code: 0): syntax error, unexpected token \"}\", expecting variable at /Applications/XAMPP/xamppfiles/htdocs/auth/app/Models/Category.php:11)
[stacktrace]
#0 {main}
"} 
[2026-02-03 00:47:33] local.ERROR: syntax error, unexpected token "}", expecting variable {"exception":"[object] (Symfony\\Component\\ErrorHandler\\Error\\FatalError(code: 0): syntax error, unexpected token \"}\", expecting variable at /Applications/XAMPP/xamppfiles/htdocs/auth/app/Models/Category.php:11)
[stacktrace]
#0 {main}
"} 
[2026-02-03 00:48:33] local.ERROR: syntax error, unexpected token "}", expecting variable {"exception":"[object] (Symfony\\Component\\ErrorHandler\\Error\\FatalError(code: 0): syntax error, unexpected token \"}\", expecting variable at /Applications/XAMPP/xamppfiles/htdocs/auth/app/Models/Category.php:11)
[stacktrace]
#0 {main}
"} 
[2026-02-03 00:49:33] local.ERROR: syntax error, unexpected token "}", expecting variable {"exception":"[object] (Symfony\\Component\\ErrorHandler\\Error\\FatalError(code: 0): syntax error, unexpected token \"}\", expecting variable at /Applications/XAMPP/xamppfiles/htdocs/auth/app/Models/Category.php:11)
[stacktrace]
#0 {main}
"} 
[2026-02-03 00:50:33] local.ERROR: syntax error, unexpected token "}", expecting variable {"exception":"[object] (Symfony\\Component\\ErrorHandler\\Error\\FatalError(code: 0): syntax error, unexpected token \"}\", expecting variable at /Applications/XAMPP/xamppfiles/htdocs/auth/app/Models/Category.php:11)
[stacktrace]
#0 {main}
"} 
[2026-02-03 00:51:33] local.ERROR: syntax error, unexpected token "}", expecting variable {"exception":"[object] (Symfony\\Component\\ErrorHandler\\Error\\FatalError(code: 0): syntax error, unexpected token \"}\", expecting variable at /Applications/XAMPP/xamppfiles/htdocs/auth/app/Models/Category.php:11)
[stacktrace]
#0 {main}
"} 
[2026-02-03 00:52:33] local.ERROR: syntax error, unexpected token "}", expecting variable {"exception":"[object] (Symfony\\Component\\ErrorHandler\\Error\\FatalError(code: 0): syntax error, unexpected token \"}\", expecting variable at /Applications/XAMPP/xamppfiles/htdocs/auth/app/Models/Category.php:11)
[stacktrace]
#0 {main}
"} 
[2026-02-03 00:53:34] local.ERROR: syntax error, unexpected token "}", expecting variable {"exception":"[object] (Symfony\\Component\\ErrorHandler\\Error\\FatalError(code: 0): syntax error, unexpected token \"}\", expecting variable at /Applications/XAMPP/xamppfiles/htdocs/auth/app/Models/Category.php:11)
[stacktrace]
#0 {main}
"} 
[2026-02-03 00:54:33] local.ERROR: syntax error, unexpected token "}", expecting variable {"exception":"[object] (Symfony\\Component\\ErrorHandler\\Error\\FatalError(code: 0): syntax error, unexpected token \"}\", expecting variable at /Applications/XAMPP/xamppfiles/htdocs/auth/app/Models/Category.php:11)
[stacktrace]
#0 {main}
"} 
[2026-02-03 00:55:33] local.ERROR: syntax error, unexpected token "}", expecting variable {"exception":"[object] (Symfony\\Component\\ErrorHandler\\Error\\FatalError(code: 0): syntax error, unexpected token \"}\", expecting variable at /Applications/XAMPP/xamppfiles/htdocs/auth/app/Models/Category.php:11)
[stacktrace]
#0 {main}
"} 
[2026-02-03 00:56:33] local.ERROR: syntax error, unexpected token "}", expecting variable {"exception":"[object] (Symfony\\Component\\ErrorHandler\\Error\\FatalError(code: 0): syntax error, unexpected token \"}\", expecting variable at /Applications/XAMPP/xamppfiles/htdocs/auth/app/Models/Category.php:11)
[stacktrace]
#0 {main}
"} 
[2026-02-03 00:57:33] local.ERROR: syntax error, unexpected token "}", expecting variable {"exception":"[object] (Symfony\\Component\\ErrorHandler\\Error\\FatalError(code: 0): syntax error, unexpected token \"}\", expecting variable at /Applications/XAMPP/xamppfiles/htdocs/auth/app/Models/Category.php:11)
[stacktrace]
#0 {main}
"} 
[2026-02-03 00:58:33] local.ERROR: syntax error, unexpected token "}", expecting variable {"exception":"[object] (Symfony\\Component\\ErrorHandler\\Error\\FatalError(code: 0): syntax error, unexpected token \"}\", expecting variable at /Applications/XAMPP/xamppfiles/htdocs/auth/app/Models/Category.php:11)
[stacktrace]
#0 {main}
"} 
[2026-02-03 00:59:33] local.ERROR: syntax error, unexpected token "}", expecting variable {"exception":"[object] (Symfony\\Component\\ErrorHandler\\Error\\FatalError(code: 0): syntax error, unexpected token \"}\", expecting variable at /Applications/XAMPP/xamppfiles/htdocs/auth/app/Models/Category.php:11)
[stacktrace]
#0 {main}
"} 
[2026-02-03 01:00:33] local.ERROR: syntax error, unexpected token "}", expecting variable {"exception":"[object] (Symfony\\Component\\ErrorHandler\\Error\\FatalError(code: 0): syntax error, unexpected token \"}\", expecting variable at /Applications/XAMPP/xamppfiles/htdocs/auth/app/Models/Category.php:11)
[stacktrace]
#0 {main}
"} 
[2026-02-03 01:01:33] local.ERROR: syntax error, unexpected token "}", expecting variable {"exception":"[object] (Symfony\\Component\\ErrorHandler\\Error\\FatalError(code: 0): syntax error, unexpected token \"}\", expecting variable at /Applications/XAMPP/xamppfiles/htdocs/auth/app/Models/Category.php:11)
[stacktrace]
#0 {main}
"} 
[2026-02-03 01:02:33] local.ERROR: syntax error, unexpected token "}", expecting variable {"exception":"[object] (Symfony\\Component\\ErrorHandler\\Error\\FatalError(code: 0): syntax error, unexpected token \"}\", expecting variable at /Applications/XAMPP/xamppfiles/htdocs/auth/app/Models/Category.php:11)
[stacktrace]
#0 {main}
"} 
[2026-02-03 01:03:33] local.ERROR: syntax error, unexpected token "}", expecting variable {"exception":"[object] (Symfony\\Component\\ErrorHandler\\Error\\FatalError(code: 0): syntax error, unexpected token \"}\", expecting variable at /Applications/XAMPP/xamppfiles/htdocs/auth/app/Models/Category.php:11)
[stacktrace]
#0 {main}
"} 
[2026-02-03 01:04:33] local.ERROR: syntax error, unexpected token "}", expecting variable {"exception":"[object] (Symfony\\Component\\ErrorHandler\\Error\\FatalError(code: 0): syntax error, unexpected token \"}\", expecting variable at /Applications/XAMPP/xamppfiles/htdocs/auth/app/Models/Category.php:11)
[stacktrace]
#0 {main}
"} 
[2026-02-03 01:05:33] local.ERROR: syntax error, unexpected token "}", expecting variable {"exception":"[object] (Symfony\\Component\\ErrorHandler\\Error\\FatalError(code: 0): syntax error, unexpected token \"}\", expecting variable at /Applications/XAMPP/xamppfiles/htdocs/auth/app/Models/Category.php:11)
[stacktrace]
#0 {main}
"} 
[2026-02-03 01:06:33] local.ERROR: syntax error, unexpected token "}", expecting variable {"exception":"[object] (Symfony\\Component\\ErrorHandler\\Error\\FatalError(code: 0): syntax error, unexpected token \"}\", expecting variable at /Applications/XAMPP/xamppfiles/htdocs/auth/app/Models/Category.php:11)
[stacktrace]
#0 {main}
"} 
[2026-02-03 01:07:33] local.ERROR: syntax error, unexpected token "}", expecting variable {"exception":"[object] (Symfony\\Component\\ErrorHandler\\Error\\FatalError(code: 0): syntax error, unexpected token \"}\", expecting variable at /Applications/XAMPP/xamppfiles/htdocs/auth/app/Models/Category.php:11)
[stacktrace]
#0 {main}
"} 
[2026-02-03 01:08:33] local.ERROR: syntax error, unexpected token "}", expecting variable {"exception":"[object] (Symfony\\Component\\ErrorHandler\\Error\\FatalError(code: 0): syntax error, unexpected token \"}\", expecting variable at /Applications/XAMPP/xamppfiles/htdocs/auth/app/Models/Category.php:11)
[stacktrace]
#0 {main}
"} 
[2026-02-03 01:09:34] local.ERROR: syntax error, unexpected token "}", expecting variable {"exception":"[object] (Symfony\\Component\\ErrorHandler\\Error\\FatalError(code: 0): syntax error, unexpected token \"}\", expecting variable at /Applications/XAMPP/xamppfiles/htdocs/auth/app/Models/Category.php:11)
[stacktrace]
#0 {main}
"} 
[2026-02-03 01:10:33] local.ERROR: syntax error, unexpected token "}", expecting variable {"exception":"[object] (Symfony\\Component\\ErrorHandler\\Error\\FatalError(code: 0): syntax error, unexpected token \"}\", expecting variable at /Applications/XAMPP/xamppfiles/htdocs/auth/app/Models/Category.php:11)
[stacktrace]
#0 {main}
"} 
[2026-02-03 01:11:33] local.ERROR: syntax error, unexpected token "}", expecting variable {"exception":"[object] (Symfony\\Component\\ErrorHandler\\Error\\FatalError(code: 0): syntax error, unexpected token \"}\", expecting variable at /Applications/XAMPP/xamppfiles/htdocs/auth/app/Models/Category.php:11)
[stacktrace]
#0 {main}
"} 
[2026-02-03 01:12:33] local.ERROR: syntax error, unexpected token "}", expecting variable {"exception":"[object] (Symfony\\Component\\ErrorHandler\\Error\\FatalError(code: 0): syntax error, unexpected token \"}\", expecting variable at /Applications/XAMPP/xamppfiles/htdocs/auth/app/Models/Category.php:11)
[stacktrace]
#0 {main}
"} 
[2026-02-03 01:13:33] local.ERROR: syntax error, unexpected token "}", expecting variable {"exception":"[object] (Symfony\\Component\\ErrorHandler\\Error\\FatalError(code: 0): syntax error, unexpected token \"}\", expecting variable at /Applications/XAMPP/xamppfiles/htdocs/auth/app/Models/Category.php:11)
[stacktrace]
#0 {main}
"} 
[2026-02-03 01:14:33] local.ERROR: syntax error, unexpected token "}", expecting variable {"exception":"[object] (Symfony\\Component\\ErrorHandler\\Error\\FatalError(code: 0): syntax error, unexpected token \"}\", expecting variable at /Applications/XAMPP/xamppfiles/htdocs/auth/app/Models/Category.php:11)
[stacktrace]
#0 {main}
"} 
[2026-02-03 01:15:33] local.ERROR: syntax error, unexpected token "}", expecting variable {"exception":"[object] (Symfony\\Component\\ErrorHandler\\Error\\FatalError(code: 0): syntax error, unexpected token \"}\", expecting variable at /Applications/XAMPP/xamppfiles/htdocs/auth/app/Models/Category.php:11)
[stacktrace]
#0 {main}
"} 
[2026-02-03 01:16:33] local.ERROR: syntax error, unexpected token "}", expecting variable {"exception":"[object] (Symfony\\Component\\ErrorHandler\\Error\\FatalError(code: 0): syntax error, unexpected token \"}\", expecting variable at /Applications/XAMPP/xamppfiles/htdocs/auth/app/Models/Category.php:11)
[stacktrace]
#0 {main}
"} 
[2026-02-03 01:17:33] local.ERROR: syntax error, unexpected token "}", expecting variable {"exception":"[object] (Symfony\\Component\\ErrorHandler\\Error\\FatalError(code: 0): syntax error, unexpected token \"}\", expecting variable at /Applications/XAMPP/xamppfiles/htdocs/auth/app/Models/Category.php:11)
[stacktrace]
#0 {main}
"} 
[2026-02-03 01:18:33] local.ERROR: syntax error, unexpected token "}", expecting variable {"exception":"[object] (Symfony\\Component\\ErrorHandler\\Error\\FatalError(code: 0): syntax error, unexpected token \"}\", expecting variable at /Applications/XAMPP/xamppfiles/htdocs/auth/app/Models/Category.php:11)
[stacktrace]
#0 {main}
"} 
[2026-02-03 01:19:33] local.ERROR: syntax error, unexpected token "}", expecting variable {"exception":"[object] (Symfony\\Component\\ErrorHandler\\Error\\FatalError(code: 0): syntax error, unexpected token \"}\", expecting variable at /Applications/XAMPP/xamppfiles/htdocs/auth/app/Models/Category.php:11)
[stacktrace]
#0 {main}
"} 
[2026-02-03 01:20:33] local.ERROR: syntax error, unexpected token "}", expecting variable {"exception":"[object] (Symfony\\Component\\ErrorHandler\\Error\\FatalError(code: 0): syntax error, unexpected token \"}\", expecting variable at /Applications/XAMPP/xamppfiles/htdocs/auth/app/Models/Category.php:11)
[stacktrace]
#0 {main}
"} 
[2026-02-03 01:21:33] local.ERROR: syntax error, unexpected token "}", expecting variable {"exception":"[object] (Symfony\\Component\\ErrorHandler\\Error\\FatalError(code: 0): syntax error, unexpected token \"}\", expecting variable at /Applications/XAMPP/xamppfiles/htdocs/auth/app/Models/Category.php:11)
[stacktrace]
#0 {main}
"} 
[2026-02-03 01:22:33] local.ERROR: syntax error, unexpected token "}", expecting variable {"exception":"[object] (Symfony\\Component\\ErrorHandler\\Error\\FatalError(code: 0): syntax error, unexpected token \"}\", expecting variable at /Applications/XAMPP/xamppfiles/htdocs/auth/app/Models/Category.php:11)
[stacktrace]
#0 {main}
"} 
[2026-02-03 01:23:33] local.ERROR: syntax error, unexpected token "}", expecting variable {"exception":"[object] (Symfony\\Component\\ErrorHandler\\Error\\FatalError(code: 0): syntax error, unexpected token \"}\", expecting variable at /Applications/XAMPP/xamppfiles/htdocs/auth/app/Models/Category.php:11)
[stacktrace]
#0 {main}
"} 
[2026-02-03 01:24:33] local.ERROR: syntax error, unexpected token "}", expecting variable {"exception":"[object] (Symfony\\Component\\ErrorHandler\\Error\\FatalError(code: 0): syntax error, unexpected token \"}\", expecting variable at /Applications/XAMPP/xamppfiles/htdocs/auth/app/Models/Category.php:11)
[stacktrace]
#0 {main}
"} 
[2026-02-03 01:25:33] local.ERROR: syntax error, unexpected token "}", expecting variable {"exception":"[object] (Symfony\\Component\\ErrorHandler\\Error\\FatalError(code: 0): syntax error, unexpected token \"}\", expecting variable at /Applications/XAMPP/xamppfiles/htdocs/auth/app/Models/Category.php:11)
[stacktrace]
#0 {main}
"} 
[2026-02-03 01:26:33] local.ERROR: syntax error, unexpected token "}", expecting variable {"exception":"[object] (Symfony\\Component\\ErrorHandler\\Error\\FatalError(code: 0): syntax error, unexpected token \"}\", expecting variable at /Applications/XAMPP/xamppfiles/htdocs/auth/app/Models/Category.php:11)
[stacktrace]
#0 {main}
"} 
[2026-02-03 01:27:33] local.ERROR: syntax error, unexpected token "}", expecting variable {"exception":"[object] (Symfony\\Component\\ErrorHandler\\Error\\FatalError(code: 0): syntax error, unexpected token \"}\", expecting variable at /Applications/XAMPP/xamppfiles/htdocs/auth/app/Models/Category.php:11)
[stacktrace]
#0 {main}
"} 
[2026-02-03 01:28:33] local.ERROR: syntax error, unexpected token "}", expecting variable {"exception":"[object] (Symfony\\Component\\ErrorHandler\\Error\\FatalError(code: 0): syntax error, unexpected token \"}\", expecting variable at /Applications/XAMPP/xamppfiles/htdocs/auth/app/Models/Category.php:11)
[stacktrace]
#0 {main}
"} 
[2026-02-03 01:29:33] local.ERROR: syntax error, unexpected token "}", expecting variable {"exception":"[object] (Symfony\\Component\\ErrorHandler\\Error\\FatalError(code: 0): syntax error, unexpected token \"}\", expecting variable at /Applications/XAMPP/xamppfiles/htdocs/auth/app/Models/Category.php:11)
[stacktrace]
#0 {main}
"} 
[2026-02-03 01:30:33] local.ERROR: syntax error, unexpected token "}", expecting variable {"exception":"[object] (Symfony\\Component\\ErrorHandler\\Error\\FatalError(code: 0): syntax error, unexpected token \"}\", expecting variable at /Applications/XAMPP/xamppfiles/htdocs/auth/app/Models/Category.php:11)
[stacktrace]
#0 {main}
"} 
[2026-02-03 01:31:33] local.ERROR: syntax error, unexpected token "}", expecting variable {"exception":"[object] (Symfony\\Component\\ErrorHandler\\Error\\FatalError(code: 0): syntax error, unexpected token \"}\", expecting variable at /Applications/XAMPP/xamppfiles/htdocs/auth/app/Models/Category.php:11)
[stacktrace]
#0 {main}
"} 
[2026-02-03 01:32:33] local.ERROR: syntax error, unexpected token "}", expecting variable {"exception":"[object] (Symfony\\Component\\ErrorHandler\\Error\\FatalError(code: 0): syntax error, unexpected token \"}\", expecting variable at /Applications/XAMPP/xamppfiles/htdocs/auth/app/Models/Category.php:11)
[stacktrace]
#0 {main}
"} 
[2026-02-03 01:33:33] local.ERROR: syntax error, unexpected token "}", expecting variable {"exception":"[object] (Symfony\\Component\\ErrorHandler\\Error\\FatalError(code: 0): syntax error, unexpected token \"}\", expecting variable at /Applications/XAMPP/xamppfiles/htdocs/auth/app/Models/Category.php:11)
[stacktrace]
#0 {main}
"} 
[2026-02-03 01:34:33] local.ERROR: syntax error, unexpected token "}", expecting variable {"exception":"[object] (Symfony\\Component\\ErrorHandler\\Error\\FatalError(code: 0): syntax error, unexpected token \"}\", expecting variable at /Applications/XAMPP/xamppfiles/htdocs/auth/app/Models/Category.php:11)
[stacktrace]
#0 {main}
"} 
[2026-02-03 01:35:33] local.ERROR: syntax error, unexpected token "}", expecting variable {"exception":"[object] (Symfony\\Component\\ErrorHandler\\Error\\FatalError(code: 0): syntax error, unexpected token \"}\", expecting variable at /Applications/XAMPP/xamppfiles/htdocs/auth/app/Models/Category.php:11)
[stacktrace]
#0 {main}
"} 
[2026-02-03 01:36:33] local.ERROR: syntax error, unexpected token "}", expecting variable {"exception":"[object] (Symfony\\Component\\ErrorHandler\\Error\\FatalError(code: 0): syntax error, unexpected token \"}\", expecting variable at /Applications/XAMPP/xamppfiles/htdocs/auth/app/Models/Category.php:11)
[stacktrace]
#0 {main}
"} 
[2026-02-03 01:37:33] local.ERROR: syntax error, unexpected token "}", expecting variable {"exception":"[object] (Symfony\\Component\\ErrorHandler\\Error\\FatalError(code: 0): syntax error, unexpected token \"}\", expecting variable at /Applications/XAMPP/xamppfiles/htdocs/auth/app/Models/Category.php:11)
[stacktrace]
#0 {main}
"} 
[2026-02-03 01:38:33] local.ERROR: syntax error, unexpected token "}", expecting variable {"exception":"[object] (Symfony\\Component\\ErrorHandler\\Error\\FatalError(code: 0): syntax error, unexpected token \"}\", expecting variable at /Applications/XAMPP/xamppfiles/htdocs/auth/app/Models/Category.php:11)
[stacktrace]
#0 {main}
"} 
[2026-02-03 01:39:33] local.ERROR: syntax error, unexpected token "}", expecting variable {"exception":"[object] (Symfony\\Component\\ErrorHandler\\Error\\FatalError(code: 0): syntax error, unexpected token \"}\", expecting variable at /Applications/XAMPP/xamppfiles/htdocs/auth/app/Models/Category.php:11)
[stacktrace]
#0 {main}
"} 
[2026-02-03 01:40:33] local.ERROR: syntax error, unexpected token "}", expecting variable {"exception":"[object] (Symfony\\Component\\ErrorHandler\\Error\\FatalError(code: 0): syntax error, unexpected token \"}\", expecting variable at /Applications/XAMPP/xamppfiles/htdocs/auth/app/Models/Category.php:11)
[stacktrace]
#0 {main}
"} 
[2026-02-03 01:41:33] local.ERROR: syntax error, unexpected token "}", expecting variable {"exception":"[object] (Symfony\\Component\\ErrorHandler\\Error\\FatalError(code: 0): syntax error, unexpected token \"}\", expecting variable at /Applications/XAMPP/xamppfiles/htdocs/auth/app/Models/Category.php:11)
[stacktrace]
#0 {main}
"} 
[2026-02-03 01:42:33] local.ERROR: syntax error, unexpected token "}", expecting variable {"exception":"[object] (Symfony\\Component\\ErrorHandler\\Error\\FatalError(code: 0): syntax error, unexpected token \"}\", expecting variable at /Applications/XAMPP/xamppfiles/htdocs/auth/app/Models/Category.php:11)
[stacktrace]
#0 {main}
"} 
[2026-02-03 01:43:33] local.ERROR: syntax error, unexpected token "}", expecting variable {"exception":"[object] (Symfony\\Component\\ErrorHandler\\Error\\FatalError(code: 0): syntax error, unexpected token \"}\", expecting variable at /Applications/XAMPP/xamppfiles/htdocs/auth/app/Models/Category.php:11)
[stacktrace]
#0 {main}
"} 
[2026-02-03 01:44:33] local.ERROR: syntax error, unexpected token "}", expecting variable {"exception":"[object] (Symfony\\Component\\ErrorHandler\\Error\\FatalError(code: 0): syntax error, unexpected token \"}\", expecting variable at /Applications/XAMPP/xamppfiles/htdocs/auth/app/Models/Category.php:11)
[stacktrace]
#0 {main}
"} 
[2026-02-03 01:45:34] local.ERROR: syntax error, unexpected token "}", expecting variable {"exception":"[object] (Symfony\\Component\\ErrorHandler\\Error\\FatalError(code: 0): syntax error, unexpected token \"}\", expecting variable at /Applications/XAMPP/xamppfiles/htdocs/auth/app/Models/Category.php:11)
[stacktrace]
#0 {main}
"} 
[2026-02-03 01:46:33] local.ERROR: syntax error, unexpected token "}", expecting variable {"exception":"[object] (Symfony\\Component\\ErrorHandler\\Error\\FatalError(code: 0): syntax error, unexpected token \"}\", expecting variable at /Applications/XAMPP/xamppfiles/htdocs/auth/app/Models/Category.php:11)
[stacktrace]
#0 {main}
"} 
[2026-02-03 01:47:33] local.ERROR: syntax error, unexpected token "}", expecting variable {"exception":"[object] (Symfony\\Component\\ErrorHandler\\Error\\FatalError(code: 0): syntax error, unexpected token \"}\", expecting variable at /Applications/XAMPP/xamppfiles/htdocs/auth/app/Models/Category.php:11)
[stacktrace]
#0 {main}
"} 
[2026-02-03 01:48:33] local.ERROR: syntax error, unexpected token "}", expecting variable {"exception":"[object] (Symfony\\Component\\ErrorHandler\\Error\\FatalError(code: 0): syntax error, unexpected token \"}\", expecting variable at /Applications/XAMPP/xamppfiles/htdocs/auth/app/Models/Category.php:11)
[stacktrace]
#0 {main}
"} 
[2026-02-03 01:49:33] local.ERROR: syntax error, unexpected token "}", expecting variable {"exception":"[object] (Symfony\\Component\\ErrorHandler\\Error\\FatalError(code: 0): syntax error, unexpected token \"}\", expecting variable at /Applications/XAMPP/xamppfiles/htdocs/auth/app/Models/Category.php:11)
[stacktrace]
#0 {main}
"} 
[2026-02-03 01:50:33] local.ERROR: syntax error, unexpected token "}", expecting variable {"exception":"[object] (Symfony\\Component\\ErrorHandler\\Error\\FatalError(code: 0): syntax error, unexpected token \"}\", expecting variable at /Applications/XAMPP/xamppfiles/htdocs/auth/app/Models/Category.php:11)
[stacktrace]
#0 {main}
"} 
[2026-02-03 01:51:34] local.ERROR: syntax error, unexpected token "}", expecting variable {"exception":"[object] (Symfony\\Component\\ErrorHandler\\Error\\FatalError(code: 0): syntax error, unexpected token \"}\", expecting variable at /Applications/XAMPP/xamppfiles/htdocs/auth/app/Models/Category.php:11)
[stacktrace]
#0 {main}
"} 
[2026-02-03 01:52:33] local.ERROR: syntax error, unexpected token "}", expecting variable {"exception":"[object] (Symfony\\Component\\ErrorHandler\\Error\\FatalError(code: 0): syntax error, unexpected token \"}\", expecting variable at /Applications/XAMPP/xamppfiles/htdocs/auth/app/Models/Category.php:11)
[stacktrace]
#0 {main}
"} 
[2026-02-03 01:53:34] local.ERROR: syntax error, unexpected token "}", expecting variable {"exception":"[object] (Symfony\\Component\\ErrorHandler\\Error\\FatalError(code: 0): syntax error, unexpected token \"}\", expecting variable at /Applications/XAMPP/xamppfiles/htdocs/auth/app/Models/Category.php:11)
[stacktrace]
#0 {main}
"} 
[2026-02-03 01:54:33] local.ERROR: syntax error, unexpected token "}", expecting variable {"exception":"[object] (Symfony\\Component\\ErrorHandler\\Error\\FatalError(code: 0): syntax error, unexpected token \"}\", expecting variable at /Applications/XAMPP/xamppfiles/htdocs/auth/app/Models/Category.php:11)
[stacktrace]
#0 {main}
"} 
[2026-02-03 01:55:33] local.ERROR: syntax error, unexpected token "}", expecting variable {"exception":"[object] (Symfony\\Component\\ErrorHandler\\Error\\FatalError(code: 0): syntax error, unexpected token \"}\", expecting variable at /Applications/XAMPP/xamppfiles/htdocs/auth/app/Models/Category.php:11)
[stacktrace]
#0 {main}
"} 
[2026-02-03 01:56:33] local.ERROR: syntax error, unexpected token "}", expecting variable {"exception":"[object] (Symfony\\Component\\ErrorHandler\\Error\\FatalError(code: 0): syntax error, unexpected token \"}\", expecting variable at /Applications/XAMPP/xamppfiles/htdocs/auth/app/Models/Category.php:11)
[stacktrace]
#0 {main}
"} 
[2026-02-03 01:57:33] local.ERROR: syntax error, unexpected token "}", expecting variable {"exception":"[object] (Symfony\\Component\\ErrorHandler\\Error\\FatalError(code: 0): syntax error, unexpected token \"}\", expecting variable at /Applications/XAMPP/xamppfiles/htdocs/auth/app/Models/Category.php:11)
[stacktrace]
#0 {main}
"} 
[2026-02-03 01:58:33] local.ERROR: syntax error, unexpected token "}", expecting variable {"exception":"[object] (Symfony\\Component\\ErrorHandler\\Error\\FatalError(code: 0): syntax error, unexpected token \"}\", expecting variable at /Applications/XAMPP/xamppfiles/htdocs/auth/app/Models/Category.php:11)
[stacktrace]
#0 {main}
"} 
[2026-02-03 01:59:33] local.ERROR: syntax error, unexpected token "}", expecting variable {"exception":"[object] (Symfony\\Component\\ErrorHandler\\Error\\FatalError(code: 0): syntax error, unexpected token \"}\", expecting variable at /Applications/XAMPP/xamppfiles/htdocs/auth/app/Models/Category.php:11)
[stacktrace]
#0 {main}
"} 
[2026-02-03 02:00:33] local.ERROR: syntax error, unexpected token "}", expecting variable {"exception":"[object] (Symfony\\Component\\ErrorHandler\\Error\\FatalError(code: 0): syntax error, unexpected token \"}\", expecting variable at /Applications/XAMPP/xamppfiles/htdocs/auth/app/Models/Category.php:11)
[stacktrace]
#0 {main}
"} 
[2026-02-03 02:01:33] local.ERROR: syntax error, unexpected token "}", expecting variable {"exception":"[object] (Symfony\\Component\\ErrorHandler\\Error\\FatalError(code: 0): syntax error, unexpected token \"}\", expecting variable at /Applications/XAMPP/xamppfiles/htdocs/auth/app/Models/Category.php:11)
[stacktrace]
#0 {main}
"} 
[2026-02-03 02:02:33] local.ERROR: syntax error, unexpected token "}", expecting variable {"exception":"[object] (Symfony\\Component\\ErrorHandler\\Error\\FatalError(code: 0): syntax error, unexpected token \"}\", expecting variable at /Applications/XAMPP/xamppfiles/htdocs/auth/app/Models/Category.php:11)
[stacktrace]
#0 {main}
"} 
[2026-02-03 02:03:33] local.ERROR: syntax error, unexpected token "}", expecting variable {"exception":"[object] (Symfony\\Component\\ErrorHandler\\Error\\FatalError(code: 0): syntax error, unexpected token \"}\", expecting variable at /Applications/XAMPP/xamppfiles/htdocs/auth/app/Models/Category.php:11)
[stacktrace]
#0 {main}
"} 
[2026-02-03 02:04:33] local.ERROR: syntax error, unexpected token "}", expecting variable {"exception":"[object] (Symfony\\Component\\ErrorHandler\\Error\\FatalError(code: 0): syntax error, unexpected token \"}\", expecting variable at /Applications/XAMPP/xamppfiles/htdocs/auth/app/Models/Category.php:11)
[stacktrace]
#0 {main}
"} 
[2026-02-03 02:05:33] local.ERROR: syntax error, unexpected token "}", expecting variable {"exception":"[object] (Symfony\\Component\\ErrorHandler\\Error\\FatalError(code: 0): syntax error, unexpected token \"}\", expecting variable at /Applications/XAMPP/xamppfiles/htdocs/auth/app/Models/Category.php:11)
[stacktrace]
#0 {main}
"} 
[2026-02-03 02:06:33] local.ERROR: syntax error, unexpected token "}", expecting variable {"exception":"[object] (Symfony\\Component\\ErrorHandler\\Error\\FatalError(code: 0): syntax error, unexpected token \"}\", expecting variable at /Applications/XAMPP/xamppfiles/htdocs/auth/app/Models/Category.php:11)
[stacktrace]
#0 {main}
"} 
[2026-02-03 02:07:33] local.ERROR: syntax error, unexpected token "}", expecting variable {"exception":"[object] (Symfony\\Component\\ErrorHandler\\Error\\FatalError(code: 0): syntax error, unexpected token \"}\", expecting variable at /Applications/XAMPP/xamppfiles/htdocs/auth/app/Models/Category.php:11)
[stacktrace]
#0 {main}
"} 
[2026-02-03 02:08:33] local.ERROR: syntax error, unexpected token "}", expecting variable {"exception":"[object] (Symfony\\Component\\ErrorHandler\\Error\\FatalError(code: 0): syntax error, unexpected token \"}\", expecting variable at /Applications/XAMPP/xamppfiles/htdocs/auth/app/Models/Category.php:11)
[stacktrace]
#0 {main}
"} 
[2026-02-03 02:09:33] local.ERROR: syntax error, unexpected token "}", expecting variable {"exception":"[object] (Symfony\\Component\\ErrorHandler\\Error\\FatalError(code: 0): syntax error, unexpected token \"}\", expecting variable at /Applications/XAMPP/xamppfiles/htdocs/auth/app/Models/Category.php:11)
[stacktrace]
#0 {main}
"} 
[2026-02-03 02:10:33] local.ERROR: syntax error, unexpected token "}", expecting variable {"exception":"[object] (Symfony\\Component\\ErrorHandler\\Error\\FatalError(code: 0): syntax error, unexpected token \"}\", expecting variable at /Applications/XAMPP/xamppfiles/htdocs/auth/app/Models/Category.php:11)
[stacktrace]
#0 {main}
"} 
[2026-02-03 02:11:33] local.ERROR: syntax error, unexpected token "}", expecting variable {"exception":"[object] (Symfony\\Component\\ErrorHandler\\Error\\FatalError(code: 0): syntax error, unexpected token \"}\", expecting variable at /Applications/XAMPP/xamppfiles/htdocs/auth/app/Models/Category.php:11)
[stacktrace]
#0 {main}
"} 
[2026-02-03 02:12:33] local.ERROR: syntax error, unexpected token "}", expecting variable {"exception":"[object] (Symfony\\Component\\ErrorHandler\\Error\\FatalError(code: 0): syntax error, unexpected token \"}\", expecting variable at /Applications/XAMPP/xamppfiles/htdocs/auth/app/Models/Category.php:11)
[stacktrace]
#0 {main}
"} 
[2026-02-03 02:13:33] local.ERROR: syntax error, unexpected token "}", expecting variable {"exception":"[object] (Symfony\\Component\\ErrorHandler\\Error\\FatalError(code: 0): syntax error, unexpected token \"}\", expecting variable at /Applications/XAMPP/xamppfiles/htdocs/auth/app/Models/Category.php:11)
[stacktrace]
#0 {main}
"} 
[2026-02-03 02:14:33] local.ERROR: syntax error, unexpected token "}", expecting variable {"exception":"[object] (Symfony\\Component\\ErrorHandler\\Error\\FatalError(code: 0): syntax error, unexpected token \"}\", expecting variable at /Applications/XAMPP/xamppfiles/htdocs/auth/app/Models/Category.php:11)
[stacktrace]
#0 {main}
"} 
[2026-02-03 02:15:33] local.ERROR: syntax error, unexpected token "}", expecting variable {"exception":"[object] (Symfony\\Component\\ErrorHandler\\Error\\FatalError(code: 0): syntax error, unexpected token \"}\", expecting variable at /Applications/XAMPP/xamppfiles/htdocs/auth/app/Models/Category.php:11)
[stacktrace]
#0 {main}
"} 
[2026-02-03 02:16:33] local.ERROR: syntax error, unexpected token "}", expecting variable {"exception":"[object] (Symfony\\Component\\ErrorHandler\\Error\\FatalError(code: 0): syntax error, unexpected token \"}\", expecting variable at /Applications/XAMPP/xamppfiles/htdocs/auth/app/Models/Category.php:11)
[stacktrace]
#0 {main}
"} 
[2026-02-03 02:17:34] local.ERROR: syntax error, unexpected token "}", expecting variable {"exception":"[object] (Symfony\\Component\\ErrorHandler\\Error\\FatalError(code: 0): syntax error, unexpected token \"}\", expecting variable at /Applications/XAMPP/xamppfiles/htdocs/auth/app/Models/Category.php:11)
[stacktrace]
#0 {main}
"} 
[2026-02-03 02:18:33] local.ERROR: syntax error, unexpected token "}", expecting variable {"exception":"[object] (Symfony\\Component\\ErrorHandler\\Error\\FatalError(code: 0): syntax error, unexpected token \"}\", expecting variable at /Applications/XAMPP/xamppfiles/htdocs/auth/app/Models/Category.php:11)
[stacktrace]
#0 {main}
"} 
[2026-02-03 02:19:33] local.ERROR: syntax error, unexpected token "}", expecting variable {"exception":"[object] (Symfony\\Component\\ErrorHandler\\Error\\FatalError(code: 0): syntax error, unexpected token \"}\", expecting variable at /Applications/XAMPP/xamppfiles/htdocs/auth/app/Models/Category.php:11)
[stacktrace]
#0 {main}
"} 
[2026-02-03 02:20:33] local.ERROR: syntax error, unexpected token "}", expecting variable {"exception":"[object] (Symfony\\Component\\ErrorHandler\\Error\\FatalError(code: 0): syntax error, unexpected token \"}\", expecting variable at /Applications/XAMPP/xamppfiles/htdocs/auth/app/Models/Category.php:11)
[stacktrace]
#0 {main}
"} 
[2026-02-03 02:21:33] local.ERROR: syntax error, unexpected token "}", expecting variable {"exception":"[object] (Symfony\\Component\\ErrorHandler\\Error\\FatalError(code: 0): syntax error, unexpected token \"}\", expecting variable at /Applications/XAMPP/xamppfiles/htdocs/auth/app/Models/Category.php:11)
[stacktrace]
#0 {main}
"} 
[2026-02-03 02:22:33] local.ERROR: syntax error, unexpected token "}", expecting variable {"exception":"[object] (Symfony\\Component\\ErrorHandler\\Error\\FatalError(code: 0): syntax error, unexpected token \"}\", expecting variable at /Applications/XAMPP/xamppfiles/htdocs/auth/app/Models/Category.php:11)
[stacktrace]
#0 {main}
"} 
[2026-02-03 02:23:33] local.ERROR: syntax error, unexpected token "}", expecting variable {"exception":"[object] (Symfony\\Component\\ErrorHandler\\Error\\FatalError(code: 0): syntax error, unexpected token \"}\", expecting variable at /Applications/XAMPP/xamppfiles/htdocs/auth/app/Models/Category.php:11)
[stacktrace]
#0 {main}
"} 
[2026-02-03 02:24:33] local.ERROR: syntax error, unexpected token "}", expecting variable {"exception":"[object] (Symfony\\Component\\ErrorHandler\\Error\\FatalError(code: 0): syntax error, unexpected token \"}\", expecting variable at /Applications/XAMPP/xamppfiles/htdocs/auth/app/Models/Category.php:11)
[stacktrace]
#0 {main}
"} 
[2026-02-03 02:25:34] local.ERROR: syntax error, unexpected token "}", expecting variable {"exception":"[object] (Symfony\\Component\\ErrorHandler\\Error\\FatalError(code: 0): syntax error, unexpected token \"}\", expecting variable at /Applications/XAMPP/xamppfiles/htdocs/auth/app/Models/Category.php:11)
[stacktrace]
#0 {main}
"} 
[2026-02-03 02:26:34] local.ERROR: syntax error, unexpected token "}", expecting variable {"exception":"[object] (Symfony\\Component\\ErrorHandler\\Error\\FatalError(code: 0): syntax error, unexpected token \"}\", expecting variable at /Applications/XAMPP/xamppfiles/htdocs/auth/app/Models/Category.php:11)
[stacktrace]
#0 {main}
"} 
[2026-02-03 02:27:34] local.ERROR: syntax error, unexpected token "}", expecting variable {"exception":"[object] (Symfony\\Component\\ErrorHandler\\Error\\FatalError(code: 0): syntax error, unexpected token \"}\", expecting variable at /Applications/XAMPP/xamppfiles/htdocs/auth/app/Models/Category.php:11)
[stacktrace]
#0 {main}
"} 
[2026-02-03 02:28:34] local.ERROR: syntax error, unexpected token "}", expecting variable {"exception":"[object] (Symfony\\Component\\ErrorHandler\\Error\\FatalError(code: 0): syntax error, unexpected token \"}\", expecting variable at /Applications/XAMPP/xamppfiles/htdocs/auth/app/Models/Category.php:11)
[stacktrace]
#0 {main}
"} 
[2026-02-03 02:29:33] local.ERROR: syntax error, unexpected token "}", expecting variable {"exception":"[object] (Symfony\\Component\\ErrorHandler\\Error\\FatalError(code: 0): syntax error, unexpected token \"}\", expecting variable at /Applications/XAMPP/xamppfiles/htdocs/auth/app/Models/Category.php:11)
[stacktrace]
#0 {main}
"} 
[2026-02-03 02:30:34] local.ERROR: syntax error, unexpected token "}", expecting variable {"exception":"[object] (Symfony\\Component\\ErrorHandler\\Error\\FatalError(code: 0): syntax error, unexpected token \"}\", expecting variable at /Applications/XAMPP/xamppfiles/htdocs/auth/app/Models/Category.php:11)
[stacktrace]
#0 {main}
"} 
[2026-02-03 02:31:33] local.ERROR: syntax error, unexpected token "}", expecting variable {"exception":"[object] (Symfony\\Component\\ErrorHandler\\Error\\FatalError(code: 0): syntax error, unexpected token \"}\", expecting variable at /Applications/XAMPP/xamppfiles/htdocs/auth/app/Models/Category.php:11)
[stacktrace]
#0 {main}
"} 
[2026-02-03 02:32:33] local.ERROR: syntax error, unexpected token "}", expecting variable {"exception":"[object] (Symfony\\Component\\ErrorHandler\\Error\\FatalError(code: 0): syntax error, unexpected token \"}\", expecting variable at /Applications/XAMPP/xamppfiles/htdocs/auth/app/Models/Category.php:11)
[stacktrace]
#0 {main}
"} 
[2026-02-03 02:33:33] local.ERROR: syntax error, unexpected token "}", expecting variable {"exception":"[object] (Symfony\\Component\\ErrorHandler\\Error\\FatalError(code: 0): syntax error, unexpected token \"}\", expecting variable at /Applications/XAMPP/xamppfiles/htdocs/auth/app/Models/Category.php:11)
[stacktrace]
#0 {main}
"} 
[2026-02-03 02:34:34] local.ERROR: syntax error, unexpected token "}", expecting variable {"exception":"[object] (Symfony\\Component\\ErrorHandler\\Error\\FatalError(code: 0): syntax error, unexpected token \"}\", expecting variable at /Applications/XAMPP/xamppfiles/htdocs/auth/app/Models/Category.php:11)
[stacktrace]
#0 {main}
"} 
[2026-02-03 02:35:33] local.ERROR: syntax error, unexpected token "}", expecting variable {"exception":"[object] (Symfony\\Component\\ErrorHandler\\Error\\FatalError(code: 0): syntax error, unexpected token \"}\", expecting variable at /Applications/XAMPP/xamppfiles/htdocs/auth/app/Models/Category.php:11)
[stacktrace]
#0 {main}
"} 
[2026-02-03 02:36:33] local.ERROR: syntax error, unexpected token "}", expecting variable {"exception":"[object] (Symfony\\Component\\ErrorHandler\\Error\\FatalError(code: 0): syntax error, unexpected token \"}\", expecting variable at /Applications/XAMPP/xamppfiles/htdocs/auth/app/Models/Category.php:11)
[stacktrace]
#0 {main}
"} 
[2026-02-03 02:37:34] local.ERROR: syntax error, unexpected token "}", expecting variable {"exception":"[object] (Symfony\\Component\\ErrorHandler\\Error\\FatalError(code: 0): syntax error, unexpected token \"}\", expecting variable at /Applications/XAMPP/xamppfiles/htdocs/auth/app/Models/Category.php:11)
[stacktrace]
#0 {main}
"} 
[2026-02-03 02:38:33] local.ERROR: syntax error, unexpected token "}", expecting variable {"exception":"[object] (Symfony\\Component\\ErrorHandler\\Error\\FatalError(code: 0): syntax error, unexpected token \"}\", expecting variable at /Applications/XAMPP/xamppfiles/htdocs/auth/app/Models/Category.php:11)
[stacktrace]
#0 {main}
"} 
[2026-02-03 02:39:33] local.ERROR: syntax error, unexpected token "}", expecting variable {"exception":"[object] (Symfony\\Component\\ErrorHandler\\Error\\FatalError(code: 0): syntax error, unexpected token \"}\", expecting variable at /Applications/XAMPP/xamppfiles/htdocs/auth/app/Models/Category.php:11)
[stacktrace]
#0 {main}
"} 
[2026-02-03 02:40:34] local.ERROR: syntax error, unexpected token "}", expecting variable {"exception":"[object] (Symfony\\Component\\ErrorHandler\\Error\\FatalError(code: 0): syntax error, unexpected token \"}\", expecting variable at /Applications/XAMPP/xamppfiles/htdocs/auth/app/Models/Category.php:11)
[stacktrace]
#0 {main}
"} 
[2026-02-03 02:41:34] local.ERROR: syntax error, unexpected token "}", expecting variable {"exception":"[object] (Symfony\\Component\\ErrorHandler\\Error\\FatalError(code: 0): syntax error, unexpected token \"}\", expecting variable at /Applications/XAMPP/xamppfiles/htdocs/auth/app/Models/Category.php:11)
[stacktrace]
#0 {main}
"} 
[2026-02-03 02:42:34] local.ERROR: syntax error, unexpected token "}", expecting variable {"exception":"[object] (Symfony\\Component\\ErrorHandler\\Error\\FatalError(code: 0): syntax error, unexpected token \"}\", expecting variable at /Applications/XAMPP/xamppfiles/htdocs/auth/app/Models/Category.php:11)
[stacktrace]
#0 {main}
"} 
[2026-02-03 02:43:34] local.ERROR: syntax error, unexpected token "}", expecting variable {"exception":"[object] (Symfony\\Component\\ErrorHandler\\Error\\FatalError(code: 0): syntax error, unexpected token \"}\", expecting variable at /Applications/XAMPP/xamppfiles/htdocs/auth/app/Models/Category.php:11)
[stacktrace]
#0 {main}
"} 
[2026-02-03 02:44:34] local.ERROR: syntax error, unexpected token "}", expecting variable {"exception":"[object] (Symfony\\Component\\ErrorHandler\\Error\\FatalError(code: 0): syntax error, unexpected token \"}\", expecting variable at /Applications/XAMPP/xamppfiles/htdocs/auth/app/Models/Category.php:11)
[stacktrace]
#0 {main}
"} 
[2026-02-03 02:45:34] local.ERROR: syntax error, unexpected token "}", expecting variable {"exception":"[object] (Symfony\\Component\\ErrorHandler\\Error\\FatalError(code: 0): syntax error, unexpected token \"}\", expecting variable at /Applications/XAMPP/xamppfiles/htdocs/auth/app/Models/Category.php:11)
[stacktrace]
#0 {main}
"} 
[2026-02-03 02:46:33] local.ERROR: syntax error, unexpected token "}", expecting variable {"exception":"[object] (Symfony\\Component\\ErrorHandler\\Error\\FatalError(code: 0): syntax error, unexpected token \"}\", expecting variable at /Applications/XAMPP/xamppfiles/htdocs/auth/app/Models/Category.php:11)
[stacktrace]
#0 {main}
"} 
[2026-02-03 02:47:34] local.ERROR: syntax error, unexpected token "}", expecting variable {"exception":"[object] (Symfony\\Component\\ErrorHandler\\Error\\FatalError(code: 0): syntax error, unexpected token \"}\", expecting variable at /Applications/XAMPP/xamppfiles/htdocs/auth/app/Models/Category.php:11)
[stacktrace]
#0 {main}
"} 
[2026-02-03 02:48:33] local.ERROR: syntax error, unexpected token "}", expecting variable {"exception":"[object] (Symfony\\Component\\ErrorHandler\\Error\\FatalError(code: 0): syntax error, unexpected token \"}\", expecting variable at /Applications/XAMPP/xamppfiles/htdocs/auth/app/Models/Category.php:11)
[stacktrace]
#0 {main}
"} 
[2026-02-03 02:49:33] local.ERROR: syntax error, unexpected token "}", expecting variable {"exception":"[object] (Symfony\\Component\\ErrorHandler\\Error\\FatalError(code: 0): syntax error, unexpected token \"}\", expecting variable at /Applications/XAMPP/xamppfiles/htdocs/auth/app/Models/Category.php:11)
[stacktrace]
#0 {main}
"} 
[2026-02-03 02:50:34] local.ERROR: syntax error, unexpected token "}", expecting variable {"exception":"[object] (Symfony\\Component\\ErrorHandler\\Error\\FatalError(code: 0): syntax error, unexpected token \"}\", expecting variable at /Applications/XAMPP/xamppfiles/htdocs/auth/app/Models/Category.php:11)
[stacktrace]
#0 {main}
"} 
[2026-02-03 02:51:34] local.ERROR: syntax error, unexpected token "}", expecting variable {"exception":"[object] (Symfony\\Component\\ErrorHandler\\Error\\FatalError(code: 0): syntax error, unexpected token \"}\", expecting variable at /Applications/XAMPP/xamppfiles/htdocs/auth/app/Models/Category.php:11)
[stacktrace]
#0 {main}
"} 
[2026-02-03 02:52:33] local.ERROR: syntax error, unexpected token "}", expecting variable {"exception":"[object] (Symfony\\Component\\ErrorHandler\\Error\\FatalError(code: 0): syntax error, unexpected token \"}\", expecting variable at /Applications/XAMPP/xamppfiles/htdocs/auth/app/Models/Category.php:11)
[stacktrace]
#0 {main}
"} 
[2026-02-03 02:53:33] local.ERROR: syntax error, unexpected token "}", expecting variable {"exception":"[object] (Symfony\\Component\\ErrorHandler\\Error\\FatalError(code: 0): syntax error, unexpected token \"}\", expecting variable at /Applications/XAMPP/xamppfiles/htdocs/auth/app/Models/Category.php:11)
[stacktrace]
#0 {main}
"} 
[2026-02-03 02:54:34] local.ERROR: syntax error, unexpected token "}", expecting variable {"exception":"[object] (Symfony\\Component\\ErrorHandler\\Error\\FatalError(code: 0): syntax error, unexpected token \"}\", expecting variable at /Applications/XAMPP/xamppfiles/htdocs/auth/app/Models/Category.php:11)
[stacktrace]
#0 {main}
"} 
[2026-02-03 02:55:34] local.ERROR: syntax error, unexpected token "}", expecting variable {"exception":"[object] (Symfony\\Component\\ErrorHandler\\Error\\FatalError(code: 0): syntax error, unexpected token \"}\", expecting variable at /Applications/XAMPP/xamppfiles/htdocs/auth/app/Models/Category.php:11)
[stacktrace]
#0 {main}
"} 
[2026-02-03 02:56:33] local.ERROR: syntax error, unexpected token "}", expecting variable {"exception":"[object] (Symfony\\Component\\ErrorHandler\\Error\\FatalError(code: 0): syntax error, unexpected token \"}\", expecting variable at /Applications/XAMPP/xamppfiles/htdocs/auth/app/Models/Category.php:11)
[stacktrace]
#0 {main}
"} 
[2026-02-03 02:57:34] local.ERROR: syntax error, unexpected token "}", expecting variable {"exception":"[object] (Symfony\\Component\\ErrorHandler\\Error\\FatalError(code: 0): syntax error, unexpected token \"}\", expecting variable at /Applications/XAMPP/xamppfiles/htdocs/auth/app/Models/Category.php:11)
[stacktrace]
#0 {main}
"} 
[2026-02-03 02:58:33] local.ERROR: syntax error, unexpected token "}", expecting variable {"exception":"[object] (Symfony\\Component\\ErrorHandler\\Error\\FatalError(code: 0): syntax error, unexpected token \"}\", expecting variable at /Applications/XAMPP/xamppfiles/htdocs/auth/app/Models/Category.php:11)
[stacktrace]
#0 {main}
"} 
[2026-02-03 02:59:33] local.ERROR: syntax error, unexpected token "}", expecting variable {"exception":"[object] (Symfony\\Component\\ErrorHandler\\Error\\FatalError(code: 0): syntax error, unexpected token \"}\", expecting variable at /Applications/XAMPP/xamppfiles/htdocs/auth/app/Models/Category.php:11)
[stacktrace]
#0 {main}
"} 
[2026-02-03 03:00:33] local.ERROR: syntax error, unexpected token "}", expecting variable {"exception":"[object] (Symfony\\Component\\ErrorHandler\\Error\\FatalError(code: 0): syntax error, unexpected token \"}\", expecting variable at /Applications/XAMPP/xamppfiles/htdocs/auth/app/Models/Category.php:11)
[stacktrace]
#0 {main}
"} 
[2026-02-03 03:01:33] local.ERROR: syntax error, unexpected token "}", expecting variable {"exception":"[object] (Symfony\\Component\\ErrorHandler\\Error\\FatalError(code: 0): syntax error, unexpected token \"}\", expecting variable at /Applications/XAMPP/xamppfiles/htdocs/auth/app/Models/Category.php:11)
[stacktrace]
#0 {main}
"} 
[2026-02-03 03:02:33] local.ERROR: syntax error, unexpected token "}", expecting variable {"exception":"[object] (Symfony\\Component\\ErrorHandler\\Error\\FatalError(code: 0): syntax error, unexpected token \"}\", expecting variable at /Applications/XAMPP/xamppfiles/htdocs/auth/app/Models/Category.php:11)
[stacktrace]
#0 {main}
"} 
[2026-02-03 03:03:33] local.ERROR: syntax error, unexpected token "}", expecting variable {"exception":"[object] (Symfony\\Component\\ErrorHandler\\Error\\FatalError(code: 0): syntax error, unexpected token \"}\", expecting variable at /Applications/XAMPP/xamppfiles/htdocs/auth/app/Models/Category.php:11)
[stacktrace]
#0 {main}
"} 
[2026-02-03 03:04:33] local.ERROR: syntax error, unexpected token "}", expecting variable {"exception":"[object] (Symfony\\Component\\ErrorHandler\\Error\\FatalError(code: 0): syntax error, unexpected token \"}\", expecting variable at /Applications/XAMPP/xamppfiles/htdocs/auth/app/Models/Category.php:11)
[stacktrace]
#0 {main}
"} 
[2026-02-03 03:05:33] local.ERROR: syntax error, unexpected token "}", expecting variable {"exception":"[object] (Symfony\\Component\\ErrorHandler\\Error\\FatalError(code: 0): syntax error, unexpected token \"}\", expecting variable at /Applications/XAMPP/xamppfiles/htdocs/auth/app/Models/Category.php:11)
[stacktrace]
#0 {main}
"} 
[2026-02-03 03:06:33] local.ERROR: syntax error, unexpected token "}", expecting variable {"exception":"[object] (Symfony\\Component\\ErrorHandler\\Error\\FatalError(code: 0): syntax error, unexpected token \"}\", expecting variable at /Applications/XAMPP/xamppfiles/htdocs/auth/app/Models/Category.php:11)
[stacktrace]
#0 {main}
"} 
[2026-02-03 03:07:33] local.ERROR: syntax error, unexpected token "}", expecting variable {"exception":"[object] (Symfony\\Component\\ErrorHandler\\Error\\FatalError(code: 0): syntax error, unexpected token \"}\", expecting variable at /Applications/XAMPP/xamppfiles/htdocs/auth/app/Models/Category.php:11)
[stacktrace]
#0 {main}
"} 
[2026-02-03 03:08:33] local.ERROR: syntax error, unexpected token "}", expecting variable {"exception":"[object] (Symfony\\Component\\ErrorHandler\\Error\\FatalError(code: 0): syntax error, unexpected token \"}\", expecting variable at /Applications/XAMPP/xamppfiles/htdocs/auth/app/Models/Category.php:11)
[stacktrace]
#0 {main}
"} 
[2026-02-03 03:09:34] local.ERROR: syntax error, unexpected token "}", expecting variable {"exception":"[object] (Symfony\\Component\\ErrorHandler\\Error\\FatalError(code: 0): syntax error, unexpected token \"}\", expecting variable at /Applications/XAMPP/xamppfiles/htdocs/auth/app/Models/Category.php:11)
[stacktrace]
#0 {main}
"} 
[2026-02-03 03:10:33] local.ERROR: syntax error, unexpected token "}", expecting variable {"exception":"[object] (Symfony\\Component\\ErrorHandler\\Error\\FatalError(code: 0): syntax error, unexpected token \"}\", expecting variable at /Applications/XAMPP/xamppfiles/htdocs/auth/app/Models/Category.php:11)
[stacktrace]
#0 {main}
"} 
[2026-02-03 03:11:34] local.ERROR: syntax error, unexpected token "}", expecting variable {"exception":"[object] (Symfony\\Component\\ErrorHandler\\Error\\FatalError(code: 0): syntax error, unexpected token \"}\", expecting variable at /Applications/XAMPP/xamppfiles/htdocs/auth/app/Models/Category.php:11)
[stacktrace]
#0 {main}
"} 
[2026-02-03 03:12:34] local.ERROR: syntax error, unexpected token "}", expecting variable {"exception":"[object] (Symfony\\Component\\ErrorHandler\\Error\\FatalError(code: 0): syntax error, unexpected token \"}\", expecting variable at /Applications/XAMPP/xamppfiles/htdocs/auth/app/Models/Category.php:11)
[stacktrace]
#0 {main}
"} 
[2026-02-03 03:13:34] local.ERROR: syntax error, unexpected token "}", expecting variable {"exception":"[object] (Symfony\\Component\\ErrorHandler\\Error\\FatalError(code: 0): syntax error, unexpected token \"}\", expecting variable at /Applications/XAMPP/xamppfiles/htdocs/auth/app/Models/Category.php:11)
[stacktrace]
#0 {main}
"} 
[2026-02-03 03:14:34] local.ERROR: syntax error, unexpected token "}", expecting variable {"exception":"[object] (Symfony\\Component\\ErrorHandler\\Error\\FatalError(code: 0): syntax error, unexpected token \"}\", expecting variable at /Applications/XAMPP/xamppfiles/htdocs/auth/app/Models/Category.php:11)
[stacktrace]
#0 {main}
"} 
[2026-02-03 03:15:34] local.ERROR: syntax error, unexpected token "}", expecting variable {"exception":"[object] (Symfony\\Component\\ErrorHandler\\Error\\FatalError(code: 0): syntax error, unexpected token \"}\", expecting variable at /Applications/XAMPP/xamppfiles/htdocs/auth/app/Models/Category.php:11)
[stacktrace]
#0 {main}
"} 
[2026-02-03 03:16:33] local.ERROR: syntax error, unexpected token "}", expecting variable {"exception":"[object] (Symfony\\Component\\ErrorHandler\\Error\\FatalError(code: 0): syntax error, unexpected token \"}\", expecting variable at /Applications/XAMPP/xamppfiles/htdocs/auth/app/Models/Category.php:11)
[stacktrace]
#0 {main}
"} 
[2026-02-03 03:17:34] local.ERROR: syntax error, unexpected token "}", expecting variable {"exception":"[object] (Symfony\\Component\\ErrorHandler\\Error\\FatalError(code: 0): syntax error, unexpected token \"}\", expecting variable at /Applications/XAMPP/xamppfiles/htdocs/auth/app/Models/Category.php:11)
[stacktrace]
#0 {main}
"} 
[2026-02-03 03:18:33] local.ERROR: syntax error, unexpected token "}", expecting variable {"exception":"[object] (Symfony\\Component\\ErrorHandler\\Error\\FatalError(code: 0): syntax error, unexpected token \"}\", expecting variable at /Applications/XAMPP/xamppfiles/htdocs/auth/app/Models/Category.php:11)
[stacktrace]
#0 {main}
"} 
[2026-02-03 03:19:33] local.ERROR: syntax error, unexpected token "}", expecting variable {"exception":"[object] (Symfony\\Component\\ErrorHandler\\Error\\FatalError(code: 0): syntax error, unexpected token \"}\", expecting variable at /Applications/XAMPP/xamppfiles/htdocs/auth/app/Models/Category.php:11)
[stacktrace]
#0 {main}
"} 
[2026-02-03 03:20:33] local.ERROR: syntax error, unexpected token "}", expecting variable {"exception":"[object] (Symfony\\Component\\ErrorHandler\\Error\\FatalError(code: 0): syntax error, unexpected token \"}\", expecting variable at /Applications/XAMPP/xamppfiles/htdocs/auth/app/Models/Category.php:11)
[stacktrace]
#0 {main}
"} 
[2026-02-03 03:21:34] local.ERROR: syntax error, unexpected token "}", expecting variable {"exception":"[object] (Symfony\\Component\\ErrorHandler\\Error\\FatalError(code: 0): syntax error, unexpected token \"}\", expecting variable at /Applications/XAMPP/xamppfiles/htdocs/auth/app/Models/Category.php:11)
[stacktrace]
#0 {main}
"} 
[2026-02-03 03:22:34] local.ERROR: syntax error, unexpected token "}", expecting variable {"exception":"[object] (Symfony\\Component\\ErrorHandler\\Error\\FatalError(code: 0): syntax error, unexpected token \"}\", expecting variable at /Applications/XAMPP/xamppfiles/htdocs/auth/app/Models/Category.php:11)
[stacktrace]
#0 {main}
"} 
[2026-02-03 03:23:34] local.ERROR: syntax error, unexpected token "}", expecting variable {"exception":"[object] (Symfony\\Component\\ErrorHandler\\Error\\FatalError(code: 0): syntax error, unexpected token \"}\", expecting variable at /Applications/XAMPP/xamppfiles/htdocs/auth/app/Models/Category.php:11)
[stacktrace]
#0 {main}
"} 
[2026-02-03 03:24:33] local.ERROR: syntax error, unexpected token "}", expecting variable {"exception":"[object] (Symfony\\Component\\ErrorHandler\\Error\\FatalError(code: 0): syntax error, unexpected token \"}\", expecting variable at /Applications/XAMPP/xamppfiles/htdocs/auth/app/Models/Category.php:11)
[stacktrace]
#0 {main}
"} 
[2026-02-03 03:25:34] local.ERROR: syntax error, unexpected token "}", expecting variable {"exception":"[object] (Symfony\\Component\\ErrorHandler\\Error\\FatalError(code: 0): syntax error, unexpected token \"}\", expecting variable at /Applications/XAMPP/xamppfiles/htdocs/auth/app/Models/Category.php:11)
[stacktrace]
#0 {main}
"} 
[2026-02-03 03:26:33] local.ERROR: syntax error, unexpected token "}", expecting variable {"exception":"[object] (Symfony\\Component\\ErrorHandler\\Error\\FatalError(code: 0): syntax error, unexpected token \"}\", expecting variable at /Applications/XAMPP/xamppfiles/htdocs/auth/app/Models/Category.php:11)
[stacktrace]
#0 {main}
"} 
[2026-02-03 03:27:34] local.ERROR: syntax error, unexpected token "}", expecting variable {"exception":"[object] (Symfony\\Component\\ErrorHandler\\Error\\FatalError(code: 0): syntax error, unexpected token \"}\", expecting variable at /Applications/XAMPP/xamppfiles/htdocs/auth/app/Models/Category.php:11)
[stacktrace]
#0 {main}
"} 
[2026-02-03 03:28:34] local.ERROR: syntax error, unexpected token "}", expecting variable {"exception":"[object] (Symfony\\Component\\ErrorHandler\\Error\\FatalError(code: 0): syntax error, unexpected token \"}\", expecting variable at /Applications/XAMPP/xamppfiles/htdocs/auth/app/Models/Category.php:11)
[stacktrace]
#0 {main}
"} 
[2026-02-03 03:29:34] local.ERROR: syntax error, unexpected token "}", expecting variable {"exception":"[object] (Symfony\\Component\\ErrorHandler\\Error\\FatalError(code: 0): syntax error, unexpected token \"}\", expecting variable at /Applications/XAMPP/xamppfiles/htdocs/auth/app/Models/Category.php:11)
[stacktrace]
#0 {main}
"} 
[2026-02-03 03:30:33] local.ERROR: syntax error, unexpected token "}", expecting variable {"exception":"[object] (Symfony\\Component\\ErrorHandler\\Error\\FatalError(code: 0): syntax error, unexpected token \"}\", expecting variable at /Applications/XAMPP/xamppfiles/htdocs/auth/app/Models/Category.php:11)
[stacktrace]
#0 {main}
"} 
[2026-02-03 03:31:33] local.ERROR: syntax error, unexpected token "}", expecting variable {"exception":"[object] (Symfony\\Component\\ErrorHandler\\Error\\FatalError(code: 0): syntax error, unexpected token \"}\", expecting variable at /Applications/XAMPP/xamppfiles/htdocs/auth/app/Models/Category.php:11)
[stacktrace]
#0 {main}
"} 
[2026-02-03 03:32:34] local.ERROR: syntax error, unexpected token "}", expecting variable {"exception":"[object] (Symfony\\Component\\ErrorHandler\\Error\\FatalError(code: 0): syntax error, unexpected token \"}\", expecting variable at /Applications/XAMPP/xamppfiles/htdocs/auth/app/Models/Category.php:11)
[stacktrace]
#0 {main}
"} 
[2026-02-03 03:33:34] local.ERROR: syntax error, unexpected token "}", expecting variable {"exception":"[object] (Symfony\\Component\\ErrorHandler\\Error\\FatalError(code: 0): syntax error, unexpected token \"}\", expecting variable at /Applications/XAMPP/xamppfiles/htdocs/auth/app/Models/Category.php:11)
[stacktrace]
#0 {main}
"} 
[2026-02-03 03:34:33] local.ERROR: syntax error, unexpected token "}", expecting variable {"exception":"[object] (Symfony\\Component\\ErrorHandler\\Error\\FatalError(code: 0): syntax error, unexpected token \"}\", expecting variable at /Applications/XAMPP/xamppfiles/htdocs/auth/app/Models/Category.php:11)
[stacktrace]
#0 {main}
"} 
[2026-02-03 03:35:34] local.ERROR: syntax error, unexpected token "}", expecting variable {"exception":"[object] (Symfony\\Component\\ErrorHandler\\Error\\FatalError(code: 0): syntax error, unexpected token \"}\", expecting variable at /Applications/XAMPP/xamppfiles/htdocs/auth/app/Models/Category.php:11)
[stacktrace]
#0 {main}
"} 
[2026-02-03 03:36:34] local.ERROR: syntax error, unexpected token "}", expecting variable {"exception":"[object] (Symfony\\Component\\ErrorHandler\\Error\\FatalError(code: 0): syntax error, unexpected token \"}\", expecting variable at /Applications/XAMPP/xamppfiles/htdocs/auth/app/Models/Category.php:11)
[stacktrace]
#0 {main}
"} 
[2026-02-03 03:37:34] local.ERROR: syntax error, unexpected token "}", expecting variable {"exception":"[object] (Symfony\\Component\\ErrorHandler\\Error\\FatalError(code: 0): syntax error, unexpected token \"}\", expecting variable at /Applications/XAMPP/xamppfiles/htdocs/auth/app/Models/Category.php:11)
[stacktrace]
#0 {main}
"} 
[2026-02-03 03:38:34] local.ERROR: syntax error, unexpected token "}", expecting variable {"exception":"[object] (Symfony\\Component\\ErrorHandler\\Error\\FatalError(code: 0): syntax error, unexpected token \"}\", expecting variable at /Applications/XAMPP/xamppfiles/htdocs/auth/app/Models/Category.php:11)
[stacktrace]
#0 {main}
"} 
[2026-02-03 03:39:33] local.ERROR: syntax error, unexpected token "}", expecting variable {"exception":"[object] (Symfony\\Component\\ErrorHandler\\Error\\FatalError(code: 0): syntax error, unexpected token \"}\", expecting variable at /Applications/XAMPP/xamppfiles/htdocs/auth/app/Models/Category.php:11)
[stacktrace]
#0 {main}
"} 
[2026-02-03 03:40:34] local.ERROR: syntax error, unexpected token "}", expecting variable {"exception":"[object] (Symfony\\Component\\ErrorHandler\\Error\\FatalError(code: 0): syntax error, unexpected token \"}\", expecting variable at /Applications/XAMPP/xamppfiles/htdocs/auth/app/Models/Category.php:11)
[stacktrace]
#0 {main}
"} 
[2026-02-03 03:41:34] local.ERROR: syntax error, unexpected token "}", expecting variable {"exception":"[object] (Symfony\\Component\\ErrorHandler\\Error\\FatalError(code: 0): syntax error, unexpected token \"}\", expecting variable at /Applications/XAMPP/xamppfiles/htdocs/auth/app/Models/Category.php:11)
[stacktrace]
#0 {main}
"} 
[2026-02-03 03:42:33] local.ERROR: syntax error, unexpected token "}", expecting variable {"exception":"[object] (Symfony\\Component\\ErrorHandler\\Error\\FatalError(code: 0): syntax error, unexpected token \"}\", expecting variable at /Applications/XAMPP/xamppfiles/htdocs/auth/app/Models/Category.php:11)
[stacktrace]
#0 {main}
"} 
[2026-02-03 03:43:33] local.ERROR: syntax error, unexpected token "}", expecting variable {"exception":"[object] (Symfony\\Component\\ErrorHandler\\Error\\FatalError(code: 0): syntax error, unexpected token \"}\", expecting variable at /Applications/XAMPP/xamppfiles/htdocs/auth/app/Models/Category.php:11)
[stacktrace]
#0 {main}
"} 
[2026-02-03 03:44:33] local.ERROR: syntax error, unexpected token "}", expecting variable {"exception":"[object] (Symfony\\Component\\ErrorHandler\\Error\\FatalError(code: 0): syntax error, unexpected token \"}\", expecting variable at /Applications/XAMPP/xamppfiles/htdocs/auth/app/Models/Category.php:11)
[stacktrace]
#0 {main}
"} 
[2026-02-03 03:45:33] local.ERROR: syntax error, unexpected token "}", expecting variable {"exception":"[object] (Symfony\\Component\\ErrorHandler\\Error\\FatalError(code: 0): syntax error, unexpected token \"}\", expecting variable at /Applications/XAMPP/xamppfiles/htdocs/auth/app/Models/Category.php:11)
[stacktrace]
#0 {main}
"} 
[2026-02-03 03:46:33] local.ERROR: syntax error, unexpected token "}", expecting variable {"exception":"[object] (Symfony\\Component\\ErrorHandler\\Error\\FatalError(code: 0): syntax error, unexpected token \"}\", expecting variable at /Applications/XAMPP/xamppfiles/htdocs/auth/app/Models/Category.php:11)
[stacktrace]
#0 {main}
"} 
[2026-02-03 03:47:34] local.ERROR: syntax error, unexpected token "}", expecting variable {"exception":"[object] (Symfony\\Component\\ErrorHandler\\Error\\FatalError(code: 0): syntax error, unexpected token \"}\", expecting variable at /Applications/XAMPP/xamppfiles/htdocs/auth/app/Models/Category.php:11)
[stacktrace]
#0 {main}
"} 
[2026-02-03 03:48:33] local.ERROR: syntax error, unexpected token "}", expecting variable {"exception":"[object] (Symfony\\Component\\ErrorHandler\\Error\\FatalError(code: 0): syntax error, unexpected token \"}\", expecting variable at /Applications/XAMPP/xamppfiles/htdocs/auth/app/Models/Category.php:11)
[stacktrace]
#0 {main}
"} 
[2026-02-03 03:49:33] local.ERROR: syntax error, unexpected token "}", expecting variable {"exception":"[object] (Symfony\\Component\\ErrorHandler\\Error\\FatalError(code: 0): syntax error, unexpected token \"}\", expecting variable at /Applications/XAMPP/xamppfiles/htdocs/auth/app/Models/Category.php:11)
[stacktrace]
#0 {main}
"} 
[2026-02-03 03:50:33] local.ERROR: syntax error, unexpected token "}", expecting variable {"exception":"[object] (Symfony\\Component\\ErrorHandler\\Error\\FatalError(code: 0): syntax error, unexpected token \"}\", expecting variable at /Applications/XAMPP/xamppfiles/htdocs/auth/app/Models/Category.php:11)
[stacktrace]
#0 {main}
"} 
[2026-02-03 03:51:34] local.ERROR: syntax error, unexpected token "}", expecting variable {"exception":"[object] (Symfony\\Component\\ErrorHandler\\Error\\FatalError(code: 0): syntax error, unexpected token \"}\", expecting variable at /Applications/XAMPP/xamppfiles/htdocs/auth/app/Models/Category.php:11)
[stacktrace]
#0 {main}
"} 
[2026-02-03 03:52:34] local.ERROR: syntax error, unexpected token "}", expecting variable {"exception":"[object] (Symfony\\Component\\ErrorHandler\\Error\\FatalError(code: 0): syntax error, unexpected token \"}\", expecting variable at /Applications/XAMPP/xamppfiles/htdocs/auth/app/Models/Category.php:11)
[stacktrace]
#0 {main}
"} 
[2026-02-03 03:53:34] local.ERROR: syntax error, unexpected token "}", expecting variable {"exception":"[object] (Symfony\\Component\\ErrorHandler\\Error\\FatalError(code: 0): syntax error, unexpected token \"}\", expecting variable at /Applications/XAMPP/xamppfiles/htdocs/auth/app/Models/Category.php:11)
[stacktrace]
#0 {main}
"} 
[2026-02-03 03:54:34] local.ERROR: syntax error, unexpected token "}", expecting variable {"exception":"[object] (Symfony\\Component\\ErrorHandler\\Error\\FatalError(code: 0): syntax error, unexpected token \"}\", expecting variable at /Applications/XAMPP/xamppfiles/htdocs/auth/app/Models/Category.php:11)
[stacktrace]
#0 {main}
"} 
[2026-02-03 03:55:34] local.ERROR: syntax error, unexpected token "}", expecting variable {"exception":"[object] (Symfony\\Component\\ErrorHandler\\Error\\FatalError(code: 0): syntax error, unexpected token \"}\", expecting variable at /Applications/XAMPP/xamppfiles/htdocs/auth/app/Models/Category.php:11)
[stacktrace]
#0 {main}
"} 
[2026-02-03 03:56:33] local.ERROR: syntax error, unexpected token "}", expecting variable {"exception":"[object] (Symfony\\Component\\ErrorHandler\\Error\\FatalError(code: 0): syntax error, unexpected token \"}\", expecting variable at /Applications/XAMPP/xamppfiles/htdocs/auth/app/Models/Category.php:11)
[stacktrace]
#0 {main}
"} 
[2026-02-03 03:57:34] local.ERROR: syntax error, unexpected token "}", expecting variable {"exception":"[object] (Symfony\\Component\\ErrorHandler\\Error\\FatalError(code: 0): syntax error, unexpected token \"}\", expecting variable at /Applications/XAMPP/xamppfiles/htdocs/auth/app/Models/Category.php:11)
[stacktrace]
#0 {main}
"} 
[2026-02-03 03:58:33] local.ERROR: syntax error, unexpected token "}", expecting variable {"exception":"[object] (Symfony\\Component\\ErrorHandler\\Error\\FatalError(code: 0): syntax error, unexpected token \"}\", expecting variable at /Applications/XAMPP/xamppfiles/htdocs/auth/app/Models/Category.php:11)
[stacktrace]
#0 {main}
"} 
[2026-02-03 03:59:33] local.ERROR: syntax error, unexpected token "}", expecting variable {"exception":"[object] (Symfony\\Component\\ErrorHandler\\Error\\FatalError(code: 0): syntax error, unexpected token \"}\", expecting variable at /Applications/XAMPP/xamppfiles/htdocs/auth/app/Models/Category.php:11)
[stacktrace]
#0 {main}
"} 
[2026-02-03 04:00:34] local.ERROR: syntax error, unexpected token "}", expecting variable {"exception":"[object] (Symfony\\Component\\ErrorHandler\\Error\\FatalError(code: 0): syntax error, unexpected token \"}\", expecting variable at /Applications/XAMPP/xamppfiles/htdocs/auth/app/Models/Category.php:11)
[stacktrace]
#0 {main}
"} 
[2026-02-03 04:01:34] local.ERROR: syntax error, unexpected token "}", expecting variable {"exception":"[object] (Symfony\\Component\\ErrorHandler\\Error\\FatalError(code: 0): syntax error, unexpected token \"}\", expecting variable at /Applications/XAMPP/xamppfiles/htdocs/auth/app/Models/Category.php:11)
[stacktrace]
#0 {main}
"} 
[2026-02-03 04:02:34] local.ERROR: syntax error, unexpected token "}", expecting variable {"exception":"[object] (Symfony\\Component\\ErrorHandler\\Error\\FatalError(code: 0): syntax error, unexpected token \"}\", expecting variable at /Applications/XAMPP/xamppfiles/htdocs/auth/app/Models/Category.php:11)
[stacktrace]
#0 {main}
"} 
[2026-02-03 04:03:34] local.ERROR: syntax error, unexpected token "}", expecting variable {"exception":"[object] (Symfony\\Component\\ErrorHandler\\Error\\FatalError(code: 0): syntax error, unexpected token \"}\", expecting variable at /Applications/XAMPP/xamppfiles/htdocs/auth/app/Models/Category.php:11)
[stacktrace]
#0 {main}
"} 
[2026-02-03 04:04:34] local.ERROR: syntax error, unexpected token "}", expecting variable {"exception":"[object] (Symfony\\Component\\ErrorHandler\\Error\\FatalError(code: 0): syntax error, unexpected token \"}\", expecting variable at /Applications/XAMPP/xamppfiles/htdocs/auth/app/Models/Category.php:11)
[stacktrace]
#0 {main}
"} 
[2026-02-03 04:05:34] local.ERROR: syntax error, unexpected token "}", expecting variable {"exception":"[object] (Symfony\\Component\\ErrorHandler\\Error\\FatalError(code: 0): syntax error, unexpected token \"}\", expecting variable at /Applications/XAMPP/xamppfiles/htdocs/auth/app/Models/Category.php:11)
[stacktrace]
#0 {main}
"} 
[2026-02-03 04:06:33] local.ERROR: syntax error, unexpected token "}", expecting variable {"exception":"[object] (Symfony\\Component\\ErrorHandler\\Error\\FatalError(code: 0): syntax error, unexpected token \"}\", expecting variable at /Applications/XAMPP/xamppfiles/htdocs/auth/app/Models/Category.php:11)
[stacktrace]
#0 {main}
"} 
[2026-02-03 04:07:33] local.ERROR: syntax error, unexpected token "}", expecting variable {"exception":"[object] (Symfony\\Component\\ErrorHandler\\Error\\FatalError(code: 0): syntax error, unexpected token \"}\", expecting variable at /Applications/XAMPP/xamppfiles/htdocs/auth/app/Models/Category.php:11)
[stacktrace]
#0 {main}
"} 
[2026-02-03 04:08:33] local.ERROR: syntax error, unexpected token "}", expecting variable {"exception":"[object] (Symfony\\Component\\ErrorHandler\\Error\\FatalError(code: 0): syntax error, unexpected token \"}\", expecting variable at /Applications/XAMPP/xamppfiles/htdocs/auth/app/Models/Category.php:11)
[stacktrace]
#0 {main}
"} 
[2026-02-03 04:09:33] local.ERROR: syntax error, unexpected token "}", expecting variable {"exception":"[object] (Symfony\\Component\\ErrorHandler\\Error\\FatalError(code: 0): syntax error, unexpected token \"}\", expecting variable at /Applications/XAMPP/xamppfiles/htdocs/auth/app/Models/Category.php:11)
[stacktrace]
#0 {main}
"} 
[2026-02-03 04:10:33] local.ERROR: syntax error, unexpected token "}", expecting variable {"exception":"[object] (Symfony\\Component\\ErrorHandler\\Error\\FatalError(code: 0): syntax error, unexpected token \"}\", expecting variable at /Applications/XAMPP/xamppfiles/htdocs/auth/app/Models/Category.php:11)
[stacktrace]
#0 {main}
"} 
[2026-02-03 04:11:34] local.ERROR: syntax error, unexpected token "}", expecting variable {"exception":"[object] (Symfony\\Component\\ErrorHandler\\Error\\FatalError(code: 0): syntax error, unexpected token \"}\", expecting variable at /Applications/XAMPP/xamppfiles/htdocs/auth/app/Models/Category.php:11)
[stacktrace]
#0 {main}
"} 
[2026-02-03 04:12:33] local.ERROR: syntax error, unexpected token "}", expecting variable {"exception":"[object] (Symfony\\Component\\ErrorHandler\\Error\\FatalError(code: 0): syntax error, unexpected token \"}\", expecting variable at /Applications/XAMPP/xamppfiles/htdocs/auth/app/Models/Category.php:11)
[stacktrace]
#0 {main}
"} 
[2026-02-03 04:13:33] local.ERROR: syntax error, unexpected token "}", expecting variable {"exception":"[object] (Symfony\\Component\\ErrorHandler\\Error\\FatalError(code: 0): syntax error, unexpected token \"}\", expecting variable at /Applications/XAMPP/xamppfiles/htdocs/auth/app/Models/Category.php:11)
[stacktrace]
#0 {main}
"} 
[2026-02-03 04:14:33] local.ERROR: syntax error, unexpected token "}", expecting variable {"exception":"[object] (Symfony\\Component\\ErrorHandler\\Error\\FatalError(code: 0): syntax error, unexpected token \"}\", expecting variable at /Applications/XAMPP/xamppfiles/htdocs/auth/app/Models/Category.php:11)
[stacktrace]
#0 {main}
"} 
[2026-02-03 04:15:33] local.ERROR: syntax error, unexpected token "}", expecting variable {"exception":"[object] (Symfony\\Component\\ErrorHandler\\Error\\FatalError(code: 0): syntax error, unexpected token \"}\", expecting variable at /Applications/XAMPP/xamppfiles/htdocs/auth/app/Models/Category.php:11)
[stacktrace]
#0 {main}
"} 
[2026-02-03 04:16:33] local.ERROR: syntax error, unexpected token "}", expecting variable {"exception":"[object] (Symfony\\Component\\ErrorHandler\\Error\\FatalError(code: 0): syntax error, unexpected token \"}\", expecting variable at /Applications/XAMPP/xamppfiles/htdocs/auth/app/Models/Category.php:11)
[stacktrace]
#0 {main}
"} 
[2026-02-03 04:17:33] local.ERROR: syntax error, unexpected token "}", expecting variable {"exception":"[object] (Symfony\\Component\\ErrorHandler\\Error\\FatalError(code: 0): syntax error, unexpected token \"}\", expecting variable at /Applications/XAMPP/xamppfiles/htdocs/auth/app/Models/Category.php:11)
[stacktrace]
#0 {main}
"} 
[2026-02-03 04:18:33] local.ERROR: syntax error, unexpected token "}", expecting variable {"exception":"[object] (Symfony\\Component\\ErrorHandler\\Error\\FatalError(code: 0): syntax error, unexpected token \"}\", expecting variable at /Applications/XAMPP/xamppfiles/htdocs/auth/app/Models/Category.php:11)
[stacktrace]
#0 {main}
"} 
[2026-02-03 04:19:34] local.ERROR: syntax error, unexpected token "}", expecting variable {"exception":"[object] (Symfony\\Component\\ErrorHandler\\Error\\FatalError(code: 0): syntax error, unexpected token \"}\", expecting variable at /Applications/XAMPP/xamppfiles/htdocs/auth/app/Models/Category.php:11)
[stacktrace]
#0 {main}
"} 
[2026-02-03 04:20:34] local.ERROR: syntax error, unexpected token "}", expecting variable {"exception":"[object] (Symfony\\Component\\ErrorHandler\\Error\\FatalError(code: 0): syntax error, unexpected token \"}\", expecting variable at /Applications/XAMPP/xamppfiles/htdocs/auth/app/Models/Category.php:11)
[stacktrace]
#0 {main}
"} 
[2026-02-03 04:21:34] local.ERROR: syntax error, unexpected token "}", expecting variable {"exception":"[object] (Symfony\\Component\\ErrorHandler\\Error\\FatalError(code: 0): syntax error, unexpected token \"}\", expecting variable at /Applications/XAMPP/xamppfiles/htdocs/auth/app/Models/Category.php:11)
[stacktrace]
#0 {main}
"} 
[2026-02-03 04:22:34] local.ERROR: syntax error, unexpected token "}", expecting variable {"exception":"[object] (Symfony\\Component\\ErrorHandler\\Error\\FatalError(code: 0): syntax error, unexpected token \"}\", expecting variable at /Applications/XAMPP/xamppfiles/htdocs/auth/app/Models/Category.php:11)
[stacktrace]
#0 {main}
"} 
[2026-02-03 04:23:34] local.ERROR: syntax error, unexpected token "}", expecting variable {"exception":"[object] (Symfony\\Component\\ErrorHandler\\Error\\FatalError(code: 0): syntax error, unexpected token \"}\", expecting variable at /Applications/XAMPP/xamppfiles/htdocs/auth/app/Models/Category.php:11)
[stacktrace]
#0 {main}
"} 
[2026-02-03 04:24:34] local.ERROR: syntax error, unexpected token "}", expecting variable {"exception":"[object] (Symfony\\Component\\ErrorHandler\\Error\\FatalError(code: 0): syntax error, unexpected token \"}\", expecting variable at /Applications/XAMPP/xamppfiles/htdocs/auth/app/Models/Category.php:11)
[stacktrace]
#0 {main}
"} 
[2026-02-03 04:25:34] local.ERROR: syntax error, unexpected token "}", expecting variable {"exception":"[object] (Symfony\\Component\\ErrorHandler\\Error\\FatalError(code: 0): syntax error, unexpected token \"}\", expecting variable at /Applications/XAMPP/xamppfiles/htdocs/auth/app/Models/Category.php:11)
[stacktrace]
#0 {main}
"} 
[2026-02-03 04:26:34] local.ERROR: syntax error, unexpected token "}", expecting variable {"exception":"[object] (Symfony\\Component\\ErrorHandler\\Error\\FatalError(code: 0): syntax error, unexpected token \"}\", expecting variable at /Applications/XAMPP/xamppfiles/htdocs/auth/app/Models/Category.php:11)
[stacktrace]
#0 {main}
"} 
[2026-02-03 04:27:34] local.ERROR: syntax error, unexpected token "}", expecting variable {"exception":"[object] (Symfony\\Component\\ErrorHandler\\Error\\FatalError(code: 0): syntax error, unexpected token \"}\", expecting variable at /Applications/XAMPP/xamppfiles/htdocs/auth/app/Models/Category.php:11)
[stacktrace]
#0 {main}
"} 
[2026-02-03 04:28:33] local.ERROR: syntax error, unexpected token "}", expecting variable {"exception":"[object] (Symfony\\Component\\ErrorHandler\\Error\\FatalError(code: 0): syntax error, unexpected token \"}\", expecting variable at /Applications/XAMPP/xamppfiles/htdocs/auth/app/Models/Category.php:11)
[stacktrace]
#0 {main}
"} 
[2026-02-03 04:29:33] local.ERROR: syntax error, unexpected token "}", expecting variable {"exception":"[object] (Symfony\\Component\\ErrorHandler\\Error\\FatalError(code: 0): syntax error, unexpected token \"}\", expecting variable at /Applications/XAMPP/xamppfiles/htdocs/auth/app/Models/Category.php:11)
[stacktrace]
#0 {main}
"} 
[2026-02-03 04:30:33] local.ERROR: syntax error, unexpected token "}", expecting variable {"exception":"[object] (Symfony\\Component\\ErrorHandler\\Error\\FatalError(code: 0): syntax error, unexpected token \"}\", expecting variable at /Applications/XAMPP/xamppfiles/htdocs/auth/app/Models/Category.php:11)
[stacktrace]
#0 {main}
"} 
[2026-02-03 04:31:34] local.ERROR: syntax error, unexpected token "}", expecting variable {"exception":"[object] (Symfony\\Component\\ErrorHandler\\Error\\FatalError(code: 0): syntax error, unexpected token \"}\", expecting variable at /Applications/XAMPP/xamppfiles/htdocs/auth/app/Models/Category.php:11)
[stacktrace]
#0 {main}
"} 
[2026-02-03 04:32:34] local.ERROR: syntax error, unexpected token "}", expecting variable {"exception":"[object] (Symfony\\Component\\ErrorHandler\\Error\\FatalError(code: 0): syntax error, unexpected token \"}\", expecting variable at /Applications/XAMPP/xamppfiles/htdocs/auth/app/Models/Category.php:11)
[stacktrace]
#0 {main}
"} 
[2026-02-03 04:33:34] local.ERROR: syntax error, unexpected token "}", expecting variable {"exception":"[object] (Symfony\\Component\\ErrorHandler\\Error\\FatalError(code: 0): syntax error, unexpected token \"}\", expecting variable at /Applications/XAMPP/xamppfiles/htdocs/auth/app/Models/Category.php:11)
[stacktrace]
#0 {main}
"} 
[2026-02-03 04:34:34] local.ERROR: syntax error, unexpected token "}", expecting variable {"exception":"[object] (Symfony\\Component\\ErrorHandler\\Error\\FatalError(code: 0): syntax error, unexpected token \"}\", expecting variable at /Applications/XAMPP/xamppfiles/htdocs/auth/app/Models/Category.php:11)
[stacktrace]
#0 {main}
"} 
[2026-02-03 04:35:34] local.ERROR: syntax error, unexpected token "}", expecting variable {"exception":"[object] (Symfony\\Component\\ErrorHandler\\Error\\FatalError(code: 0): syntax error, unexpected token \"}\", expecting variable at /Applications/XAMPP/xamppfiles/htdocs/auth/app/Models/Category.php:11)
[stacktrace]
#0 {main}
"} 
[2026-02-03 04:36:34] local.ERROR: syntax error, unexpected token "}", expecting variable {"exception":"[object] (Symfony\\Component\\ErrorHandler\\Error\\FatalError(code: 0): syntax error, unexpected token \"}\", expecting variable at /Applications/XAMPP/xamppfiles/htdocs/auth/app/Models/Category.php:11)
[stacktrace]
#0 {main}
"} 
[2026-02-03 04:37:34] local.ERROR: syntax error, unexpected token "}", expecting variable {"exception":"[object] (Symfony\\Component\\ErrorHandler\\Error\\FatalError(code: 0): syntax error, unexpected token \"}\", expecting variable at /Applications/XAMPP/xamppfiles/htdocs/auth/app/Models/Category.php:11)
[stacktrace]
#0 {main}
"} 
[2026-02-03 04:38:34] local.ERROR: syntax error, unexpected token "}", expecting variable {"exception":"[object] (Symfony\\Component\\ErrorHandler\\Error\\FatalError(code: 0): syntax error, unexpected token \"}\", expecting variable at /Applications/XAMPP/xamppfiles/htdocs/auth/app/Models/Category.php:11)
[stacktrace]
#0 {main}
"} 
[2026-02-03 04:39:33] local.ERROR: syntax error, unexpected token "}", expecting variable {"exception":"[object] (Symfony\\Component\\ErrorHandler\\Error\\FatalError(code: 0): syntax error, unexpected token \"}\", expecting variable at /Applications/XAMPP/xamppfiles/htdocs/auth/app/Models/Category.php:11)
[stacktrace]
#0 {main}
"} 
[2026-02-03 04:40:34] local.ERROR: syntax error, unexpected token "}", expecting variable {"exception":"[object] (Symfony\\Component\\ErrorHandler\\Error\\FatalError(code: 0): syntax error, unexpected token \"}\", expecting variable at /Applications/XAMPP/xamppfiles/htdocs/auth/app/Models/Category.php:11)
[stacktrace]
#0 {main}
"} 
[2026-02-03 04:41:33] local.ERROR: syntax error, unexpected token "}", expecting variable {"exception":"[object] (Symfony\\Component\\ErrorHandler\\Error\\FatalError(code: 0): syntax error, unexpected token \"}\", expecting variable at /Applications/XAMPP/xamppfiles/htdocs/auth/app/Models/Category.php:11)
[stacktrace]
#0 {main}
"} 
[2026-02-03 04:42:33] local.ERROR: syntax error, unexpected token "}", expecting variable {"exception":"[object] (Symfony\\Component\\ErrorHandler\\Error\\FatalError(code: 0): syntax error, unexpected token \"}\", expecting variable at /Applications/XAMPP/xamppfiles/htdocs/auth/app/Models/Category.php:11)
[stacktrace]
#0 {main}
"} 
[2026-02-03 04:43:33] local.ERROR: syntax error, unexpected token "}", expecting variable {"exception":"[object] (Symfony\\Component\\ErrorHandler\\Error\\FatalError(code: 0): syntax error, unexpected token \"}\", expecting variable at /Applications/XAMPP/xamppfiles/htdocs/auth/app/Models/Category.php:11)
[stacktrace]
#0 {main}
"} 
[2026-02-03 04:44:34] local.ERROR: syntax error, unexpected token "}", expecting variable {"exception":"[object] (Symfony\\Component\\ErrorHandler\\Error\\FatalError(code: 0): syntax error, unexpected token \"}\", expecting variable at /Applications/XAMPP/xamppfiles/htdocs/auth/app/Models/Category.php:11)
[stacktrace]
#0 {main}
"} 
[2026-02-03 04:45:34] local.ERROR: syntax error, unexpected token "}", expecting variable {"exception":"[object] (Symfony\\Component\\ErrorHandler\\Error\\FatalError(code: 0): syntax error, unexpected token \"}\", expecting variable at /Applications/XAMPP/xamppfiles/htdocs/auth/app/Models/Category.php:11)
[stacktrace]
#0 {main}
"} 
[2026-02-03 04:46:34] local.ERROR: syntax error, unexpected token "}", expecting variable {"exception":"[object] (Symfony\\Component\\ErrorHandler\\Error\\FatalError(code: 0): syntax error, unexpected token \"}\", expecting variable at /Applications/XAMPP/xamppfiles/htdocs/auth/app/Models/Category.php:11)
[stacktrace]
#0 {main}
"} 
[2026-02-03 04:47:33] local.ERROR: syntax error, unexpected token "}", expecting variable {"exception":"[object] (Symfony\\Component\\ErrorHandler\\Error\\FatalError(code: 0): syntax error, unexpected token \"}\", expecting variable at /Applications/XAMPP/xamppfiles/htdocs/auth/app/Models/Category.php:11)
[stacktrace]
#0 {main}
"} 
[2026-02-03 04:48:34] local.ERROR: syntax error, unexpected token "}", expecting variable {"exception":"[object] (Symfony\\Component\\ErrorHandler\\Error\\FatalError(code: 0): syntax error, unexpected token \"}\", expecting variable at /Applications/XAMPP/xamppfiles/htdocs/auth/app/Models/Category.php:11)
[stacktrace]
#0 {main}
"} 
[2026-02-03 04:49:33] local.ERROR: syntax error, unexpected token "}", expecting variable {"exception":"[object] (Symfony\\Component\\ErrorHandler\\Error\\FatalError(code: 0): syntax error, unexpected token \"}\", expecting variable at /Applications/XAMPP/xamppfiles/htdocs/auth/app/Models/Category.php:11)
[stacktrace]
#0 {main}
"} 
[2026-02-03 04:50:34] local.ERROR: syntax error, unexpected token "}", expecting variable {"exception":"[object] (Symfony\\Component\\ErrorHandler\\Error\\FatalError(code: 0): syntax error, unexpected token \"}\", expecting variable at /Applications/XAMPP/xamppfiles/htdocs/auth/app/Models/Category.php:11)
[stacktrace]
#0 {main}
"} 
[2026-02-03 04:51:34] local.ERROR: syntax error, unexpected token "}", expecting variable {"exception":"[object] (Symfony\\Component\\ErrorHandler\\Error\\FatalError(code: 0): syntax error, unexpected token \"}\", expecting variable at /Applications/XAMPP/xamppfiles/htdocs/auth/app/Models/Category.php:11)
[stacktrace]
#0 {main}
"} 
[2026-02-03 04:52:34] local.ERROR: syntax error, unexpected token "}", expecting variable {"exception":"[object] (Symfony\\Component\\ErrorHandler\\Error\\FatalError(code: 0): syntax error, unexpected token \"}\", expecting variable at /Applications/XAMPP/xamppfiles/htdocs/auth/app/Models/Category.php:11)
[stacktrace]
#0 {main}
"} 
[2026-02-03 04:53:34] local.ERROR: syntax error, unexpected token "}", expecting variable {"exception":"[object] (Symfony\\Component\\ErrorHandler\\Error\\FatalError(code: 0): syntax error, unexpected token \"}\", expecting variable at /Applications/XAMPP/xamppfiles/htdocs/auth/app/Models/Category.php:11)
[stacktrace]
#0 {main}
"} 
[2026-02-03 04:54:34] local.ERROR: syntax error, unexpected token "}", expecting variable {"exception":"[object] (Symfony\\Component\\ErrorHandler\\Error\\FatalError(code: 0): syntax error, unexpected token \"}\", expecting variable at /Applications/XAMPP/xamppfiles/htdocs/auth/app/Models/Category.php:11)
[stacktrace]
#0 {main}
"} 
[2026-02-03 04:55:34] local.ERROR: syntax error, unexpected token "}", expecting variable {"exception":"[object] (Symfony\\Component\\ErrorHandler\\Error\\FatalError(code: 0): syntax error, unexpected token \"}\", expecting variable at /Applications/XAMPP/xamppfiles/htdocs/auth/app/Models/Category.php:11)
[stacktrace]
#0 {main}
"} 
[2026-02-03 04:56:33] local.ERROR: syntax error, unexpected token "}", expecting variable {"exception":"[object] (Symfony\\Component\\ErrorHandler\\Error\\FatalError(code: 0): syntax error, unexpected token \"}\", expecting variable at /Applications/XAMPP/xamppfiles/htdocs/auth/app/Models/Category.php:11)
[stacktrace]
#0 {main}
"} 
[2026-02-03 04:57:34] local.ERROR: syntax error, unexpected token "}", expecting variable {"exception":"[object] (Symfony\\Component\\ErrorHandler\\Error\\FatalError(code: 0): syntax error, unexpected token \"}\", expecting variable at /Applications/XAMPP/xamppfiles/htdocs/auth/app/Models/Category.php:11)
[stacktrace]
#0 {main}
"} 
[2026-02-03 04:58:33] local.ERROR: syntax error, unexpected token "}", expecting variable {"exception":"[object] (Symfony\\Component\\ErrorHandler\\Error\\FatalError(code: 0): syntax error, unexpected token \"}\", expecting variable at /Applications/XAMPP/xamppfiles/htdocs/auth/app/Models/Category.php:11)
[stacktrace]
#0 {main}
"} 
[2026-02-03 04:59:34] local.ERROR: syntax error, unexpected token "}", expecting variable {"exception":"[object] (Symfony\\Component\\ErrorHandler\\Error\\FatalError(code: 0): syntax error, unexpected token \"}\", expecting variable at /Applications/XAMPP/xamppfiles/htdocs/auth/app/Models/Category.php:11)
[stacktrace]
#0 {main}
"} 
[2026-02-03 05:00:34] local.ERROR: syntax error, unexpected token "}", expecting variable {"exception":"[object] (Symfony\\Component\\ErrorHandler\\Error\\FatalError(code: 0): syntax error, unexpected token \"}\", expecting variable at /Applications/XAMPP/xamppfiles/htdocs/auth/app/Models/Category.php:11)
[stacktrace]
#0 {main}
"} 
[2026-02-03 05:01:34] local.ERROR: syntax error, unexpected token "}", expecting variable {"exception":"[object] (Symfony\\Component\\ErrorHandler\\Error\\FatalError(code: 0): syntax error, unexpected token \"}\", expecting variable at /Applications/XAMPP/xamppfiles/htdocs/auth/app/Models/Category.php:11)
[stacktrace]
#0 {main}
"} 
[2026-02-03 05:02:33] local.ERROR: syntax error, unexpected token "}", expecting variable {"exception":"[object] (Symfony\\Component\\ErrorHandler\\Error\\FatalError(code: 0): syntax error, unexpected token \"}\", expecting variable at /Applications/XAMPP/xamppfiles/htdocs/auth/app/Models/Category.php:11)
[stacktrace]
#0 {main}
"} 
[2026-02-03 05:03:33] local.ERROR: syntax error, unexpected token "}", expecting variable {"exception":"[object] (Symfony\\Component\\ErrorHandler\\Error\\FatalError(code: 0): syntax error, unexpected token \"}\", expecting variable at /Applications/XAMPP/xamppfiles/htdocs/auth/app/Models/Category.php:11)
[stacktrace]
#0 {main}
"} 
[2026-02-03 05:04:34] local.ERROR: syntax error, unexpected token "}", expecting variable {"exception":"[object] (Symfony\\Component\\ErrorHandler\\Error\\FatalError(code: 0): syntax error, unexpected token \"}\", expecting variable at /Applications/XAMPP/xamppfiles/htdocs/auth/app/Models/Category.php:11)
[stacktrace]
#0 {main}
"} 
[2026-02-03 05:05:34] local.ERROR: syntax error, unexpected token "}", expecting variable {"exception":"[object] (Symfony\\Component\\ErrorHandler\\Error\\FatalError(code: 0): syntax error, unexpected token \"}\", expecting variable at /Applications/XAMPP/xamppfiles/htdocs/auth/app/Models/Category.php:11)
[stacktrace]
#0 {main}
"} 
[2026-02-03 05:06:34] local.ERROR: syntax error, unexpected token "}", expecting variable {"exception":"[object] (Symfony\\Component\\ErrorHandler\\Error\\FatalError(code: 0): syntax error, unexpected token \"}\", expecting variable at /Applications/XAMPP/xamppfiles/htdocs/auth/app/Models/Category.php:11)
[stacktrace]
#0 {main}
"} 
[2026-02-03 05:07:34] local.ERROR: syntax error, unexpected token "}", expecting variable {"exception":"[object] (Symfony\\Component\\ErrorHandler\\Error\\FatalError(code: 0): syntax error, unexpected token \"}\", expecting variable at /Applications/XAMPP/xamppfiles/htdocs/auth/app/Models/Category.php:11)
[stacktrace]
#0 {main}
"} 
[2026-02-03 05:08:34] local.ERROR: syntax error, unexpected token "}", expecting variable {"exception":"[object] (Symfony\\Component\\ErrorHandler\\Error\\FatalError(code: 0): syntax error, unexpected token \"}\", expecting variable at /Applications/XAMPP/xamppfiles/htdocs/auth/app/Models/Category.php:11)
[stacktrace]
#0 {main}
"} 
[2026-02-03 05:09:34] local.ERROR: syntax error, unexpected token "}", expecting variable {"exception":"[object] (Symfony\\Component\\ErrorHandler\\Error\\FatalError(code: 0): syntax error, unexpected token \"}\", expecting variable at /Applications/XAMPP/xamppfiles/htdocs/auth/app/Models/Category.php:11)
[stacktrace]
#0 {main}
"} 
[2026-02-03 05:10:34] local.ERROR: syntax error, unexpected token "}", expecting variable {"exception":"[object] (Symfony\\Component\\ErrorHandler\\Error\\FatalError(code: 0): syntax error, unexpected token \"}\", expecting variable at /Applications/XAMPP/xamppfiles/htdocs/auth/app/Models/Category.php:11)
[stacktrace]
#0 {main}
"} 
[2026-02-03 05:11:34] local.ERROR: syntax error, unexpected token "}", expecting variable {"exception":"[object] (Symfony\\Component\\ErrorHandler\\Error\\FatalError(code: 0): syntax error, unexpected token \"}\", expecting variable at /Applications/XAMPP/xamppfiles/htdocs/auth/app/Models/Category.php:11)
[stacktrace]
#0 {main}
"} 
[2026-02-03 05:12:33] local.ERROR: syntax error, unexpected token "}", expecting variable {"exception":"[object] (Symfony\\Component\\ErrorHandler\\Error\\FatalError(code: 0): syntax error, unexpected token \"}\", expecting variable at /Applications/XAMPP/xamppfiles/htdocs/auth/app/Models/Category.php:11)
[stacktrace]
#0 {main}
"} 
[2026-02-03 05:13:33] local.ERROR: syntax error, unexpected token "}", expecting variable {"exception":"[object] (Symfony\\Component\\ErrorHandler\\Error\\FatalError(code: 0): syntax error, unexpected token \"}\", expecting variable at /Applications/XAMPP/xamppfiles/htdocs/auth/app/Models/Category.php:11)
[stacktrace]
#0 {main}
"} 
[2026-02-03 05:14:33] local.ERROR: syntax error, unexpected token "}", expecting variable {"exception":"[object] (Symfony\\Component\\ErrorHandler\\Error\\FatalError(code: 0): syntax error, unexpected token \"}\", expecting variable at /Applications/XAMPP/xamppfiles/htdocs/auth/app/Models/Category.php:11)
[stacktrace]
#0 {main}
"} 
[2026-02-03 05:15:33] local.ERROR: syntax error, unexpected token "}", expecting variable {"exception":"[object] (Symfony\\Component\\ErrorHandler\\Error\\FatalError(code: 0): syntax error, unexpected token \"}\", expecting variable at /Applications/XAMPP/xamppfiles/htdocs/auth/app/Models/Category.php:11)
[stacktrace]
#0 {main}
"} 
[2026-02-03 05:16:33] local.ERROR: syntax error, unexpected token "}", expecting variable {"exception":"[object] (Symfony\\Component\\ErrorHandler\\Error\\FatalError(code: 0): syntax error, unexpected token \"}\", expecting variable at /Applications/XAMPP/xamppfiles/htdocs/auth/app/Models/Category.php:11)
[stacktrace]
#0 {main}
"} 
[2026-02-03 05:17:33] local.ERROR: syntax error, unexpected token "}", expecting variable {"exception":"[object] (Symfony\\Component\\ErrorHandler\\Error\\FatalError(code: 0): syntax error, unexpected token \"}\", expecting variable at /Applications/XAMPP/xamppfiles/htdocs/auth/app/Models/Category.php:11)
[stacktrace]
#0 {main}
"} 
[2026-02-03 05:18:33] local.ERROR: syntax error, unexpected token "}", expecting variable {"exception":"[object] (Symfony\\Component\\ErrorHandler\\Error\\FatalError(code: 0): syntax error, unexpected token \"}\", expecting variable at /Applications/XAMPP/xamppfiles/htdocs/auth/app/Models/Category.php:11)
[stacktrace]
#0 {main}
"} 
[2026-02-03 05:19:34] local.ERROR: syntax error, unexpected token "}", expecting variable {"exception":"[object] (Symfony\\Component\\ErrorHandler\\Error\\FatalError(code: 0): syntax error, unexpected token \"}\", expecting variable at /Applications/XAMPP/xamppfiles/htdocs/auth/app/Models/Category.php:11)
[stacktrace]
#0 {main}
"} 
[2026-02-03 05:20:34] local.ERROR: syntax error, unexpected token "}", expecting variable {"exception":"[object] (Symfony\\Component\\ErrorHandler\\Error\\FatalError(code: 0): syntax error, unexpected token \"}\", expecting variable at /Applications/XAMPP/xamppfiles/htdocs/auth/app/Models/Category.php:11)
[stacktrace]
#0 {main}
"} 
[2026-02-03 05:21:34] local.ERROR: syntax error, unexpected token "}", expecting variable {"exception":"[object] (Symfony\\Component\\ErrorHandler\\Error\\FatalError(code: 0): syntax error, unexpected token \"}\", expecting variable at /Applications/XAMPP/xamppfiles/htdocs/auth/app/Models/Category.php:11)
[stacktrace]
#0 {main}
"} 
[2026-02-03 05:22:34] local.ERROR: syntax error, unexpected token "}", expecting variable {"exception":"[object] (Symfony\\Component\\ErrorHandler\\Error\\FatalError(code: 0): syntax error, unexpected token \"}\", expecting variable at /Applications/XAMPP/xamppfiles/htdocs/auth/app/Models/Category.php:11)
[stacktrace]
#0 {main}
"} 
[2026-02-03 05:23:34] local.ERROR: syntax error, unexpected token "}", expecting variable {"exception":"[object] (Symfony\\Component\\ErrorHandler\\Error\\FatalError(code: 0): syntax error, unexpected token \"}\", expecting variable at /Applications/XAMPP/xamppfiles/htdocs/auth/app/Models/Category.php:11)
[stacktrace]
#0 {main}
"} 
[2026-02-03 05:24:34] local.ERROR: syntax error, unexpected token "}", expecting variable {"exception":"[object] (Symfony\\Component\\ErrorHandler\\Error\\FatalError(code: 0): syntax error, unexpected token \"}\", expecting variable at /Applications/XAMPP/xamppfiles/htdocs/auth/app/Models/Category.php:11)
[stacktrace]
#0 {main}
"} 
[2026-02-03 05:25:34] local.ERROR: syntax error, unexpected token "}", expecting variable {"exception":"[object] (Symfony\\Component\\ErrorHandler\\Error\\FatalError(code: 0): syntax error, unexpected token \"}\", expecting variable at /Applications/XAMPP/xamppfiles/htdocs/auth/app/Models/Category.php:11)
[stacktrace]
#0 {main}
"} 
[2026-02-03 05:26:33] local.ERROR: syntax error, unexpected token "}", expecting variable {"exception":"[object] (Symfony\\Component\\ErrorHandler\\Error\\FatalError(code: 0): syntax error, unexpected token \"}\", expecting variable at /Applications/XAMPP/xamppfiles/htdocs/auth/app/Models/Category.php:11)
[stacktrace]
#0 {main}
"} 
[2026-02-03 05:27:34] local.ERROR: syntax error, unexpected token "}", expecting variable {"exception":"[object] (Symfony\\Component\\ErrorHandler\\Error\\FatalError(code: 0): syntax error, unexpected token \"}\", expecting variable at /Applications/XAMPP/xamppfiles/htdocs/auth/app/Models/Category.php:11)
[stacktrace]
#0 {main}
"} 
[2026-02-03 05:28:34] local.ERROR: syntax error, unexpected token "}", expecting variable {"exception":"[object] (Symfony\\Component\\ErrorHandler\\Error\\FatalError(code: 0): syntax error, unexpected token \"}\", expecting variable at /Applications/XAMPP/xamppfiles/htdocs/auth/app/Models/Category.php:11)
[stacktrace]
#0 {main}
"} 
[2026-02-03 05:29:34] local.ERROR: syntax error, unexpected token "}", expecting variable {"exception":"[object] (Symfony\\Component\\ErrorHandler\\Error\\FatalError(code: 0): syntax error, unexpected token \"}\", expecting variable at /Applications/XAMPP/xamppfiles/htdocs/auth/app/Models/Category.php:11)
[stacktrace]
#0 {main}
"} 
[2026-02-03 05:30:34] local.ERROR: syntax error, unexpected token "}", expecting variable {"exception":"[object] (Symfony\\Component\\ErrorHandler\\Error\\FatalError(code: 0): syntax error, unexpected token \"}\", expecting variable at /Applications/XAMPP/xamppfiles/htdocs/auth/app/Models/Category.php:11)
[stacktrace]
#0 {main}
"} 
[2026-02-03 05:31:33] local.ERROR: syntax error, unexpected token "}", expecting variable {"exception":"[object] (Symfony\\Component\\ErrorHandler\\Error\\FatalError(code: 0): syntax error, unexpected token \"}\", expecting variable at /Applications/XAMPP/xamppfiles/htdocs/auth/app/Models/Category.php:11)
[stacktrace]
#0 {main}
"} 
[2026-02-03 05:32:33] local.ERROR: syntax error, unexpected token "}", expecting variable {"exception":"[object] (Symfony\\Component\\ErrorHandler\\Error\\FatalError(code: 0): syntax error, unexpected token \"}\", expecting variable at /Applications/XAMPP/xamppfiles/htdocs/auth/app/Models/Category.php:11)
[stacktrace]
#0 {main}
"} 
[2026-02-03 05:33:33] local.ERROR: syntax error, unexpected token "}", expecting variable {"exception":"[object] (Symfony\\Component\\ErrorHandler\\Error\\FatalError(code: 0): syntax error, unexpected token \"}\", expecting variable at /Applications/XAMPP/xamppfiles/htdocs/auth/app/Models/Category.php:11)
[stacktrace]
#0 {main}
"} 
[2026-02-03 05:34:34] local.ERROR: syntax error, unexpected token "}", expecting variable {"exception":"[object] (Symfony\\Component\\ErrorHandler\\Error\\FatalError(code: 0): syntax error, unexpected token \"}\", expecting variable at /Applications/XAMPP/xamppfiles/htdocs/auth/app/Models/Category.php:11)
[stacktrace]
#0 {main}
"} 
[2026-02-03 05:35:34] local.ERROR: syntax error, unexpected token "}", expecting variable {"exception":"[object] (Symfony\\Component\\ErrorHandler\\Error\\FatalError(code: 0): syntax error, unexpected token \"}\", expecting variable at /Applications/XAMPP/xamppfiles/htdocs/auth/app/Models/Category.php:11)
[stacktrace]
#0 {main}
"} 
[2026-02-03 05:36:34] local.ERROR: syntax error, unexpected token "}", expecting variable {"exception":"[object] (Symfony\\Component\\ErrorHandler\\Error\\FatalError(code: 0): syntax error, unexpected token \"}\", expecting variable at /Applications/XAMPP/xamppfiles/htdocs/auth/app/Models/Category.php:11)
[stacktrace]
#0 {main}
"} 
[2026-02-03 05:37:34] local.ERROR: syntax error, unexpected token "}", expecting variable {"exception":"[object] (Symfony\\Component\\ErrorHandler\\Error\\FatalError(code: 0): syntax error, unexpected token \"}\", expecting variable at /Applications/XAMPP/xamppfiles/htdocs/auth/app/Models/Category.php:11)
[stacktrace]
#0 {main}
"} 
[2026-02-03 05:38:34] local.ERROR: syntax error, unexpected token "}", expecting variable {"exception":"[object] (Symfony\\Component\\ErrorHandler\\Error\\FatalError(code: 0): syntax error, unexpected token \"}\", expecting variable at /Applications/XAMPP/xamppfiles/htdocs/auth/app/Models/Category.php:11)
[stacktrace]
#0 {main}
"} 
[2026-02-03 05:39:34] local.ERROR: syntax error, unexpected token "}", expecting variable {"exception":"[object] (Symfony\\Component\\ErrorHandler\\Error\\FatalError(code: 0): syntax error, unexpected token \"}\", expecting variable at /Applications/XAMPP/xamppfiles/htdocs/auth/app/Models/Category.php:11)
[stacktrace]
#0 {main}
"} 
[2026-02-03 05:40:34] local.ERROR: syntax error, unexpected token "}", expecting variable {"exception":"[object] (Symfony\\Component\\ErrorHandler\\Error\\FatalError(code: 0): syntax error, unexpected token \"}\", expecting variable at /Applications/XAMPP/xamppfiles/htdocs/auth/app/Models/Category.php:11)
[stacktrace]
#0 {main}
"} 
[2026-02-03 05:41:34] local.ERROR: syntax error, unexpected token "}", expecting variable {"exception":"[object] (Symfony\\Component\\ErrorHandler\\Error\\FatalError(code: 0): syntax error, unexpected token \"}\", expecting variable at /Applications/XAMPP/xamppfiles/htdocs/auth/app/Models/Category.php:11)
[stacktrace]
#0 {main}
"} 
[2026-02-03 05:42:34] local.ERROR: syntax error, unexpected token "}", expecting variable {"exception":"[object] (Symfony\\Component\\ErrorHandler\\Error\\FatalError(code: 0): syntax error, unexpected token \"}\", expecting variable at /Applications/XAMPP/xamppfiles/htdocs/auth/app/Models/Category.php:11)
[stacktrace]
#0 {main}
"} 
[2026-02-03 05:43:34] local.ERROR: syntax error, unexpected token "}", expecting variable {"exception":"[object] (Symfony\\Component\\ErrorHandler\\Error\\FatalError(code: 0): syntax error, unexpected token \"}\", expecting variable at /Applications/XAMPP/xamppfiles/htdocs/auth/app/Models/Category.php:11)
[stacktrace]
#0 {main}
"} 
[2026-02-03 05:44:34] local.ERROR: syntax error, unexpected token "}", expecting variable {"exception":"[object] (Symfony\\Component\\ErrorHandler\\Error\\FatalError(code: 0): syntax error, unexpected token \"}\", expecting variable at /Applications/XAMPP/xamppfiles/htdocs/auth/app/Models/Category.php:11)
[stacktrace]
#0 {main}
"} 
[2026-02-03 05:45:34] local.ERROR: syntax error, unexpected token "}", expecting variable {"exception":"[object] (Symfony\\Component\\ErrorHandler\\Error\\FatalError(code: 0): syntax error, unexpected token \"}\", expecting variable at /Applications/XAMPP/xamppfiles/htdocs/auth/app/Models/Category.php:11)
[stacktrace]
#0 {main}
"} 
[2026-02-03 05:46:34] local.ERROR: syntax error, unexpected token "}", expecting variable {"exception":"[object] (Symfony\\Component\\ErrorHandler\\Error\\FatalError(code: 0): syntax error, unexpected token \"}\", expecting variable at /Applications/XAMPP/xamppfiles/htdocs/auth/app/Models/Category.php:11)
[stacktrace]
#0 {main}
"} 
[2026-02-03 05:47:34] local.ERROR: syntax error, unexpected token "}", expecting variable {"exception":"[object] (Symfony\\Component\\ErrorHandler\\Error\\FatalError(code: 0): syntax error, unexpected token \"}\", expecting variable at /Applications/XAMPP/xamppfiles/htdocs/auth/app/Models/Category.php:11)
[stacktrace]
#0 {main}
"} 
[2026-02-03 05:48:34] local.ERROR: syntax error, unexpected token "}", expecting variable {"exception":"[object] (Symfony\\Component\\ErrorHandler\\Error\\FatalError(code: 0): syntax error, unexpected token \"}\", expecting variable at /Applications/XAMPP/xamppfiles/htdocs/auth/app/Models/Category.php:11)
[stacktrace]
#0 {main}
"} 
[2026-02-03 05:49:34] local.ERROR: syntax error, unexpected token "}", expecting variable {"exception":"[object] (Symfony\\Component\\ErrorHandler\\Error\\FatalError(code: 0): syntax error, unexpected token \"}\", expecting variable at /Applications/XAMPP/xamppfiles/htdocs/auth/app/Models/Category.php:11)
[stacktrace]
#0 {main}
"} 
[2026-02-03 05:50:34] local.ERROR: syntax error, unexpected token "}", expecting variable {"exception":"[object] (Symfony\\Component\\ErrorHandler\\Error\\FatalError(code: 0): syntax error, unexpected token \"}\", expecting variable at /Applications/XAMPP/xamppfiles/htdocs/auth/app/Models/Category.php:11)
[stacktrace]
#0 {main}
"} 
[2026-02-03 05:51:34] local.ERROR: syntax error, unexpected token "}", expecting variable {"exception":"[object] (Symfony\\Component\\ErrorHandler\\Error\\FatalError(code: 0): syntax error, unexpected token \"}\", expecting variable at /Applications/XAMPP/xamppfiles/htdocs/auth/app/Models/Category.php:11)
[stacktrace]
#0 {main}
"} 
[2026-02-03 05:52:34] local.ERROR: syntax error, unexpected token "}", expecting variable {"exception":"[object] (Symfony\\Component\\ErrorHandler\\Error\\FatalError(code: 0): syntax error, unexpected token \"}\", expecting variable at /Applications/XAMPP/xamppfiles/htdocs/auth/app/Models/Category.php:11)
[stacktrace]
#0 {main}
"} 
[2026-02-03 05:53:34] local.ERROR: syntax error, unexpected token "}", expecting variable {"exception":"[object] (Symfony\\Component\\ErrorHandler\\Error\\FatalError(code: 0): syntax error, unexpected token \"}\", expecting variable at /Applications/XAMPP/xamppfiles/htdocs/auth/app/Models/Category.php:11)
[stacktrace]
#0 {main}
"} 
[2026-02-03 05:54:34] local.ERROR: syntax error, unexpected token "}", expecting variable {"exception":"[object] (Symfony\\Component\\ErrorHandler\\Error\\FatalError(code: 0): syntax error, unexpected token \"}\", expecting variable at /Applications/XAMPP/xamppfiles/htdocs/auth/app/Models/Category.php:11)
[stacktrace]
#0 {main}
"} 
[2026-02-03 05:55:34] local.ERROR: syntax error, unexpected token "}", expecting variable {"exception":"[object] (Symfony\\Component\\ErrorHandler\\Error\\FatalError(code: 0): syntax error, unexpected token \"}\", expecting variable at /Applications/XAMPP/xamppfiles/htdocs/auth/app/Models/Category.php:11)
[stacktrace]
#0 {main}
"} 
[2026-02-03 05:56:34] local.ERROR: syntax error, unexpected token "}", expecting variable {"exception":"[object] (Symfony\\Component\\ErrorHandler\\Error\\FatalError(code: 0): syntax error, unexpected token \"}\", expecting variable at /Applications/XAMPP/xamppfiles/htdocs/auth/app/Models/Category.php:11)
[stacktrace]
#0 {main}
"} 
[2026-02-03 05:57:34] local.ERROR: syntax error, unexpected token "}", expecting variable {"exception":"[object] (Symfony\\Component\\ErrorHandler\\Error\\FatalError(code: 0): syntax error, unexpected token \"}\", expecting variable at /Applications/XAMPP/xamppfiles/htdocs/auth/app/Models/Category.php:11)
[stacktrace]
#0 {main}
"} 
[2026-02-03 05:58:34] local.ERROR: syntax error, unexpected token "}", expecting variable {"exception":"[object] (Symfony\\Component\\ErrorHandler\\Error\\FatalError(code: 0): syntax error, unexpected token \"}\", expecting variable at /Applications/XAMPP/xamppfiles/htdocs/auth/app/Models/Category.php:11)
[stacktrace]
#0 {main}
"} 
[2026-02-03 05:59:34] local.ERROR: syntax error, unexpected token "}", expecting variable {"exception":"[object] (Symfony\\Component\\ErrorHandler\\Error\\FatalError(code: 0): syntax error, unexpected token \"}\", expecting variable at /Applications/XAMPP/xamppfiles/htdocs/auth/app/Models/Category.php:11)
[stacktrace]
#0 {main}
"} 
[2026-02-03 06:00:34] local.ERROR: syntax error, unexpected token "}", expecting variable {"exception":"[object] (Symfony\\Component\\ErrorHandler\\Error\\FatalError(code: 0): syntax error, unexpected token \"}\", expecting variable at /Applications/XAMPP/xamppfiles/htdocs/auth/app/Models/Category.php:11)
[stacktrace]
#0 {main}
"} 
[2026-02-03 06:01:34] local.ERROR: syntax error, unexpected token "}", expecting variable {"exception":"[object] (Symfony\\Component\\ErrorHandler\\Error\\FatalError(code: 0): syntax error, unexpected token \"}\", expecting variable at /Applications/XAMPP/xamppfiles/htdocs/auth/app/Models/Category.php:11)
[stacktrace]
#0 {main}
"} 
[2026-02-03 06:02:34] local.ERROR: syntax error, unexpected token "}", expecting variable {"exception":"[object] (Symfony\\Component\\ErrorHandler\\Error\\FatalError(code: 0): syntax error, unexpected token \"}\", expecting variable at /Applications/XAMPP/xamppfiles/htdocs/auth/app/Models/Category.php:11)
[stacktrace]
#0 {main}
"} 
[2026-02-03 06:03:34] local.ERROR: syntax error, unexpected token "}", expecting variable {"exception":"[object] (Symfony\\Component\\ErrorHandler\\Error\\FatalError(code: 0): syntax error, unexpected token \"}\", expecting variable at /Applications/XAMPP/xamppfiles/htdocs/auth/app/Models/Category.php:11)
[stacktrace]
#0 {main}
"} 
[2026-02-03 06:04:34] local.ERROR: syntax error, unexpected token "}", expecting variable {"exception":"[object] (Symfony\\Component\\ErrorHandler\\Error\\FatalError(code: 0): syntax error, unexpected token \"}\", expecting variable at /Applications/XAMPP/xamppfiles/htdocs/auth/app/Models/Category.php:11)
[stacktrace]
#0 {main}
"} 
[2026-02-03 06:05:34] local.ERROR: syntax error, unexpected token "}", expecting variable {"exception":"[object] (Symfony\\Component\\ErrorHandler\\Error\\FatalError(code: 0): syntax error, unexpected token \"}\", expecting variable at /Applications/XAMPP/xamppfiles/htdocs/auth/app/Models/Category.php:11)
[stacktrace]
#0 {main}
"} 
[2026-02-03 06:06:34] local.ERROR: syntax error, unexpected token "}", expecting variable {"exception":"[object] (Symfony\\Component\\ErrorHandler\\Error\\FatalError(code: 0): syntax error, unexpected token \"}\", expecting variable at /Applications/XAMPP/xamppfiles/htdocs/auth/app/Models/Category.php:11)
[stacktrace]
#0 {main}
"} 
[2026-02-03 06:07:34] local.ERROR: syntax error, unexpected token "}", expecting variable {"exception":"[object] (Symfony\\Component\\ErrorHandler\\Error\\FatalError(code: 0): syntax error, unexpected token \"}\", expecting variable at /Applications/XAMPP/xamppfiles/htdocs/auth/app/Models/Category.php:11)
[stacktrace]
#0 {main}
"} 
[2026-02-03 06:08:34] local.ERROR: syntax error, unexpected token "}", expecting variable {"exception":"[object] (Symfony\\Component\\ErrorHandler\\Error\\FatalError(code: 0): syntax error, unexpected token \"}\", expecting variable at /Applications/XAMPP/xamppfiles/htdocs/auth/app/Models/Category.php:11)
[stacktrace]
#0 {main}
"} 
[2026-02-03 06:09:34] local.ERROR: syntax error, unexpected token "}", expecting variable {"exception":"[object] (Symfony\\Component\\ErrorHandler\\Error\\FatalError(code: 0): syntax error, unexpected token \"}\", expecting variable at /Applications/XAMPP/xamppfiles/htdocs/auth/app/Models/Category.php:11)
[stacktrace]
#0 {main}
"} 
[2026-02-03 06:10:34] local.ERROR: syntax error, unexpected token "}", expecting variable {"exception":"[object] (Symfony\\Component\\ErrorHandler\\Error\\FatalError(code: 0): syntax error, unexpected token \"}\", expecting variable at /Applications/XAMPP/xamppfiles/htdocs/auth/app/Models/Category.php:11)
[stacktrace]
#0 {main}
"} 
[2026-02-03 06:11:34] local.ERROR: syntax error, unexpected token "}", expecting variable {"exception":"[object] (Symfony\\Component\\ErrorHandler\\Error\\FatalError(code: 0): syntax error, unexpected token \"}\", expecting variable at /Applications/XAMPP/xamppfiles/htdocs/auth/app/Models/Category.php:11)
[stacktrace]
#0 {main}
"} 
[2026-02-03 06:12:34] local.ERROR: syntax error, unexpected token "}", expecting variable {"exception":"[object] (Symfony\\Component\\ErrorHandler\\Error\\FatalError(code: 0): syntax error, unexpected token \"}\", expecting variable at /Applications/XAMPP/xamppfiles/htdocs/auth/app/Models/Category.php:11)
[stacktrace]
#0 {main}
"} 
[2026-02-03 06:13:34] local.ERROR: syntax error, unexpected token "}", expecting variable {"exception":"[object] (Symfony\\Component\\ErrorHandler\\Error\\FatalError(code: 0): syntax error, unexpected token \"}\", expecting variable at /Applications/XAMPP/xamppfiles/htdocs/auth/app/Models/Category.php:11)
[stacktrace]
#0 {main}
"} 
[2026-02-03 06:14:34] local.ERROR: syntax error, unexpected token "}", expecting variable {"exception":"[object] (Symfony\\Component\\ErrorHandler\\Error\\FatalError(code: 0): syntax error, unexpected token \"}\", expecting variable at /Applications/XAMPP/xamppfiles/htdocs/auth/app/Models/Category.php:11)
[stacktrace]
#0 {main}
"} 
[2026-02-03 06:15:34] local.ERROR: syntax error, unexpected token "}", expecting variable {"exception":"[object] (Symfony\\Component\\ErrorHandler\\Error\\FatalError(code: 0): syntax error, unexpected token \"}\", expecting variable at /Applications/XAMPP/xamppfiles/htdocs/auth/app/Models/Category.php:11)
[stacktrace]
#0 {main}
"} 
[2026-02-03 06:16:34] local.ERROR: syntax error, unexpected token "}", expecting variable {"exception":"[object] (Symfony\\Component\\ErrorHandler\\Error\\FatalError(code: 0): syntax error, unexpected token \"}\", expecting variable at /Applications/XAMPP/xamppfiles/htdocs/auth/app/Models/Category.php:11)
[stacktrace]
#0 {main}
"} 
[2026-02-03 06:17:34] local.ERROR: syntax error, unexpected token "}", expecting variable {"exception":"[object] (Symfony\\Component\\ErrorHandler\\Error\\FatalError(code: 0): syntax error, unexpected token \"}\", expecting variable at /Applications/XAMPP/xamppfiles/htdocs/auth/app/Models/Category.php:11)
[stacktrace]
#0 {main}
"} 
[2026-02-03 06:18:34] local.ERROR: syntax error, unexpected token "}", expecting variable {"exception":"[object] (Symfony\\Component\\ErrorHandler\\Error\\FatalError(code: 0): syntax error, unexpected token \"}\", expecting variable at /Applications/XAMPP/xamppfiles/htdocs/auth/app/Models/Category.php:11)
[stacktrace]
#0 {main}
"} 
[2026-02-03 06:19:34] local.ERROR: syntax error, unexpected token "}", expecting variable {"exception":"[object] (Symfony\\Component\\ErrorHandler\\Error\\FatalError(code: 0): syntax error, unexpected token \"}\", expecting variable at /Applications/XAMPP/xamppfiles/htdocs/auth/app/Models/Category.php:11)
[stacktrace]
#0 {main}
"} 
[2026-02-03 06:20:34] local.ERROR: syntax error, unexpected token "}", expecting variable {"exception":"[object] (Symfony\\Component\\ErrorHandler\\Error\\FatalError(code: 0): syntax error, unexpected token \"}\", expecting variable at /Applications/XAMPP/xamppfiles/htdocs/auth/app/Models/Category.php:11)
[stacktrace]
#0 {main}
"} 
[2026-02-03 06:21:34] local.ERROR: syntax error, unexpected token "}", expecting variable {"exception":"[object] (Symfony\\Component\\ErrorHandler\\Error\\FatalError(code: 0): syntax error, unexpected token \"}\", expecting variable at /Applications/XAMPP/xamppfiles/htdocs/auth/app/Models/Category.php:11)
[stacktrace]
#0 {main}
"} 
[2026-02-03 06:22:34] local.ERROR: syntax error, unexpected token "}", expecting variable {"exception":"[object] (Symfony\\Component\\ErrorHandler\\Error\\FatalError(code: 0): syntax error, unexpected token \"}\", expecting variable at /Applications/XAMPP/xamppfiles/htdocs/auth/app/Models/Category.php:11)
[stacktrace]
#0 {main}
"} 
[2026-02-03 06:23:34] local.ERROR: syntax error, unexpected token "}", expecting variable {"exception":"[object] (Symfony\\Component\\ErrorHandler\\Error\\FatalError(code: 0): syntax error, unexpected token \"}\", expecting variable at /Applications/XAMPP/xamppfiles/htdocs/auth/app/Models/Category.php:11)
[stacktrace]
#0 {main}
"} 
[2026-02-03 06:24:34] local.ERROR: syntax error, unexpected token "}", expecting variable {"exception":"[object] (Symfony\\Component\\ErrorHandler\\Error\\FatalError(code: 0): syntax error, unexpected token \"}\", expecting variable at /Applications/XAMPP/xamppfiles/htdocs/auth/app/Models/Category.php:11)
[stacktrace]
#0 {main}
"} 
[2026-02-03 06:25:34] local.ERROR: syntax error, unexpected token "}", expecting variable {"exception":"[object] (Symfony\\Component\\ErrorHandler\\Error\\FatalError(code: 0): syntax error, unexpected token \"}\", expecting variable at /Applications/XAMPP/xamppfiles/htdocs/auth/app/Models/Category.php:11)
[stacktrace]
#0 {main}
"} 
[2026-02-03 06:26:34] local.ERROR: syntax error, unexpected token "}", expecting variable {"exception":"[object] (Symfony\\Component\\ErrorHandler\\Error\\FatalError(code: 0): syntax error, unexpected token \"}\", expecting variable at /Applications/XAMPP/xamppfiles/htdocs/auth/app/Models/Category.php:11)
[stacktrace]
#0 {main}
"} 
[2026-02-03 06:27:34] local.ERROR: syntax error, unexpected token "}", expecting variable {"exception":"[object] (Symfony\\Component\\ErrorHandler\\Error\\FatalError(code: 0): syntax error, unexpected token \"}\", expecting variable at /Applications/XAMPP/xamppfiles/htdocs/auth/app/Models/Category.php:11)
[stacktrace]
#0 {main}
"} 
[2026-02-03 06:28:34] local.ERROR: syntax error, unexpected token "}", expecting variable {"exception":"[object] (Symfony\\Component\\ErrorHandler\\Error\\FatalError(code: 0): syntax error, unexpected token \"}\", expecting variable at /Applications/XAMPP/xamppfiles/htdocs/auth/app/Models/Category.php:11)
[stacktrace]
#0 {main}
"} 
[2026-02-03 06:29:34] local.ERROR: syntax error, unexpected token "}", expecting variable {"exception":"[object] (Symfony\\Component\\ErrorHandler\\Error\\FatalError(code: 0): syntax error, unexpected token \"}\", expecting variable at /Applications/XAMPP/xamppfiles/htdocs/auth/app/Models/Category.php:11)
[stacktrace]
#0 {main}
"} 
[2026-02-03 06:30:34] local.ERROR: syntax error, unexpected token "}", expecting variable {"exception":"[object] (Symfony\\Component\\ErrorHandler\\Error\\FatalError(code: 0): syntax error, unexpected token \"}\", expecting variable at /Applications/XAMPP/xamppfiles/htdocs/auth/app/Models/Category.php:11)
[stacktrace]
#0 {main}
"} 
[2026-02-03 06:31:34] local.ERROR: syntax error, unexpected token "}", expecting variable {"exception":"[object] (Symfony\\Component\\ErrorHandler\\Error\\FatalError(code: 0): syntax error, unexpected token \"}\", expecting variable at /Applications/XAMPP/xamppfiles/htdocs/auth/app/Models/Category.php:11)
[stacktrace]
#0 {main}
"} 
[2026-02-03 06:32:34] local.ERROR: syntax error, unexpected token "}", expecting variable {"exception":"[object] (Symfony\\Component\\ErrorHandler\\Error\\FatalError(code: 0): syntax error, unexpected token \"}\", expecting variable at /Applications/XAMPP/xamppfiles/htdocs/auth/app/Models/Category.php:11)
[stacktrace]
#0 {main}
"} 
[2026-02-03 06:33:34] local.ERROR: syntax error, unexpected token "}", expecting variable {"exception":"[object] (Symfony\\Component\\ErrorHandler\\Error\\FatalError(code: 0): syntax error, unexpected token \"}\", expecting variable at /Applications/XAMPP/xamppfiles/htdocs/auth/app/Models/Category.php:11)
[stacktrace]
#0 {main}
"} 
[2026-02-03 06:34:34] local.ERROR: syntax error, unexpected token "}", expecting variable {"exception":"[object] (Symfony\\Component\\ErrorHandler\\Error\\FatalError(code: 0): syntax error, unexpected token \"}\", expecting variable at /Applications/XAMPP/xamppfiles/htdocs/auth/app/Models/Category.php:11)
[stacktrace]
#0 {main}
"} 
[2026-02-03 06:35:34] local.ERROR: syntax error, unexpected token "}", expecting variable {"exception":"[object] (Symfony\\Component\\ErrorHandler\\Error\\FatalError(code: 0): syntax error, unexpected token \"}\", expecting variable at /Applications/XAMPP/xamppfiles/htdocs/auth/app/Models/Category.php:11)
[stacktrace]
#0 {main}
"} 
[2026-02-03 06:36:34] local.ERROR: syntax error, unexpected token "}", expecting variable {"exception":"[object] (Symfony\\Component\\ErrorHandler\\Error\\FatalError(code: 0): syntax error, unexpected token \"}\", expecting variable at /Applications/XAMPP/xamppfiles/htdocs/auth/app/Models/Category.php:11)
[stacktrace]
#0 {main}
"} 
[2026-02-03 06:37:34] local.ERROR: syntax error, unexpected token "}", expecting variable {"exception":"[object] (Symfony\\Component\\ErrorHandler\\Error\\FatalError(code: 0): syntax error, unexpected token \"}\", expecting variable at /Applications/XAMPP/xamppfiles/htdocs/auth/app/Models/Category.php:11)
[stacktrace]
#0 {main}
"} 
[2026-02-03 06:38:34] local.ERROR: syntax error, unexpected token "}", expecting variable {"exception":"[object] (Symfony\\Component\\ErrorHandler\\Error\\FatalError(code: 0): syntax error, unexpected token \"}\", expecting variable at /Applications/XAMPP/xamppfiles/htdocs/auth/app/Models/Category.php:11)
[stacktrace]
#0 {main}
"} 
[2026-02-03 06:39:34] local.ERROR: syntax error, unexpected token "}", expecting variable {"exception":"[object] (Symfony\\Component\\ErrorHandler\\Error\\FatalError(code: 0): syntax error, unexpected token \"}\", expecting variable at /Applications/XAMPP/xamppfiles/htdocs/auth/app/Models/Category.php:11)
[stacktrace]
#0 {main}
"} 
[2026-02-03 06:40:34] local.ERROR: syntax error, unexpected token "}", expecting variable {"exception":"[object] (Symfony\\Component\\ErrorHandler\\Error\\FatalError(code: 0): syntax error, unexpected token \"}\", expecting variable at /Applications/XAMPP/xamppfiles/htdocs/auth/app/Models/Category.php:11)
[stacktrace]
#0 {main}
"} 
[2026-02-03 06:41:34] local.ERROR: syntax error, unexpected token "}", expecting variable {"exception":"[object] (Symfony\\Component\\ErrorHandler\\Error\\FatalError(code: 0): syntax error, unexpected token \"}\", expecting variable at /Applications/XAMPP/xamppfiles/htdocs/auth/app/Models/Category.php:11)
[stacktrace]
#0 {main}
"} 
[2026-02-03 06:42:34] local.ERROR: syntax error, unexpected token "}", expecting variable {"exception":"[object] (Symfony\\Component\\ErrorHandler\\Error\\FatalError(code: 0): syntax error, unexpected token \"}\", expecting variable at /Applications/XAMPP/xamppfiles/htdocs/auth/app/Models/Category.php:11)
[stacktrace]
#0 {main}
"} 
[2026-02-03 06:43:34] local.ERROR: syntax error, unexpected token "}", expecting variable {"exception":"[object] (Symfony\\Component\\ErrorHandler\\Error\\FatalError(code: 0): syntax error, unexpected token \"}\", expecting variable at /Applications/XAMPP/xamppfiles/htdocs/auth/app/Models/Category.php:11)
[stacktrace]
#0 {main}
"} 
[2026-02-03 06:44:34] local.ERROR: syntax error, unexpected token "}", expecting variable {"exception":"[object] (Symfony\\Component\\ErrorHandler\\Error\\FatalError(code: 0): syntax error, unexpected token \"}\", expecting variable at /Applications/XAMPP/xamppfiles/htdocs/auth/app/Models/Category.php:11)
[stacktrace]
#0 {main}
"} 
[2026-02-03 06:45:34] local.ERROR: syntax error, unexpected token "}", expecting variable {"exception":"[object] (Symfony\\Component\\ErrorHandler\\Error\\FatalError(code: 0): syntax error, unexpected token \"}\", expecting variable at /Applications/XAMPP/xamppfiles/htdocs/auth/app/Models/Category.php:11)
[stacktrace]
#0 {main}
"} 
[2026-02-03 06:46:34] local.ERROR: syntax error, unexpected token "}", expecting variable {"exception":"[object] (Symfony\\Component\\ErrorHandler\\Error\\FatalError(code: 0): syntax error, unexpected token \"}\", expecting variable at /Applications/XAMPP/xamppfiles/htdocs/auth/app/Models/Category.php:11)
[stacktrace]
#0 {main}
"} 
[2026-02-03 06:47:34] local.ERROR: syntax error, unexpected token "}", expecting variable {"exception":"[object] (Symfony\\Component\\ErrorHandler\\Error\\FatalError(code: 0): syntax error, unexpected token \"}\", expecting variable at /Applications/XAMPP/xamppfiles/htdocs/auth/app/Models/Category.php:11)
[stacktrace]
#0 {main}
"} 
[2026-02-03 06:48:34] local.ERROR: syntax error, unexpected token "}", expecting variable {"exception":"[object] (Symfony\\Component\\ErrorHandler\\Error\\FatalError(code: 0): syntax error, unexpected token \"}\", expecting variable at /Applications/XAMPP/xamppfiles/htdocs/auth/app/Models/Category.php:11)
[stacktrace]
#0 {main}
"} 
[2026-02-03 06:49:34] local.ERROR: syntax error, unexpected token "}", expecting variable {"exception":"[object] (Symfony\\Component\\ErrorHandler\\Error\\FatalError(code: 0): syntax error, unexpected token \"}\", expecting variable at /Applications/XAMPP/xamppfiles/htdocs/auth/app/Models/Category.php:11)
[stacktrace]
#0 {main}
"} 
[2026-02-03 06:50:34] local.ERROR: syntax error, unexpected token "}", expecting variable {"exception":"[object] (Symfony\\Component\\ErrorHandler\\Error\\FatalError(code: 0): syntax error, unexpected token \"}\", expecting variable at /Applications/XAMPP/xamppfiles/htdocs/auth/app/Models/Category.php:11)
[stacktrace]
#0 {main}
"} 
[2026-02-03 06:51:34] local.ERROR: syntax error, unexpected token "}", expecting variable {"exception":"[object] (Symfony\\Component\\ErrorHandler\\Error\\FatalError(code: 0): syntax error, unexpected token \"}\", expecting variable at /Applications/XAMPP/xamppfiles/htdocs/auth/app/Models/Category.php:11)
[stacktrace]
#0 {main}
"} 
[2026-02-03 06:52:34] local.ERROR: syntax error, unexpected token "}", expecting variable {"exception":"[object] (Symfony\\Component\\ErrorHandler\\Error\\FatalError(code: 0): syntax error, unexpected token \"}\", expecting variable at /Applications/XAMPP/xamppfiles/htdocs/auth/app/Models/Category.php:11)
[stacktrace]
#0 {main}
"} 
[2026-02-03 06:53:34] local.ERROR: syntax error, unexpected token "}", expecting variable {"exception":"[object] (Symfony\\Component\\ErrorHandler\\Error\\FatalError(code: 0): syntax error, unexpected token \"}\", expecting variable at /Applications/XAMPP/xamppfiles/htdocs/auth/app/Models/Category.php:11)
[stacktrace]
#0 {main}
"} 
[2026-02-03 06:54:34] local.ERROR: syntax error, unexpected token "}", expecting variable {"exception":"[object] (Symfony\\Component\\ErrorHandler\\Error\\FatalError(code: 0): syntax error, unexpected token \"}\", expecting variable at /Applications/XAMPP/xamppfiles/htdocs/auth/app/Models/Category.php:11)
[stacktrace]
#0 {main}
"} 
[2026-02-03 06:55:34] local.ERROR: syntax error, unexpected token "}", expecting variable {"exception":"[object] (Symfony\\Component\\ErrorHandler\\Error\\FatalError(code: 0): syntax error, unexpected token \"}\", expecting variable at /Applications/XAMPP/xamppfiles/htdocs/auth/app/Models/Category.php:11)
[stacktrace]
#0 {main}
"} 
[2026-02-03 06:56:34] local.ERROR: syntax error, unexpected token "}", expecting variable {"exception":"[object] (Symfony\\Component\\ErrorHandler\\Error\\FatalError(code: 0): syntax error, unexpected token \"}\", expecting variable at /Applications/XAMPP/xamppfiles/htdocs/auth/app/Models/Category.php:11)
[stacktrace]
#0 {main}
"} 
[2026-02-03 06:57:34] local.ERROR: syntax error, unexpected token "}", expecting variable {"exception":"[object] (Symfony\\Component\\ErrorHandler\\Error\\FatalError(code: 0): syntax error, unexpected token \"}\", expecting variable at /Applications/XAMPP/xamppfiles/htdocs/auth/app/Models/Category.php:11)
[stacktrace]
#0 {main}
"} 
[2026-02-03 06:58:34] local.ERROR: syntax error, unexpected token "}", expecting variable {"exception":"[object] (Symfony\\Component\\ErrorHandler\\Error\\FatalError(code: 0): syntax error, unexpected token \"}\", expecting variable at /Applications/XAMPP/xamppfiles/htdocs/auth/app/Models/Category.php:11)
[stacktrace]
#0 {main}
"} 
[2026-02-03 06:59:34] local.ERROR: syntax error, unexpected token "}", expecting variable {"exception":"[object] (Symfony\\Component\\ErrorHandler\\Error\\FatalError(code: 0): syntax error, unexpected token \"}\", expecting variable at /Applications/XAMPP/xamppfiles/htdocs/auth/app/Models/Category.php:11)
[stacktrace]
#0 {main}
"} 
[2026-02-03 07:00:34] local.ERROR: syntax error, unexpected token "}", expecting variable {"exception":"[object] (Symfony\\Component\\ErrorHandler\\Error\\FatalError(code: 0): syntax error, unexpected token \"}\", expecting variable at /Applications/XAMPP/xamppfiles/htdocs/auth/app/Models/Category.php:11)
[stacktrace]
#0 {main}
"} 
[2026-02-03 07:01:34] local.ERROR: syntax error, unexpected token "}", expecting variable {"exception":"[object] (Symfony\\Component\\ErrorHandler\\Error\\FatalError(code: 0): syntax error, unexpected token \"}\", expecting variable at /Applications/XAMPP/xamppfiles/htdocs/auth/app/Models/Category.php:11)
[stacktrace]
#0 {main}
"} 
[2026-02-03 07:02:34] local.ERROR: syntax error, unexpected token "}", expecting variable {"exception":"[object] (Symfony\\Component\\ErrorHandler\\Error\\FatalError(code: 0): syntax error, unexpected token \"}\", expecting variable at /Applications/XAMPP/xamppfiles/htdocs/auth/app/Models/Category.php:11)
[stacktrace]
#0 {main}
"} 
[2026-02-03 07:03:34] local.ERROR: syntax error, unexpected token "}", expecting variable {"exception":"[object] (Symfony\\Component\\ErrorHandler\\Error\\FatalError(code: 0): syntax error, unexpected token \"}\", expecting variable at /Applications/XAMPP/xamppfiles/htdocs/auth/app/Models/Category.php:11)
[stacktrace]
#0 {main}
"} 
[2026-02-03 07:04:34] local.ERROR: syntax error, unexpected token "}", expecting variable {"exception":"[object] (Symfony\\Component\\ErrorHandler\\Error\\FatalError(code: 0): syntax error, unexpected token \"}\", expecting variable at /Applications/XAMPP/xamppfiles/htdocs/auth/app/Models/Category.php:11)
[stacktrace]
#0 {main}
"} 
[2026-02-03 07:05:34] local.ERROR: syntax error, unexpected token "}", expecting variable {"exception":"[object] (Symfony\\Component\\ErrorHandler\\Error\\FatalError(code: 0): syntax error, unexpected token \"}\", expecting variable at /Applications/XAMPP/xamppfiles/htdocs/auth/app/Models/Category.php:11)
[stacktrace]
#0 {main}
"} 
[2026-02-03 07:06:34] local.ERROR: syntax error, unexpected token "}", expecting variable {"exception":"[object] (Symfony\\Component\\ErrorHandler\\Error\\FatalError(code: 0): syntax error, unexpected token \"}\", expecting variable at /Applications/XAMPP/xamppfiles/htdocs/auth/app/Models/Category.php:11)
[stacktrace]
#0 {main}
"} 
[2026-02-03 07:07:34] local.ERROR: syntax error, unexpected token "}", expecting variable {"exception":"[object] (Symfony\\Component\\ErrorHandler\\Error\\FatalError(code: 0): syntax error, unexpected token \"}\", expecting variable at /Applications/XAMPP/xamppfiles/htdocs/auth/app/Models/Category.php:11)
[stacktrace]
#0 {main}
"} 
[2026-02-03 07:08:34] local.ERROR: syntax error, unexpected token "}", expecting variable {"exception":"[object] (Symfony\\Component\\ErrorHandler\\Error\\FatalError(code: 0): syntax error, unexpected token \"}\", expecting variable at /Applications/XAMPP/xamppfiles/htdocs/auth/app/Models/Category.php:11)
[stacktrace]
#0 {main}
"} 
[2026-02-03 07:09:34] local.ERROR: syntax error, unexpected token "}", expecting variable {"exception":"[object] (Symfony\\Component\\ErrorHandler\\Error\\FatalError(code: 0): syntax error, unexpected token \"}\", expecting variable at /Applications/XAMPP/xamppfiles/htdocs/auth/app/Models/Category.php:11)
[stacktrace]
#0 {main}
"} 
[2026-02-03 07:10:34] local.ERROR: syntax error, unexpected token "}", expecting variable {"exception":"[object] (Symfony\\Component\\ErrorHandler\\Error\\FatalError(code: 0): syntax error, unexpected token \"}\", expecting variable at /Applications/XAMPP/xamppfiles/htdocs/auth/app/Models/Category.php:11)
[stacktrace]
#0 {main}
"} 
[2026-02-03 07:11:34] local.ERROR: syntax error, unexpected token "}", expecting variable {"exception":"[object] (Symfony\\Component\\ErrorHandler\\Error\\FatalError(code: 0): syntax error, unexpected token \"}\", expecting variable at /Applications/XAMPP/xamppfiles/htdocs/auth/app/Models/Category.php:11)
[stacktrace]
#0 {main}
"} 
[2026-02-03 07:12:34] local.ERROR: syntax error, unexpected token "}", expecting variable {"exception":"[object] (Symfony\\Component\\ErrorHandler\\Error\\FatalError(code: 0): syntax error, unexpected token \"}\", expecting variable at /Applications/XAMPP/xamppfiles/htdocs/auth/app/Models/Category.php:11)
[stacktrace]
#0 {main}
"} 
[2026-02-03 07:13:34] local.ERROR: syntax error, unexpected token "}", expecting variable {"exception":"[object] (Symfony\\Component\\ErrorHandler\\Error\\FatalError(code: 0): syntax error, unexpected token \"}\", expecting variable at /Applications/XAMPP/xamppfiles/htdocs/auth/app/Models/Category.php:11)
[stacktrace]
#0 {main}
"} 
[2026-02-03 07:14:34] local.ERROR: syntax error, unexpected token "}", expecting variable {"exception":"[object] (Symfony\\Component\\ErrorHandler\\Error\\FatalError(code: 0): syntax error, unexpected token \"}\", expecting variable at /Applications/XAMPP/xamppfiles/htdocs/auth/app/Models/Category.php:11)
[stacktrace]
#0 {main}
"} 
[2026-02-03 07:15:34] local.ERROR: syntax error, unexpected token "}", expecting variable {"exception":"[object] (Symfony\\Component\\ErrorHandler\\Error\\FatalError(code: 0): syntax error, unexpected token \"}\", expecting variable at /Applications/XAMPP/xamppfiles/htdocs/auth/app/Models/Category.php:11)
[stacktrace]
#0 {main}
"} 
[2026-02-03 07:16:34] local.ERROR: syntax error, unexpected token "}", expecting variable {"exception":"[object] (Symfony\\Component\\ErrorHandler\\Error\\FatalError(code: 0): syntax error, unexpected token \"}\", expecting variable at /Applications/XAMPP/xamppfiles/htdocs/auth/app/Models/Category.php:11)
[stacktrace]
#0 {main}
"} 
[2026-02-03 07:17:34] local.ERROR: syntax error, unexpected token "}", expecting variable {"exception":"[object] (Symfony\\Component\\ErrorHandler\\Error\\FatalError(code: 0): syntax error, unexpected token \"}\", expecting variable at /Applications/XAMPP/xamppfiles/htdocs/auth/app/Models/Category.php:11)
[stacktrace]
#0 {main}
"} 
[2026-02-03 07:18:34] local.ERROR: syntax error, unexpected token "}", expecting variable {"exception":"[object] (Symfony\\Component\\ErrorHandler\\Error\\FatalError(code: 0): syntax error, unexpected token \"}\", expecting variable at /Applications/XAMPP/xamppfiles/htdocs/auth/app/Models/Category.php:11)
[stacktrace]
#0 {main}
"} 
[2026-02-03 07:19:34] local.ERROR: syntax error, unexpected token "}", expecting variable {"exception":"[object] (Symfony\\Component\\ErrorHandler\\Error\\FatalError(code: 0): syntax error, unexpected token \"}\", expecting variable at /Applications/XAMPP/xamppfiles/htdocs/auth/app/Models/Category.php:11)
[stacktrace]
#0 {main}
"} 
[2026-02-03 07:20:34] local.ERROR: syntax error, unexpected token "}", expecting variable {"exception":"[object] (Symfony\\Component\\ErrorHandler\\Error\\FatalError(code: 0): syntax error, unexpected token \"}\", expecting variable at /Applications/XAMPP/xamppfiles/htdocs/auth/app/Models/Category.php:11)
[stacktrace]
#0 {main}
"} 
[2026-02-03 07:21:34] local.ERROR: syntax error, unexpected token "}", expecting variable {"exception":"[object] (Symfony\\Component\\ErrorHandler\\Error\\FatalError(code: 0): syntax error, unexpected token \"}\", expecting variable at /Applications/XAMPP/xamppfiles/htdocs/auth/app/Models/Category.php:11)
[stacktrace]
#0 {main}
"} 
[2026-02-03 07:22:34] local.ERROR: syntax error, unexpected token "}", expecting variable {"exception":"[object] (Symfony\\Component\\ErrorHandler\\Error\\FatalError(code: 0): syntax error, unexpected token \"}\", expecting variable at /Applications/XAMPP/xamppfiles/htdocs/auth/app/Models/Category.php:11)
[stacktrace]
#0 {main}
"} 
[2026-02-03 07:23:34] local.ERROR: syntax error, unexpected token "}", expecting variable {"exception":"[object] (Symfony\\Component\\ErrorHandler\\Error\\FatalError(code: 0): syntax error, unexpected token \"}\", expecting variable at /Applications/XAMPP/xamppfiles/htdocs/auth/app/Models/Category.php:11)
[stacktrace]
#0 {main}
"} 
[2026-02-03 07:24:34] local.ERROR: syntax error, unexpected token "}", expecting variable {"exception":"[object] (Symfony\\Component\\ErrorHandler\\Error\\FatalError(code: 0): syntax error, unexpected token \"}\", expecting variable at /Applications/XAMPP/xamppfiles/htdocs/auth/app/Models/Category.php:11)
[stacktrace]
#0 {main}
"} 
[2026-02-03 07:25:34] local.ERROR: syntax error, unexpected token "}", expecting variable {"exception":"[object] (Symfony\\Component\\ErrorHandler\\Error\\FatalError(code: 0): syntax error, unexpected token \"}\", expecting variable at /Applications/XAMPP/xamppfiles/htdocs/auth/app/Models/Category.php:11)
[stacktrace]
#0 {main}
"} 
[2026-02-03 07:26:34] local.ERROR: syntax error, unexpected token "}", expecting variable {"exception":"[object] (Symfony\\Component\\ErrorHandler\\Error\\FatalError(code: 0): syntax error, unexpected token \"}\", expecting variable at /Applications/XAMPP/xamppfiles/htdocs/auth/app/Models/Category.php:11)
[stacktrace]
#0 {main}
"} 
[2026-02-03 07:27:34] local.ERROR: syntax error, unexpected token "}", expecting variable {"exception":"[object] (Symfony\\Component\\ErrorHandler\\Error\\FatalError(code: 0): syntax error, unexpected token \"}\", expecting variable at /Applications/XAMPP/xamppfiles/htdocs/auth/app/Models/Category.php:11)
[stacktrace]
#0 {main}
"} 
[2026-02-03 07:28:34] local.ERROR: syntax error, unexpected token "}", expecting variable {"exception":"[object] (Symfony\\Component\\ErrorHandler\\Error\\FatalError(code: 0): syntax error, unexpected token \"}\", expecting variable at /Applications/XAMPP/xamppfiles/htdocs/auth/app/Models/Category.php:11)
[stacktrace]
#0 {main}
"} 
[2026-02-03 07:29:34] local.ERROR: syntax error, unexpected token "}", expecting variable {"exception":"[object] (Symfony\\Component\\ErrorHandler\\Error\\FatalError(code: 0): syntax error, unexpected token \"}\", expecting variable at /Applications/XAMPP/xamppfiles/htdocs/auth/app/Models/Category.php:11)
[stacktrace]
#0 {main}
"} 
[2026-02-03 07:30:34] local.ERROR: syntax error, unexpected token "}", expecting variable {"exception":"[object] (Symfony\\Component\\ErrorHandler\\Error\\FatalError(code: 0): syntax error, unexpected token \"}\", expecting variable at /Applications/XAMPP/xamppfiles/htdocs/auth/app/Models/Category.php:11)
[stacktrace]
#0 {main}
"} 
[2026-02-03 07:31:34] local.ERROR: syntax error, unexpected token "}", expecting variable {"exception":"[object] (Symfony\\Component\\ErrorHandler\\Error\\FatalError(code: 0): syntax error, unexpected token \"}\", expecting variable at /Applications/XAMPP/xamppfiles/htdocs/auth/app/Models/Category.php:11)
[stacktrace]
#0 {main}
"} 
[2026-02-03 07:32:34] local.ERROR: syntax error, unexpected token "}", expecting variable {"exception":"[object] (Symfony\\Component\\ErrorHandler\\Error\\FatalError(code: 0): syntax error, unexpected token \"}\", expecting variable at /Applications/XAMPP/xamppfiles/htdocs/auth/app/Models/Category.php:11)
[stacktrace]
#0 {main}
"} 
[2026-02-03 07:33:34] local.ERROR: syntax error, unexpected token "}", expecting variable {"exception":"[object] (Symfony\\Component\\ErrorHandler\\Error\\FatalError(code: 0): syntax error, unexpected token \"}\", expecting variable at /Applications/XAMPP/xamppfiles/htdocs/auth/app/Models/Category.php:11)
[stacktrace]
#0 {main}
"} 
[2026-02-03 07:34:34] local.ERROR: syntax error, unexpected token "}", expecting variable {"exception":"[object] (Symfony\\Component\\ErrorHandler\\Error\\FatalError(code: 0): syntax error, unexpected token \"}\", expecting variable at /Applications/XAMPP/xamppfiles/htdocs/auth/app/Models/Category.php:11)
[stacktrace]
#0 {main}
"} 
[2026-02-03 07:35:34] local.ERROR: syntax error, unexpected token "}", expecting variable {"exception":"[object] (Symfony\\Component\\ErrorHandler\\Error\\FatalError(code: 0): syntax error, unexpected token \"}\", expecting variable at /Applications/XAMPP/xamppfiles/htdocs/auth/app/Models/Category.php:11)
[stacktrace]
#0 {main}
"} 
[2026-02-03 07:36:34] local.ERROR: syntax error, unexpected token "}", expecting variable {"exception":"[object] (Symfony\\Component\\ErrorHandler\\Error\\FatalError(code: 0): syntax error, unexpected token \"}\", expecting variable at /Applications/XAMPP/xamppfiles/htdocs/auth/app/Models/Category.php:11)
[stacktrace]
#0 {main}
"} 
[2026-02-03 07:37:34] local.ERROR: syntax error, unexpected token "}", expecting variable {"exception":"[object] (Symfony\\Component\\ErrorHandler\\Error\\FatalError(code: 0): syntax error, unexpected token \"}\", expecting variable at /Applications/XAMPP/xamppfiles/htdocs/auth/app/Models/Category.php:11)
[stacktrace]
#0 {main}
"} 
[2026-02-03 07:38:34] local.ERROR: syntax error, unexpected token "}", expecting variable {"exception":"[object] (Symfony\\Component\\ErrorHandler\\Error\\FatalError(code: 0): syntax error, unexpected token \"}\", expecting variable at /Applications/XAMPP/xamppfiles/htdocs/auth/app/Models/Category.php:11)
[stacktrace]
#0 {main}
"} 
[2026-02-03 07:39:34] local.ERROR: syntax error, unexpected token "}", expecting variable {"exception":"[object] (Symfony\\Component\\ErrorHandler\\Error\\FatalError(code: 0): syntax error, unexpected token \"}\", expecting variable at /Applications/XAMPP/xamppfiles/htdocs/auth/app/Models/Category.php:11)
[stacktrace]
#0 {main}
"} 
[2026-02-03 08:04:19] local.ERROR: syntax error, unexpected token "}", expecting variable {"exception":"[object] (Symfony\\Component\\ErrorHandler\\Error\\FatalError(code: 0): syntax error, unexpected token \"}\", expecting variable at /Applications/XAMPP/xamppfiles/htdocs/auth/app/Models/Category.php:11)
[stacktrace]
#0 {main}
"} 
[2026-02-03 08:05:18] local.ERROR: syntax error, unexpected token "}", expecting variable {"exception":"[object] (Symfony\\Component\\ErrorHandler\\Error\\FatalError(code: 0): syntax error, unexpected token \"}\", expecting variable at /Applications/XAMPP/xamppfiles/htdocs/auth/app/Models/Category.php:11)
[stacktrace]
#0 {main}
"} 
[2026-02-03 08:06:18] local.ERROR: syntax error, unexpected token "}", expecting variable {"exception":"[object] (Symfony\\Component\\ErrorHandler\\Error\\FatalError(code: 0): syntax error, unexpected token \"}\", expecting variable at /Applications/XAMPP/xamppfiles/htdocs/auth/app/Models/Category.php:11)
[stacktrace]
#0 {main}
"} 
[2026-02-03 08:07:18] local.ERROR: syntax error, unexpected token "}", expecting variable {"exception":"[object] (Symfony\\Component\\ErrorHandler\\Error\\FatalError(code: 0): syntax error, unexpected token \"}\", expecting variable at /Applications/XAMPP/xamppfiles/htdocs/auth/app/Models/Category.php:11)
[stacktrace]
#0 {main}
"} 
[2026-02-03 08:08:18] local.ERROR: syntax error, unexpected token "}", expecting variable {"exception":"[object] (Symfony\\Component\\ErrorHandler\\Error\\FatalError(code: 0): syntax error, unexpected token \"}\", expecting variable at /Applications/XAMPP/xamppfiles/htdocs/auth/app/Models/Category.php:11)
[stacktrace]
#0 {main}
"} 
[2026-02-03 08:09:18] local.ERROR: syntax error, unexpected token "}", expecting variable {"exception":"[object] (Symfony\\Component\\ErrorHandler\\Error\\FatalError(code: 0): syntax error, unexpected token \"}\", expecting variable at /Applications/XAMPP/xamppfiles/htdocs/auth/app/Models/Category.php:11)
[stacktrace]
#0 {main}
"} 
[2026-02-03 08:10:18] local.ERROR: syntax error, unexpected token "}", expecting variable {"exception":"[object] (Symfony\\Component\\ErrorHandler\\Error\\FatalError(code: 0): syntax error, unexpected token \"}\", expecting variable at /Applications/XAMPP/xamppfiles/htdocs/auth/app/Models/Category.php:11)
[stacktrace]
#0 {main}
"} 
[2026-02-03 08:11:18] local.ERROR: syntax error, unexpected token "}", expecting variable {"exception":"[object] (Symfony\\Component\\ErrorHandler\\Error\\FatalError(code: 0): syntax error, unexpected token \"}\", expecting variable at /Applications/XAMPP/xamppfiles/htdocs/auth/app/Models/Category.php:11)
[stacktrace]
#0 {main}
"} 
[2026-02-03 08:12:18] local.ERROR: syntax error, unexpected token "}", expecting variable {"exception":"[object] (Symfony\\Component\\ErrorHandler\\Error\\FatalError(code: 0): syntax error, unexpected token \"}\", expecting variable at /Applications/XAMPP/xamppfiles/htdocs/auth/app/Models/Category.php:11)
[stacktrace]
#0 {main}
"} 
[2026-02-03 08:13:18] local.ERROR: syntax error, unexpected token "}", expecting variable {"exception":"[object] (Symfony\\Component\\ErrorHandler\\Error\\FatalError(code: 0): syntax error, unexpected token \"}\", expecting variable at /Applications/XAMPP/xamppfiles/htdocs/auth/app/Models/Category.php:11)
[stacktrace]
#0 {main}
"} 
[2026-02-03 08:14:18] local.ERROR: syntax error, unexpected token "}", expecting variable {"exception":"[object] (Symfony\\Component\\ErrorHandler\\Error\\FatalError(code: 0): syntax error, unexpected token \"}\", expecting variable at /Applications/XAMPP/xamppfiles/htdocs/auth/app/Models/Category.php:11)
[stacktrace]
#0 {main}
"} 
[2026-02-03 08:15:18] local.ERROR: syntax error, unexpected token "}", expecting variable {"exception":"[object] (Symfony\\Component\\ErrorHandler\\Error\\FatalError(code: 0): syntax error, unexpected token \"}\", expecting variable at /Applications/XAMPP/xamppfiles/htdocs/auth/app/Models/Category.php:11)
[stacktrace]
#0 {main}
"} 
[2026-02-03 08:16:18] local.ERROR: syntax error, unexpected token "}", expecting variable {"exception":"[object] (Symfony\\Component\\ErrorHandler\\Error\\FatalError(code: 0): syntax error, unexpected token \"}\", expecting variable at /Applications/XAMPP/xamppfiles/htdocs/auth/app/Models/Category.php:11)
[stacktrace]
#0 {main}
"} 
[2026-02-03 08:17:18] local.ERROR: syntax error, unexpected token "}", expecting variable {"exception":"[object] (Symfony\\Component\\ErrorHandler\\Error\\FatalError(code: 0): syntax error, unexpected token \"}\", expecting variable at /Applications/XAMPP/xamppfiles/htdocs/auth/app/Models/Category.php:11)
[stacktrace]
#0 {main}
"} 
[2026-02-03 08:18:18] local.ERROR: syntax error, unexpected token "}", expecting variable {"exception":"[object] (Symfony\\Component\\ErrorHandler\\Error\\FatalError(code: 0): syntax error, unexpected token \"}\", expecting variable at /Applications/XAMPP/xamppfiles/htdocs/auth/app/Models/Category.php:11)
[stacktrace]
#0 {main}
"} 
[2026-02-03 08:19:18] local.ERROR: syntax error, unexpected token "}", expecting variable {"exception":"[object] (Symfony\\Component\\ErrorHandler\\Error\\FatalError(code: 0): syntax error, unexpected token \"}\", expecting variable at /Applications/XAMPP/xamppfiles/htdocs/auth/app/Models/Category.php:11)
[stacktrace]
#0 {main}
"} 
[2026-02-03 08:20:18] local.ERROR: syntax error, unexpected token "}", expecting variable {"exception":"[object] (Symfony\\Component\\ErrorHandler\\Error\\FatalError(code: 0): syntax error, unexpected token \"}\", expecting variable at /Applications/XAMPP/xamppfiles/htdocs/auth/app/Models/Category.php:11)
[stacktrace]
#0 {main}
"} 
[2026-02-03 08:21:18] local.ERROR: syntax error, unexpected token "}", expecting variable {"exception":"[object] (Symfony\\Component\\ErrorHandler\\Error\\FatalError(code: 0): syntax error, unexpected token \"}\", expecting variable at /Applications/XAMPP/xamppfiles/htdocs/auth/app/Models/Category.php:11)
[stacktrace]
#0 {main}
"} 
[2026-02-03 08:22:18] local.ERROR: syntax error, unexpected token "}", expecting variable {"exception":"[object] (Symfony\\Component\\ErrorHandler\\Error\\FatalError(code: 0): syntax error, unexpected token \"}\", expecting variable at /Applications/XAMPP/xamppfiles/htdocs/auth/app/Models/Category.php:11)
[stacktrace]
#0 {main}
"} 
[2026-02-03 08:23:18] local.ERROR: syntax error, unexpected token "}", expecting variable {"exception":"[object] (Symfony\\Component\\ErrorHandler\\Error\\FatalError(code: 0): syntax error, unexpected token \"}\", expecting variable at /Applications/XAMPP/xamppfiles/htdocs/auth/app/Models/Category.php:11)
[stacktrace]
#0 {main}
"} 
[2026-02-03 08:24:18] local.ERROR: syntax error, unexpected token "}", expecting variable {"exception":"[object] (Symfony\\Component\\ErrorHandler\\Error\\FatalError(code: 0): syntax error, unexpected token \"}\", expecting variable at /Applications/XAMPP/xamppfiles/htdocs/auth/app/Models/Category.php:11)
[stacktrace]
#0 {main}
"} 
[2026-02-03 08:25:18] local.ERROR: syntax error, unexpected token "}", expecting variable {"exception":"[object] (Symfony\\Component\\ErrorHandler\\Error\\FatalError(code: 0): syntax error, unexpected token \"}\", expecting variable at /Applications/XAMPP/xamppfiles/htdocs/auth/app/Models/Category.php:11)
[stacktrace]
#0 {main}
"} 
[2026-02-03 08:26:18] local.ERROR: syntax error, unexpected token "}", expecting variable {"exception":"[object] (Symfony\\Component\\ErrorHandler\\Error\\FatalError(code: 0): syntax error, unexpected token \"}\", expecting variable at /Applications/XAMPP/xamppfiles/htdocs/auth/app/Models/Category.php:11)
[stacktrace]
#0 {main}
"} 
[2026-02-03 08:27:18] local.ERROR: syntax error, unexpected token "}", expecting variable {"exception":"[object] (Symfony\\Component\\ErrorHandler\\Error\\FatalError(code: 0): syntax error, unexpected token \"}\", expecting variable at /Applications/XAMPP/xamppfiles/htdocs/auth/app/Models/Category.php:11)
[stacktrace]
#0 {main}
"} 
[2026-02-03 08:28:18] local.ERROR: syntax error, unexpected token "}", expecting variable {"exception":"[object] (Symfony\\Component\\ErrorHandler\\Error\\FatalError(code: 0): syntax error, unexpected token \"}\", expecting variable at /Applications/XAMPP/xamppfiles/htdocs/auth/app/Models/Category.php:11)
[stacktrace]
#0 {main}
"} 
[2026-02-03 08:29:18] local.ERROR: syntax error, unexpected token "}", expecting variable {"exception":"[object] (Symfony\\Component\\ErrorHandler\\Error\\FatalError(code: 0): syntax error, unexpected token \"}\", expecting variable at /Applications/XAMPP/xamppfiles/htdocs/auth/app/Models/Category.php:11)
[stacktrace]
#0 {main}
"} 
[2026-02-03 08:37:45] local.ERROR: syntax error, unexpected token "}", expecting variable {"exception":"[object] (Symfony\\Component\\ErrorHandler\\Error\\FatalError(code: 0): syntax error, unexpected token \"}\", expecting variable at /Applications/XAMPP/xamppfiles/htdocs/auth/app/Models/Category.php:11)
[stacktrace]
#0 {main}
"} 
[2026-02-03 08:38:44] local.ERROR: syntax error, unexpected token "}", expecting variable {"exception":"[object] (Symfony\\Component\\ErrorHandler\\Error\\FatalError(code: 0): syntax error, unexpected token \"}\", expecting variable at /Applications/XAMPP/xamppfiles/htdocs/auth/app/Models/Category.php:11)
[stacktrace]
#0 {main}
"} 
[2026-02-03 08:39:44] local.ERROR: syntax error, unexpected token "}", expecting variable {"exception":"[object] (Symfony\\Component\\ErrorHandler\\Error\\FatalError(code: 0): syntax error, unexpected token \"}\", expecting variable at /Applications/XAMPP/xamppfiles/htdocs/auth/app/Models/Category.php:11)
[stacktrace]
#0 {main}
"} 
[2026-02-03 08:40:44] local.ERROR: syntax error, unexpected token "}", expecting variable {"exception":"[object] (Symfony\\Component\\ErrorHandler\\Error\\FatalError(code: 0): syntax error, unexpected token \"}\", expecting variable at /Applications/XAMPP/xamppfiles/htdocs/auth/app/Models/Category.php:11)
[stacktrace]
#0 {main}
"} 
[2026-02-03 08:41:44] local.ERROR: syntax error, unexpected token "}", expecting variable {"exception":"[object] (Symfony\\Component\\ErrorHandler\\Error\\FatalError(code: 0): syntax error, unexpected token \"}\", expecting variable at /Applications/XAMPP/xamppfiles/htdocs/auth/app/Models/Category.php:11)
[stacktrace]
#0 {main}
"} 
[2026-02-03 08:42:44] local.ERROR: syntax error, unexpected token "}", expecting variable {"exception":"[object] (Symfony\\Component\\ErrorHandler\\Error\\FatalError(code: 0): syntax error, unexpected token \"}\", expecting variable at /Applications/XAMPP/xamppfiles/htdocs/auth/app/Models/Category.php:11)
[stacktrace]
#0 {main}
"} 
[2026-02-03 08:43:44] local.ERROR: syntax error, unexpected token "}", expecting variable {"exception":"[object] (Symfony\\Component\\ErrorHandler\\Error\\FatalError(code: 0): syntax error, unexpected token \"}\", expecting variable at /Applications/XAMPP/xamppfiles/htdocs/auth/app/Models/Category.php:11)
[stacktrace]
#0 {main}
"} 
[2026-02-03 08:44:44] local.ERROR: syntax error, unexpected token "}", expecting variable {"exception":"[object] (Symfony\\Component\\ErrorHandler\\Error\\FatalError(code: 0): syntax error, unexpected token \"}\", expecting variable at /Applications/XAMPP/xamppfiles/htdocs/auth/app/Models/Category.php:11)
[stacktrace]
#0 {main}
"} 
[2026-02-03 08:45:44] local.ERROR: syntax error, unexpected token "}", expecting variable {"exception":"[object] (Symfony\\Component\\ErrorHandler\\Error\\FatalError(code: 0): syntax error, unexpected token \"}\", expecting variable at /Applications/XAMPP/xamppfiles/htdocs/auth/app/Models/Category.php:11)
[stacktrace]
#0 {main}
"} 
[2026-02-03 08:46:44] local.ERROR: syntax error, unexpected token "}", expecting variable {"exception":"[object] (Symfony\\Component\\ErrorHandler\\Error\\FatalError(code: 0): syntax error, unexpected token \"}\", expecting variable at /Applications/XAMPP/xamppfiles/htdocs/auth/app/Models/Category.php:11)
[stacktrace]
#0 {main}
"} 
[2026-02-03 08:47:44] local.ERROR: syntax error, unexpected token "}", expecting variable {"exception":"[object] (Symfony\\Component\\ErrorHandler\\Error\\FatalError(code: 0): syntax error, unexpected token \"}\", expecting variable at /Applications/XAMPP/xamppfiles/htdocs/auth/app/Models/Category.php:11)
[stacktrace]
#0 {main}
"} 
[2026-02-03 08:48:44] local.ERROR: syntax error, unexpected token "}", expecting variable {"exception":"[object] (Symfony\\Component\\ErrorHandler\\Error\\FatalError(code: 0): syntax error, unexpected token \"}\", expecting variable at /Applications/XAMPP/xamppfiles/htdocs/auth/app/Models/Category.php:11)
[stacktrace]
#0 {main}
"} 
[2026-02-03 08:49:44] local.ERROR: syntax error, unexpected token "}", expecting variable {"exception":"[object] (Symfony\\Component\\ErrorHandler\\Error\\FatalError(code: 0): syntax error, unexpected token \"}\", expecting variable at /Applications/XAMPP/xamppfiles/htdocs/auth/app/Models/Category.php:11)
[stacktrace]
#0 {main}
"} 
[2026-02-03 08:50:44] local.ERROR: syntax error, unexpected token "}", expecting variable {"exception":"[object] (Symfony\\Component\\ErrorHandler\\Error\\FatalError(code: 0): syntax error, unexpected token \"}\", expecting variable at /Applications/XAMPP/xamppfiles/htdocs/auth/app/Models/Category.php:11)
[stacktrace]
#0 {main}
"} 
[2026-02-03 08:51:44] local.ERROR: syntax error, unexpected token "}", expecting variable {"exception":"[object] (Symfony\\Component\\ErrorHandler\\Error\\FatalError(code: 0): syntax error, unexpected token \"}\", expecting variable at /Applications/XAMPP/xamppfiles/htdocs/auth/app/Models/Category.php:11)
[stacktrace]
#0 {main}
"} 
[2026-02-03 08:52:44] local.ERROR: syntax error, unexpected token "}", expecting variable {"exception":"[object] (Symfony\\Component\\ErrorHandler\\Error\\FatalError(code: 0): syntax error, unexpected token \"}\", expecting variable at /Applications/XAMPP/xamppfiles/htdocs/auth/app/Models/Category.php:11)
[stacktrace]
#0 {main}
"} 
[2026-02-03 08:53:44] local.ERROR: syntax error, unexpected token "}", expecting variable {"exception":"[object] (Symfony\\Component\\ErrorHandler\\Error\\FatalError(code: 0): syntax error, unexpected token \"}\", expecting variable at /Applications/XAMPP/xamppfiles/htdocs/auth/app/Models/Category.php:11)
[stacktrace]
#0 {main}
"} 
[2026-02-03 08:54:44] local.ERROR: syntax error, unexpected token "}", expecting variable {"exception":"[object] (Symfony\\Component\\ErrorHandler\\Error\\FatalError(code: 0): syntax error, unexpected token \"}\", expecting variable at /Applications/XAMPP/xamppfiles/htdocs/auth/app/Models/Category.php:11)
[stacktrace]
#0 {main}
"} 
[2026-02-03 08:55:44] local.ERROR: syntax error, unexpected token "}", expecting variable {"exception":"[object] (Symfony\\Component\\ErrorHandler\\Error\\FatalError(code: 0): syntax error, unexpected token \"}\", expecting variable at /Applications/XAMPP/xamppfiles/htdocs/auth/app/Models/Category.php:11)
[stacktrace]
#0 {main}
"} 
[2026-02-03 08:59:36] local.ERROR: syntax error, unexpected token "}", expecting variable {"exception":"[object] (Symfony\\Component\\ErrorHandler\\Error\\FatalError(code: 0): syntax error, unexpected token \"}\", expecting variable at /Applications/XAMPP/xamppfiles/htdocs/auth/app/Models/Category.php:11)
[stacktrace]
#0 {main}
"} 
[2026-02-03 09:00:35] local.ERROR: syntax error, unexpected token "}", expecting variable {"exception":"[object] (Symfony\\Component\\ErrorHandler\\Error\\FatalError(code: 0): syntax error, unexpected token \"}\", expecting variable at /Applications/XAMPP/xamppfiles/htdocs/auth/app/Models/Category.php:11)
[stacktrace]
#0 {main}
"} 
[2026-02-03 09:01:34] local.ERROR: syntax error, unexpected token "}", expecting variable {"exception":"[object] (Symfony\\Component\\ErrorHandler\\Error\\FatalError(code: 0): syntax error, unexpected token \"}\", expecting variable at /Applications/XAMPP/xamppfiles/htdocs/auth/app/Models/Category.php:11)
[stacktrace]
#0 {main}
"} 
[2026-02-03 09:02:34] local.ERROR: syntax error, unexpected token "}", expecting variable {"exception":"[object] (Symfony\\Component\\ErrorHandler\\Error\\FatalError(code: 0): syntax error, unexpected token \"}\", expecting variable at /Applications/XAMPP/xamppfiles/htdocs/auth/app/Models/Category.php:11)
[stacktrace]
#0 {main}
"} 
[2026-02-03 09:03:34] local.ERROR: syntax error, unexpected token "}", expecting variable {"exception":"[object] (Symfony\\Component\\ErrorHandler\\Error\\FatalError(code: 0): syntax error, unexpected token \"}\", expecting variable at /Applications/XAMPP/xamppfiles/htdocs/auth/app/Models/Category.php:11)
[stacktrace]
#0 {main}
"} 
[2026-02-03 09:04:35] local.ERROR: syntax error, unexpected token "}", expecting variable {"exception":"[object] (Symfony\\Component\\ErrorHandler\\Error\\FatalError(code: 0): syntax error, unexpected token \"}\", expecting variable at /Applications/XAMPP/xamppfiles/htdocs/auth/app/Models/Category.php:11)
[stacktrace]
#0 {main}
"} 
[2026-02-03 09:05:35] local.ERROR: syntax error, unexpected token "}", expecting variable {"exception":"[object] (Symfony\\Component\\ErrorHandler\\Error\\FatalError(code: 0): syntax error, unexpected token \"}\", expecting variable at /Applications/XAMPP/xamppfiles/htdocs/auth/app/Models/Category.php:11)
[stacktrace]
#0 {main}
"} 
[2026-02-03 09:06:34] local.ERROR: syntax error, unexpected token "}", expecting variable {"exception":"[object] (Symfony\\Component\\ErrorHandler\\Error\\FatalError(code: 0): syntax error, unexpected token \"}\", expecting variable at /Applications/XAMPP/xamppfiles/htdocs/auth/app/Models/Category.php:11)
[stacktrace]
#0 {main}
"} 
[2026-02-03 09:07:34] local.ERROR: syntax error, unexpected token "}", expecting variable {"exception":"[object] (Symfony\\Component\\ErrorHandler\\Error\\FatalError(code: 0): syntax error, unexpected token \"}\", expecting variable at /Applications/XAMPP/xamppfiles/htdocs/auth/app/Models/Category.php:11)
[stacktrace]
#0 {main}
"} 
[2026-02-03 09:08:34] local.ERROR: syntax error, unexpected token "}", expecting variable {"exception":"[object] (Symfony\\Component\\ErrorHandler\\Error\\FatalError(code: 0): syntax error, unexpected token \"}\", expecting variable at /Applications/XAMPP/xamppfiles/htdocs/auth/app/Models/Category.php:11)
[stacktrace]
#0 {main}
"} 
[2026-02-03 09:09:34] local.ERROR: syntax error, unexpected token "}", expecting variable {"exception":"[object] (Symfony\\Component\\ErrorHandler\\Error\\FatalError(code: 0): syntax error, unexpected token \"}\", expecting variable at /Applications/XAMPP/xamppfiles/htdocs/auth/app/Models/Category.php:11)
[stacktrace]
#0 {main}
"} 
[2026-02-03 09:10:35] local.ERROR: syntax error, unexpected token "}", expecting variable {"exception":"[object] (Symfony\\Component\\ErrorHandler\\Error\\FatalError(code: 0): syntax error, unexpected token \"}\", expecting variable at /Applications/XAMPP/xamppfiles/htdocs/auth/app/Models/Category.php:11)
[stacktrace]
#0 {main}
"} 
[2026-02-03 09:11:35] local.ERROR: syntax error, unexpected token "}", expecting variable {"exception":"[object] (Symfony\\Component\\ErrorHandler\\Error\\FatalError(code: 0): syntax error, unexpected token \"}\", expecting variable at /Applications/XAMPP/xamppfiles/htdocs/auth/app/Models/Category.php:11)
[stacktrace]
#0 {main}
"} 
[2026-02-03 09:12:34] local.ERROR: syntax error, unexpected token "}", expecting variable {"exception":"[object] (Symfony\\Component\\ErrorHandler\\Error\\FatalError(code: 0): syntax error, unexpected token \"}\", expecting variable at /Applications/XAMPP/xamppfiles/htdocs/auth/app/Models/Category.php:11)
[stacktrace]
#0 {main}
"} 
[2026-02-03 09:13:35] local.ERROR: syntax error, unexpected token "}", expecting variable {"exception":"[object] (Symfony\\Component\\ErrorHandler\\Error\\FatalError(code: 0): syntax error, unexpected token \"}\", expecting variable at /Applications/XAMPP/xamppfiles/htdocs/auth/app/Models/Category.php:11)
[stacktrace]
#0 {main}
"} 
[2026-02-03 09:14:35] local.ERROR: syntax error, unexpected token "}", expecting variable {"exception":"[object] (Symfony\\Component\\ErrorHandler\\Error\\FatalError(code: 0): syntax error, unexpected token \"}\", expecting variable at /Applications/XAMPP/xamppfiles/htdocs/auth/app/Models/Category.php:11)
[stacktrace]
#0 {main}
"} 
[2026-02-03 09:15:35] local.ERROR: syntax error, unexpected token "}", expecting variable {"exception":"[object] (Symfony\\Component\\ErrorHandler\\Error\\FatalError(code: 0): syntax error, unexpected token \"}\", expecting variable at /Applications/XAMPP/xamppfiles/htdocs/auth/app/Models/Category.php:11)
[stacktrace]
#0 {main}
"} 
[2026-02-03 09:16:35] local.ERROR: syntax error, unexpected token "}", expecting variable {"exception":"[object] (Symfony\\Component\\ErrorHandler\\Error\\FatalError(code: 0): syntax error, unexpected token \"}\", expecting variable at /Applications/XAMPP/xamppfiles/htdocs/auth/app/Models/Category.php:11)
[stacktrace]
#0 {main}
"} 
[2026-02-03 09:17:35] local.ERROR: syntax error, unexpected token "}", expecting variable {"exception":"[object] (Symfony\\Component\\ErrorHandler\\Error\\FatalError(code: 0): syntax error, unexpected token \"}\", expecting variable at /Applications/XAMPP/xamppfiles/htdocs/auth/app/Models/Category.php:11)
[stacktrace]
#0 {main}
"} 
[2026-02-03 09:18:35] local.ERROR: syntax error, unexpected token "}", expecting variable {"exception":"[object] (Symfony\\Component\\ErrorHandler\\Error\\FatalError(code: 0): syntax error, unexpected token \"}\", expecting variable at /Applications/XAMPP/xamppfiles/htdocs/auth/app/Models/Category.php:11)
[stacktrace]
#0 {main}
"} 
[2026-02-03 09:19:35] local.ERROR: syntax error, unexpected token "}", expecting variable {"exception":"[object] (Symfony\\Component\\ErrorHandler\\Error\\FatalError(code: 0): syntax error, unexpected token \"}\", expecting variable at /Applications/XAMPP/xamppfiles/htdocs/auth/app/Models/Category.php:11)
[stacktrace]
#0 {main}
"} 
[2026-02-03 09:20:35] local.ERROR: syntax error, unexpected token "}", expecting variable {"exception":"[object] (Symfony\\Component\\ErrorHandler\\Error\\FatalError(code: 0): syntax error, unexpected token \"}\", expecting variable at /Applications/XAMPP/xamppfiles/htdocs/auth/app/Models/Category.php:11)
[stacktrace]
#0 {main}
"} 
[2026-02-03 09:21:35] local.ERROR: syntax error, unexpected token "}", expecting variable {"exception":"[object] (Symfony\\Component\\ErrorHandler\\Error\\FatalError(code: 0): syntax error, unexpected token \"}\", expecting variable at /Applications/XAMPP/xamppfiles/htdocs/auth/app/Models/Category.php:11)
[stacktrace]
#0 {main}
"} 
[2026-02-03 09:22:35] local.ERROR: syntax error, unexpected token "}", expecting variable {"exception":"[object] (Symfony\\Component\\ErrorHandler\\Error\\FatalError(code: 0): syntax error, unexpected token \"}\", expecting variable at /Applications/XAMPP/xamppfiles/htdocs/auth/app/Models/Category.php:11)
[stacktrace]
#0 {main}
"} 
[2026-02-03 09:23:35] local.ERROR: syntax error, unexpected token "}", expecting variable {"exception":"[object] (Symfony\\Component\\ErrorHandler\\Error\\FatalError(code: 0): syntax error, unexpected token \"}\", expecting variable at /Applications/XAMPP/xamppfiles/htdocs/auth/app/Models/Category.php:11)
[stacktrace]
#0 {main}
"} 
[2026-02-03 09:24:35] local.ERROR: syntax error, unexpected token "}", expecting variable {"exception":"[object] (Symfony\\Component\\ErrorHandler\\Error\\FatalError(code: 0): syntax error, unexpected token \"}\", expecting variable at /Applications/XAMPP/xamppfiles/htdocs/auth/app/Models/Category.php:11)
[stacktrace]
#0 {main}
"} 
[2026-02-03 09:25:34] local.ERROR: syntax error, unexpected token "}", expecting variable {"exception":"[object] (Symfony\\Component\\ErrorHandler\\Error\\FatalError(code: 0): syntax error, unexpected token \"}\", expecting variable at /Applications/XAMPP/xamppfiles/htdocs/auth/app/Models/Category.php:11)
[stacktrace]
#0 {main}
"} 
[2026-02-03 09:26:35] local.ERROR: syntax error, unexpected token "}", expecting variable {"exception":"[object] (Symfony\\Component\\ErrorHandler\\Error\\FatalError(code: 0): syntax error, unexpected token \"}\", expecting variable at /Applications/XAMPP/xamppfiles/htdocs/auth/app/Models/Category.php:11)
[stacktrace]
#0 {main}
"} 
[2026-02-03 09:27:02] local.ERROR: SQLSTATE[42S21]: Column already exists: 1060 Duplicate column name 'created_at' (Connection: mysql, Host: 127.0.0.1, Port: 3306, Database: odin, SQL: create table `categories` (`id` bigint unsigned not null auto_increment primary key, `name` varchar(255) not null, `user_id` bigint unsigned not null, `created_at` timestamp null, `updated_at` timestamp null, `created_at` timestamp null, `updated_at` timestamp null) default character set utf8mb4 collate 'utf8mb4_unicode_ci') {"exception":"[object] (Illuminate\\Database\\QueryException(code: 42S21): SQLSTATE[42S21]: Column already exists: 1060 Duplicate column name 'created_at' (Connection: mysql, Host: 127.0.0.1, Port: 3306, Database: odin, SQL: create table `categories` (`id` bigint unsigned not null auto_increment primary key, `name` varchar(255) not null, `user_id` bigint unsigned not null, `created_at` timestamp null, `updated_at` timestamp null, `created_at` timestamp null, `updated_at` timestamp null) default character set utf8mb4 collate 'utf8mb4_unicode_ci') at /Applications/XAMPP/xamppfiles/htdocs/auth/vendor/laravel/framework/src/Illuminate/Database/Connection.php:838)
[stacktrace]
#0 /Applications/XAMPP/xamppfiles/htdocs/auth/vendor/laravel/framework/src/Illuminate/Database/Connection.php(794): Illuminate\\Database\\Connection->runQueryCallback('create table `c...', Array, Object(Closure))
#1 /Applications/XAMPP/xamppfiles/htdocs/auth/vendor/laravel/framework/src/Illuminate/Database/Connection.php(573): Illuminate\\Database\\Connection->run('create table `c...', Array, Object(Closure))
#2 /Applications/XAMPP/xamppfiles/htdocs/auth/vendor/laravel/framework/src/Illuminate/Database/Schema/Blueprint.php(121): Illuminate\\Database\\Connection->statement('create table `c...')
#3 /Applications/XAMPP/xamppfiles/htdocs/auth/vendor/laravel/framework/src/Illuminate/Database/Schema/Builder.php(684): Illuminate\\Database\\Schema\\Blueprint->build()
#4 /Applications/XAMPP/xamppfiles/htdocs/auth/vendor/laravel/framework/src/Illuminate/Database/Schema/Builder.php(506): Illuminate\\Database\\Schema\\Builder->build(Object(Illuminate\\Database\\Schema\\Blueprint))
#5 /Applications/XAMPP/xamppfiles/htdocs/auth/vendor/laravel/framework/src/Illuminate/Support/Facades/Facade.php(363): Illuminate\\Database\\Schema\\Builder->create('categories', Object(Closure))
#6 /Applications/XAMPP/xamppfiles/htdocs/auth/database/migrations/2026_02_02_140543_create_categories_table.php(14): Illuminate\\Support\\Facades\\Facade::__callStatic('create', Array)
#7 /Applications/XAMPP/xamppfiles/htdocs/auth/vendor/laravel/framework/src/Illuminate/Database/Migrations/Migrator.php(517): Illuminate\\Database\\Migrations\\Migration@anonymous->up()
#8 /Applications/XAMPP/xamppfiles/htdocs/auth/vendor/laravel/framework/src/Illuminate/Database/Migrations/Migrator.php(442): Illuminate\\Database\\Migrations\\Migrator->runMethod(Object(Illuminate\\Database\\MySqlConnection), Object(Illuminate\\Database\\Migrations\\Migration@anonymous), 'up')
#9 /Applications/XAMPP/xamppfiles/htdocs/auth/vendor/laravel/framework/src/Illuminate/Database/Migrations/Migrator.php(451): Illuminate\\Database\\Migrations\\Migrator->{closure:Illuminate\\Database\\Migrations\\Migrator::runMigration():438}()
#10 /Applications/XAMPP/xamppfiles/htdocs/auth/vendor/laravel/framework/src/Illuminate/Database/Migrations/Migrator.php(253): Illuminate\\Database\\Migrations\\Migrator->runMigration(Object(Illuminate\\Database\\Migrations\\Migration@anonymous), 'up')
#11 /Applications/XAMPP/xamppfiles/htdocs/auth/vendor/laravel/framework/src/Illuminate/Console/View/Components/Task.php(41): Illuminate\\Database\\Migrations\\Migrator->{closure:Illuminate\\Database\\Migrations\\Migrator::runUp():253}()
#12 /Applications/XAMPP/xamppfiles/htdocs/auth/vendor/laravel/framework/src/Illuminate/Database/Migrations/Migrator.php(812): Illuminate\\Console\\View\\Components\\Task->render('2026_02_02_1405...', Object(Closure))
#13 /Applications/XAMPP/xamppfiles/htdocs/auth/vendor/laravel/framework/src/Illuminate/Database/Migrations/Migrator.php(253): Illuminate\\Database\\Migrations\\Migrator->write('Illuminate\\\\Cons...', '2026_02_02_1405...', Object(Closure))
#14 /Applications/XAMPP/xamppfiles/htdocs/auth/vendor/laravel/framework/src/Illuminate/Database/Migrations/Migrator.php(211): Illuminate\\Database\\Migrations\\Migrator->runUp('/Applications/X...', 3, false)
#15 /Applications/XAMPP/xamppfiles/htdocs/auth/vendor/laravel/framework/src/Illuminate/Database/Migrations/Migrator.php(138): Illuminate\\Database\\Migrations\\Migrator->runPending(Array, Array)
#16 /Applications/XAMPP/xamppfiles/htdocs/auth/vendor/laravel/framework/src/Illuminate/Database/Console/Migrations/MigrateCommand.php(116): Illuminate\\Database\\Migrations\\Migrator->run(Array, Array)
#17 /Applications/XAMPP/xamppfiles/htdocs/auth/vendor/laravel/framework/src/Illuminate/Database/Migrations/Migrator.php(669): Illuminate\\Database\\Console\\Migrations\\MigrateCommand->{closure:Illuminate\\Database\\Console\\Migrations\\MigrateCommand::runMigrations():109}()
#18 /Applications/XAMPP/xamppfiles/htdocs/auth/vendor/laravel/framework/src/Illuminate/Database/Console/Migrations/MigrateCommand.php(109): Illuminate\\Database\\Migrations\\Migrator->usingConnection(NULL, Object(Closure))
#19 /Applications/XAMPP/xamppfiles/htdocs/auth/vendor/laravel/framework/src/Illuminate/Database/Console/Migrations/MigrateCommand.php(88): Illuminate\\Database\\Console\\Migrations\\MigrateCommand->runMigrations()
#20 /Applications/XAMPP/xamppfiles/htdocs/auth/vendor/laravel/framework/src/Illuminate/Container/BoundMethod.php(36): Illuminate\\Database\\Console\\Migrations\\MigrateCommand->handle()
#21 /Applications/XAMPP/xamppfiles/htdocs/auth/vendor/laravel/framework/src/Illuminate/Container/Util.php(43): Illuminate\\Container\\BoundMethod::{closure:Illuminate\\Container\\BoundMethod::call():35}()
#22 /Applications/XAMPP/xamppfiles/htdocs/auth/vendor/laravel/framework/src/Illuminate/Container/BoundMethod.php(96): Illuminate\\Container\\Util::unwrapIfClosure(Object(Closure))
#23 /Applications/XAMPP/xamppfiles/htdocs/auth/vendor/laravel/framework/src/Illuminate/Container/BoundMethod.php(35): Illuminate\\Container\\BoundMethod::callBoundMethod(Object(Illuminate\\Foundation\\Application), Array, Object(Closure))
#24 /Applications/XAMPP/xamppfiles/htdocs/auth/vendor/laravel/framework/src/Illuminate/Container/Container.php(799): Illuminate\\Container\\BoundMethod::call(Object(Illuminate\\Foundation\\Application), Array, Array, NULL)
#25 /Applications/XAMPP/xamppfiles/htdocs/auth/vendor/laravel/framework/src/Illuminate/Console/Command.php(211): Illuminate\\Container\\Container->call(Array)
#26 /Applications/XAMPP/xamppfiles/htdocs/auth/vendor/symfony/console/Command/Command.php(341): Illuminate\\Console\\Command->execute(Object(Symfony\\Component\\Console\\Input\\ArgvInput), Object(Illuminate\\Console\\OutputStyle))
#27 /Applications/XAMPP/xamppfiles/htdocs/auth/vendor/laravel/framework/src/Illuminate/Console/Command.php(180): Symfony\\Component\\Console\\Command\\Command->run(Object(Symfony\\Component\\Console\\Input\\ArgvInput), Object(Illuminate\\Console\\OutputStyle))
#28 /Applications/XAMPP/xamppfiles/htdocs/auth/vendor/symfony/console/Application.php(1102): Illuminate\\Console\\Command->run(Object(Symfony\\Component\\Console\\Input\\ArgvInput), Object(Symfony\\Component\\Console\\Output\\ConsoleOutput))
#29 /Applications/XAMPP/xamppfiles/htdocs/auth/vendor/symfony/console/Application.php(356): Symfony\\Component\\Console\\Application->doRunCommand(Object(Illuminate\\Database\\Console\\Migrations\\MigrateCommand), Object(Symfony\\Component\\Console\\Input\\ArgvInput), Object(Symfony\\Component\\Console\\Output\\ConsoleOutput))
#30 /Applications/XAMPP/xamppfiles/htdocs/auth/vendor/symfony/console/Application.php(195): Symfony\\Component\\Console\\Application->doRun(Object(Symfony\\Component\\Console\\Input\\ArgvInput), Object(Symfony\\Component\\Console\\Output\\ConsoleOutput))
#31 /Applications/XAMPP/xamppfiles/htdocs/auth/vendor/laravel/framework/src/Illuminate/Foundation/Console/Kernel.php(198): Symfony\\Component\\Console\\Application->run(Object(Symfony\\Component\\Console\\Input\\ArgvInput), Object(Symfony\\Component\\Console\\Output\\ConsoleOutput))
#32 /Applications/XAMPP/xamppfiles/htdocs/auth/vendor/laravel/framework/src/Illuminate/Foundation/Application.php(1235): Illuminate\\Foundation\\Console\\Kernel->handle(Object(Symfony\\Component\\Console\\Input\\ArgvInput), Object(Symfony\\Component\\Console\\Output\\ConsoleOutput))
#33 /Applications/XAMPP/xamppfiles/htdocs/auth/artisan(16): Illuminate\\Foundation\\Application->handleCommand(Object(Symfony\\Component\\Console\\Input\\ArgvInput))
#34 {main}

[previous exception] [object] (PDOException(code: 42S21): SQLSTATE[42S21]: Column already exists: 1060 Duplicate column name 'created_at' at /Applications/XAMPP/xamppfiles/htdocs/auth/vendor/laravel/framework/src/Illuminate/Database/Connection.php:584)
[stacktrace]
#0 /Applications/XAMPP/xamppfiles/htdocs/auth/vendor/laravel/framework/src/Illuminate/Database/Connection.php(584): PDOStatement->execute()
#1 /Applications/XAMPP/xamppfiles/htdocs/auth/vendor/laravel/framework/src/Illuminate/Database/Connection.php(827): Illuminate\\Database\\Connection->{closure:Illuminate\\Database\\Connection::statement():573}('create table `c...', Array)
#2 /Applications/XAMPP/xamppfiles/htdocs/auth/vendor/laravel/framework/src/Illuminate/Database/Connection.php(794): Illuminate\\Database\\Connection->runQueryCallback('create table `c...', Array, Object(Closure))
#3 /Applications/XAMPP/xamppfiles/htdocs/auth/vendor/laravel/framework/src/Illuminate/Database/Connection.php(573): Illuminate\\Database\\Connection->run('create table `c...', Array, Object(Closure))
#4 /Applications/XAMPP/xamppfiles/htdocs/auth/vendor/laravel/framework/src/Illuminate/Database/Schema/Blueprint.php(121): Illuminate\\Database\\Connection->statement('create table `c...')
#5 /Applications/XAMPP/xamppfiles/htdocs/auth/vendor/laravel/framework/src/Illuminate/Database/Schema/Builder.php(684): Illuminate\\Database\\Schema\\Blueprint->build()
#6 /Applications/XAMPP/xamppfiles/htdocs/auth/vendor/laravel/framework/src/Illuminate/Database/Schema/Builder.php(506): Illuminate\\Database\\Schema\\Builder->build(Object(Illuminate\\Database\\Schema\\Blueprint))
#7 /Applications/XAMPP/xamppfiles/htdocs/auth/vendor/laravel/framework/src/Illuminate/Support/Facades/Facade.php(363): Illuminate\\Database\\Schema\\Builder->create('categories', Object(Closure))
#8 /Applications/XAMPP/xamppfiles/htdocs/auth/database/migrations/2026_02_02_140543_create_categories_table.php(14): Illuminate\\Support\\Facades\\Facade::__callStatic('create', Array)
#9 /Applications/XAMPP/xamppfiles/htdocs/auth/vendor/laravel/framework/src/Illuminate/Database/Migrations/Migrator.php(517): Illuminate\\Database\\Migrations\\Migration@anonymous->up()
#10 /Applications/XAMPP/xamppfiles/htdocs/auth/vendor/laravel/framework/src/Illuminate/Database/Migrations/Migrator.php(442): Illuminate\\Database\\Migrations\\Migrator->runMethod(Object(Illuminate\\Database\\MySqlConnection), Object(Illuminate\\Database\\Migrations\\Migration@anonymous), 'up')
#11 /Applications/XAMPP/xamppfiles/htdocs/auth/vendor/laravel/framework/src/Illuminate/Database/Migrations/Migrator.php(451): Illuminate\\Database\\Migrations\\Migrator->{closure:Illuminate\\Database\\Migrations\\Migrator::runMigration():438}()
#12 /Applications/XAMPP/xamppfiles/htdocs/auth/vendor/laravel/framework/src/Illuminate/Database/Migrations/Migrator.php(253): Illuminate\\Database\\Migrations\\Migrator->runMigration(Object(Illuminate\\Database\\Migrations\\Migration@anonymous), 'up')
#13 /Applications/XAMPP/xamppfiles/htdocs/auth/vendor/laravel/framework/src/Illuminate/Console/View/Components/Task.php(41): Illuminate\\Database\\Migrations\\Migrator->{closure:Illuminate\\Database\\Migrations\\Migrator::runUp():253}()
#14 /Applications/XAMPP/xamppfiles/htdocs/auth/vendor/laravel/framework/src/Illuminate/Database/Migrations/Migrator.php(812): Illuminate\\Console\\View\\Components\\Task->render('2026_02_02_1405...', Object(Closure))
#15 /Applications/XAMPP/xamppfiles/htdocs/auth/vendor/laravel/framework/src/Illuminate/Database/Migrations/Migrator.php(253): Illuminate\\Database\\Migrations\\Migrator->write('Illuminate\\\\Cons...', '2026_02_02_1405...', Object(Closure))
#16 /Applications/XAMPP/xamppfiles/htdocs/auth/vendor/laravel/framework/src/Illuminate/Database/Migrations/Migrator.php(211): Illuminate\\Database\\Migrations\\Migrator->runUp('/Applications/X...', 3, false)
#17 /Applications/XAMPP/xamppfiles/htdocs/auth/vendor/laravel/framework/src/Illuminate/Database/Migrations/Migrator.php(138): Illuminate\\Database\\Migrations\\Migrator->runPending(Array, Array)
#18 /Applications/XAMPP/xamppfiles/htdocs/auth/vendor/laravel/framework/src/Illuminate/Database/Console/Migrations/MigrateCommand.php(116): Illuminate\\Database\\Migrations\\Migrator->run(Array, Array)
#19 /Applications/XAMPP/xamppfiles/htdocs/auth/vendor/laravel/framework/src/Illuminate/Database/Migrations/Migrator.php(669): Illuminate\\Database\\Console\\Migrations\\MigrateCommand->{closure:Illuminate\\Database\\Console\\Migrations\\MigrateCommand::runMigrations():109}()
#20 /Applications/XAMPP/xamppfiles/htdocs/auth/vendor/laravel/framework/src/Illuminate/Database/Console/Migrations/MigrateCommand.php(109): Illuminate\\Database\\Migrations\\Migrator->usingConnection(NULL, Object(Closure))
#21 /Applications/XAMPP/xamppfiles/htdocs/auth/vendor/laravel/framework/src/Illuminate/Database/Console/Migrations/MigrateCommand.php(88): Illuminate\\Database\\Console\\Migrations\\MigrateCommand->runMigrations()
#22 /Applications/XAMPP/xamppfiles/htdocs/auth/vendor/laravel/framework/src/Illuminate/Container/BoundMethod.php(36): Illuminate\\Database\\Console\\Migrations\\MigrateCommand->handle()
#23 /Applications/XAMPP/xamppfiles/htdocs/auth/vendor/laravel/framework/src/Illuminate/Container/Util.php(43): Illuminate\\Container\\BoundMethod::{closure:Illuminate\\Container\\BoundMethod::call():35}()
#24 /Applications/XAMPP/xamppfiles/htdocs/auth/vendor/laravel/framework/src/Illuminate/Container/BoundMethod.php(96): Illuminate\\Container\\Util::unwrapIfClosure(Object(Closure))
#25 /Applications/XAMPP/xamppfiles/htdocs/auth/vendor/laravel/framework/src/Illuminate/Container/BoundMethod.php(35): Illuminate\\Container\\BoundMethod::callBoundMethod(Object(Illuminate\\Foundation\\Application), Array, Object(Closure))
#26 /Applications/XAMPP/xamppfiles/htdocs/auth/vendor/laravel/framework/src/Illuminate/Container/Container.php(799): Illuminate\\Container\\BoundMethod::call(Object(Illuminate\\Foundation\\Application), Array, Array, NULL)
#27 /Applications/XAMPP/xamppfiles/htdocs/auth/vendor/laravel/framework/src/Illuminate/Console/Command.php(211): Illuminate\\Container\\Container->call(Array)
#28 /Applications/XAMPP/xamppfiles/htdocs/auth/vendor/symfony/console/Command/Command.php(341): Illuminate\\Console\\Command->execute(Object(Symfony\\Component\\Console\\Input\\ArgvInput), Object(Illuminate\\Console\\OutputStyle))
#29 /Applications/XAMPP/xamppfiles/htdocs/auth/vendor/laravel/framework/src/Illuminate/Console/Command.php(180): Symfony\\Component\\Console\\Command\\Command->run(Object(Symfony\\Component\\Console\\Input\\ArgvInput), Object(Illuminate\\Console\\OutputStyle))
#30 /Applications/XAMPP/xamppfiles/htdocs/auth/vendor/symfony/console/Application.php(1102): Illuminate\\Console\\Command->run(Object(Symfony\\Component\\Console\\Input\\ArgvInput), Object(Symfony\\Component\\Console\\Output\\ConsoleOutput))
#31 /Applications/XAMPP/xamppfiles/htdocs/auth/vendor/symfony/console/Application.php(356): Symfony\\Component\\Console\\Application->doRunCommand(Object(Illuminate\\Database\\Console\\Migrations\\MigrateCommand), Object(Symfony\\Component\\Console\\Input\\ArgvInput), Object(Symfony\\Component\\Console\\Output\\ConsoleOutput))
#32 /Applications/XAMPP/xamppfiles/htdocs/auth/vendor/symfony/console/Application.php(195): Symfony\\Component\\Console\\Application->doRun(Object(Symfony\\Component\\Console\\Input\\ArgvInput), Object(Symfony\\Component\\Console\\Output\\ConsoleOutput))
#33 /Applications/XAMPP/xamppfiles/htdocs/auth/vendor/laravel/framework/src/Illuminate/Foundation/Console/Kernel.php(198): Symfony\\Component\\Console\\Application->run(Object(Symfony\\Component\\Console\\Input\\ArgvInput), Object(Symfony\\Component\\Console\\Output\\ConsoleOutput))
#34 /Applications/XAMPP/xamppfiles/htdocs/auth/vendor/laravel/framework/src/Illuminate/Foundation/Application.php(1235): Illuminate\\Foundation\\Console\\Kernel->handle(Object(Symfony\\Component\\Console\\Input\\ArgvInput), Object(Symfony\\Component\\Console\\Output\\ConsoleOutput))
#35 /Applications/XAMPP/xamppfiles/htdocs/auth/artisan(16): Illuminate\\Foundation\\Application->handleCommand(Object(Symfony\\Component\\Console\\Input\\ArgvInput))
#36 {main}
"} 
[2026-02-03 09:27:35] local.ERROR: syntax error, unexpected token "}", expecting variable {"exception":"[object] (Symfony\\Component\\ErrorHandler\\Error\\FatalError(code: 0): syntax error, unexpected token \"}\", expecting variable at /Applications/XAMPP/xamppfiles/htdocs/auth/app/Models/Category.php:11)
[stacktrace]
#0 {main}
"} 
[2026-02-03 09:27:51] local.ERROR: syntax error, unexpected token "$", expecting variable {"exception":"[object] (Symfony\\Component\\ErrorHandler\\Error\\FatalError(code: 0): syntax error, unexpected token \"$\", expecting variable at /Applications/XAMPP/xamppfiles/htdocs/auth/app/Models/Category.php:9)
[stacktrace]
#0 {main}
"} 
[2026-02-03 09:28:06] local.ERROR: syntax error, unexpected identifier "pu", expecting "function" {"exception":"[object] (Symfony\\Component\\ErrorHandler\\Error\\FatalError(code: 0): syntax error, unexpected identifier \"pu\", expecting \"function\" at /Applications/XAMPP/xamppfiles/htdocs/auth/app/Models/Category.php:10)
[stacktrace]
#0 {main}
"} 
[2026-02-05 19:13:04] local.ERROR: SQLSTATE[HY000] [2002] Connection refused (Connection: mysql, Host: 127.0.0.1, Port: 3306, Database: odin, SQL: select exists (select 1 from information_schema.tables where table_schema = schema() and table_name = 'migrations' and table_type in ('BASE TABLE', 'SYSTEM VERSIONED')) as `exists`) {"exception":"[object] (Illuminate\\Database\\QueryException(code: 2002): SQLSTATE[HY000] [2002] Connection refused (Connection: mysql, Host: 127.0.0.1, Port: 3306, Database: odin, SQL: select exists (select 1 from information_schema.tables where table_schema = schema() and table_name = 'migrations' and table_type in ('BASE TABLE', 'SYSTEM VERSIONED')) as `exists`) at /Applications/XAMPP/xamppfiles/htdocs/auth/vendor/laravel/framework/src/Illuminate/Database/Connection.php:838)
[stacktrace]
#0 /Applications/XAMPP/xamppfiles/htdocs/auth/vendor/laravel/framework/src/Illuminate/Database/Connection.php(999): Illuminate\\Database\\Connection->runQueryCallback('select exists (...', Array, Object(Closure))
#1 /Applications/XAMPP/xamppfiles/htdocs/auth/vendor/laravel/framework/src/Illuminate/Database/Connection.php(978): Illuminate\\Database\\Connection->tryAgainIfCausedByLostConnection(Object(Illuminate\\Database\\QueryException), 'select exists (...', Array, Object(Closure))
#2 /Applications/XAMPP/xamppfiles/htdocs/auth/vendor/laravel/framework/src/Illuminate/Database/Connection.php(796): Illuminate\\Database\\Connection->handleQueryException(Object(Illuminate\\Database\\QueryException), 'select exists (...', Array, Object(Closure))
#3 /Applications/XAMPP/xamppfiles/htdocs/auth/vendor/laravel/framework/src/Illuminate/Database/Connection.php(411): Illuminate\\Database\\Connection->run('select exists (...', Array, Object(Closure))
#4 /Applications/XAMPP/xamppfiles/htdocs/auth/vendor/laravel/framework/src/Illuminate/Database/Connection.php(357): Illuminate\\Database\\Connection->select('select exists (...', Array, true)
#5 /Applications/XAMPP/xamppfiles/htdocs/auth/vendor/laravel/framework/src/Illuminate/Database/Connection.php(374): Illuminate\\Database\\Connection->selectOne('select exists (...', Array, true)
#6 /Applications/XAMPP/xamppfiles/htdocs/auth/vendor/laravel/framework/src/Illuminate/Database/Schema/Builder.php(176): Illuminate\\Database\\Connection->scalar('select exists (...')
#7 /Applications/XAMPP/xamppfiles/htdocs/auth/vendor/laravel/framework/src/Illuminate/Database/Migrations/DatabaseMigrationRepository.php(185): Illuminate\\Database\\Schema\\Builder->hasTable('migrations')
#8 /Applications/XAMPP/xamppfiles/htdocs/auth/vendor/laravel/framework/src/Illuminate/Database/Migrations/Migrator.php(756): Illuminate\\Database\\Migrations\\DatabaseMigrationRepository->repositoryExists()
#9 /Applications/XAMPP/xamppfiles/htdocs/auth/vendor/laravel/framework/src/Illuminate/Database/Console/Migrations/MigrateCommand.php(164): Illuminate\\Database\\Migrations\\Migrator->repositoryExists()
#10 /Applications/XAMPP/xamppfiles/htdocs/auth/vendor/laravel/framework/src/Illuminate/Support/helpers.php(329): Illuminate\\Database\\Console\\Migrations\\MigrateCommand->{closure:Illuminate\\Database\\Console\\Migrations\\MigrateCommand::repositoryExists():164}(1)
#11 /Applications/XAMPP/xamppfiles/htdocs/auth/vendor/laravel/framework/src/Illuminate/Database/Console/Migrations/MigrateCommand.php(164): retry(1, Object(Closure), 0, Object(Closure))
#12 /Applications/XAMPP/xamppfiles/htdocs/auth/vendor/laravel/framework/src/Illuminate/Database/Console/Migrations/MigrateCommand.php(140): Illuminate\\Database\\Console\\Migrations\\MigrateCommand->repositoryExists()
#13 /Applications/XAMPP/xamppfiles/htdocs/auth/vendor/laravel/framework/src/Illuminate/Database/Console/Migrations/MigrateCommand.php(110): Illuminate\\Database\\Console\\Migrations\\MigrateCommand->prepareDatabase()
#14 /Applications/XAMPP/xamppfiles/htdocs/auth/vendor/laravel/framework/src/Illuminate/Database/Migrations/Migrator.php(669): Illuminate\\Database\\Console\\Migrations\\MigrateCommand->{closure:Illuminate\\Database\\Console\\Migrations\\MigrateCommand::runMigrations():109}()
#15 /Applications/XAMPP/xamppfiles/htdocs/auth/vendor/laravel/framework/src/Illuminate/Database/Console/Migrations/MigrateCommand.php(109): Illuminate\\Database\\Migrations\\Migrator->usingConnection(NULL, Object(Closure))
#16 /Applications/XAMPP/xamppfiles/htdocs/auth/vendor/laravel/framework/src/Illuminate/Database/Console/Migrations/MigrateCommand.php(88): Illuminate\\Database\\Console\\Migrations\\MigrateCommand->runMigrations()
#17 /Applications/XAMPP/xamppfiles/htdocs/auth/vendor/laravel/framework/src/Illuminate/Container/BoundMethod.php(36): Illuminate\\Database\\Console\\Migrations\\MigrateCommand->handle()
#18 /Applications/XAMPP/xamppfiles/htdocs/auth/vendor/laravel/framework/src/Illuminate/Container/Util.php(43): Illuminate\\Container\\BoundMethod::{closure:Illuminate\\Container\\BoundMethod::call():35}()
#19 /Applications/XAMPP/xamppfiles/htdocs/auth/vendor/laravel/framework/src/Illuminate/Container/BoundMethod.php(96): Illuminate\\Container\\Util::unwrapIfClosure(Object(Closure))
#20 /Applications/XAMPP/xamppfiles/htdocs/auth/vendor/laravel/framework/src/Illuminate/Container/BoundMethod.php(35): Illuminate\\Container\\BoundMethod::callBoundMethod(Object(Illuminate\\Foundation\\Application), Array, Object(Closure))
#21 /Applications/XAMPP/xamppfiles/htdocs/auth/vendor/laravel/framework/src/Illuminate/Container/Container.php(799): Illuminate\\Container\\BoundMethod::call(Object(Illuminate\\Foundation\\Application), Array, Array, NULL)
#22 /Applications/XAMPP/xamppfiles/htdocs/auth/vendor/laravel/framework/src/Illuminate/Console/Command.php(211): Illuminate\\Container\\Container->call(Array)
#23 /Applications/XAMPP/xamppfiles/htdocs/auth/vendor/symfony/console/Command/Command.php(341): Illuminate\\Console\\Command->execute(Object(Symfony\\Component\\Console\\Input\\ArgvInput), Object(Illuminate\\Console\\OutputStyle))
#24 /Applications/XAMPP/xamppfiles/htdocs/auth/vendor/laravel/framework/src/Illuminate/Console/Command.php(180): Symfony\\Component\\Console\\Command\\Command->run(Object(Symfony\\Component\\Console\\Input\\ArgvInput), Object(Illuminate\\Console\\OutputStyle))
#25 /Applications/XAMPP/xamppfiles/htdocs/auth/vendor/symfony/console/Application.php(1102): Illuminate\\Console\\Command->run(Object(Symfony\\Component\\Console\\Input\\ArgvInput), Object(Symfony\\Component\\Console\\Output\\ConsoleOutput))
#26 /Applications/XAMPP/xamppfiles/htdocs/auth/vendor/symfony/console/Application.php(356): Symfony\\Component\\Console\\Application->doRunCommand(Object(Illuminate\\Database\\Console\\Migrations\\MigrateCommand), Object(Symfony\\Component\\Console\\Input\\ArgvInput), Object(Symfony\\Component\\Console\\Output\\ConsoleOutput))
#27 /Applications/XAMPP/xamppfiles/htdocs/auth/vendor/symfony/console/Application.php(195): Symfony\\Component\\Console\\Application->doRun(Object(Symfony\\Component\\Console\\Input\\ArgvInput), Object(Symfony\\Component\\Console\\Output\\ConsoleOutput))
#28 /Applications/XAMPP/xamppfiles/htdocs/auth/vendor/laravel/framework/src/Illuminate/Foundation/Console/Kernel.php(198): Symfony\\Component\\Console\\Application->run(Object(Symfony\\Component\\Console\\Input\\ArgvInput), Object(Symfony\\Component\\Console\\Output\\ConsoleOutput))
#29 /Applications/XAMPP/xamppfiles/htdocs/auth/vendor/laravel/framework/src/Illuminate/Foundation/Application.php(1235): Illuminate\\Foundation\\Console\\Kernel->handle(Object(Symfony\\Component\\Console\\Input\\ArgvInput), Object(Symfony\\Component\\Console\\Output\\ConsoleOutput))
#30 /Applications/XAMPP/xamppfiles/htdocs/auth/artisan(16): Illuminate\\Foundation\\Application->handleCommand(Object(Symfony\\Component\\Console\\Input\\ArgvInput))
#31 {main}

[previous exception] [object] (PDOException(code: 2002): SQLSTATE[HY000] [2002] Connection refused at /Applications/XAMPP/xamppfiles/htdocs/auth/vendor/laravel/framework/src/Illuminate/Database/Connectors/Connector.php:67)
[stacktrace]
#0 /Applications/XAMPP/xamppfiles/htdocs/auth/vendor/laravel/framework/src/Illuminate/Database/Connectors/Connector.php(67): PDO::connect('mysql:host=127....', 'root', Object(SensitiveParameterValue), Array)
#1 /Applications/XAMPP/xamppfiles/htdocs/auth/vendor/laravel/framework/src/Illuminate/Database/Connectors/Connector.php(85): Illuminate\\Database\\Connectors\\Connector->createPdoConnection('mysql:host=127....', 'root', Object(SensitiveParameterValue), Array)
#2 /Applications/XAMPP/xamppfiles/htdocs/auth/vendor/laravel/framework/src/Illuminate/Database/Connectors/Connector.php(48): Illuminate\\Database\\Connectors\\Connector->tryAgainIfCausedByLostConnection(Object(PDOException), 'mysql:host=127....', 'root', Object(SensitiveParameterValue), Array)
#3 /Applications/XAMPP/xamppfiles/htdocs/auth/vendor/laravel/framework/src/Illuminate/Database/Connectors/MySqlConnector.php(24): Illuminate\\Database\\Connectors\\Connector->createConnection('mysql:host=127....', Array, Array)
#4 /Applications/XAMPP/xamppfiles/htdocs/auth/vendor/laravel/framework/src/Illuminate/Database/Connectors/ConnectionFactory.php(186): Illuminate\\Database\\Connectors\\MySqlConnector->connect(Array)
#5 [internal function]: Illuminate\\Database\\Connectors\\ConnectionFactory->{closure:Illuminate\\Database\\Connectors\\ConnectionFactory::createPdoResolverWithHosts():181}()
#6 /Applications/XAMPP/xamppfiles/htdocs/auth/vendor/laravel/framework/src/Illuminate/Database/Connection.php(1257): call_user_func(Object(Closure))
#7 /Applications/XAMPP/xamppfiles/htdocs/auth/vendor/laravel/framework/src/Illuminate/Database/Connection.php(1295): Illuminate\\Database\\Connection->getPdo()
#8 /Applications/XAMPP/xamppfiles/htdocs/auth/vendor/laravel/framework/src/Illuminate/Database/Connection.php(525): Illuminate\\Database\\Connection->getReadPdo()
#9 /Applications/XAMPP/xamppfiles/htdocs/auth/vendor/laravel/framework/src/Illuminate/Database/Connection.php(420): Illuminate\\Database\\Connection->getPdoForSelect(true)
#10 /Applications/XAMPP/xamppfiles/htdocs/auth/vendor/laravel/framework/src/Illuminate/Database/Connection.php(827): Illuminate\\Database\\Connection->{closure:Illuminate\\Database\\Connection::select():411}('select exists (...', Array)
#11 /Applications/XAMPP/xamppfiles/htdocs/auth/vendor/laravel/framework/src/Illuminate/Database/Connection.php(999): Illuminate\\Database\\Connection->runQueryCallback('select exists (...', Array, Object(Closure))
#12 /Applications/XAMPP/xamppfiles/htdocs/auth/vendor/laravel/framework/src/Illuminate/Database/Connection.php(978): Illuminate\\Database\\Connection->tryAgainIfCausedByLostConnection(Object(Illuminate\\Database\\QueryException), 'select exists (...', Array, Object(Closure))
#13 /Applications/XAMPP/xamppfiles/htdocs/auth/vendor/laravel/framework/src/Illuminate/Database/Connection.php(796): Illuminate\\Database\\Connection->handleQueryException(Object(Illuminate\\Database\\QueryException), 'select exists (...', Array, Object(Closure))
#14 /Applications/XAMPP/xamppfiles/htdocs/auth/vendor/laravel/framework/src/Illuminate/Database/Connection.php(411): Illuminate\\Database\\Connection->run('select exists (...', Array, Object(Closure))
#15 /Applications/XAMPP/xamppfiles/htdocs/auth/vendor/laravel/framework/src/Illuminate/Database/Connection.php(357): Illuminate\\Database\\Connection->select('select exists (...', Array, true)
#16 /Applications/XAMPP/xamppfiles/htdocs/auth/vendor/laravel/framework/src/Illuminate/Database/Connection.php(374): Illuminate\\Database\\Connection->selectOne('select exists (...', Array, true)
#17 /Applications/XAMPP/xamppfiles/htdocs/auth/vendor/laravel/framework/src/Illuminate/Database/Schema/Builder.php(176): Illuminate\\Database\\Connection->scalar('select exists (...')
#18 /Applications/XAMPP/xamppfiles/htdocs/auth/vendor/laravel/framework/src/Illuminate/Database/Migrations/DatabaseMigrationRepository.php(185): Illuminate\\Database\\Schema\\Builder->hasTable('migrations')
#19 /Applications/XAMPP/xamppfiles/htdocs/auth/vendor/laravel/framework/src/Illuminate/Database/Migrations/Migrator.php(756): Illuminate\\Database\\Migrations\\DatabaseMigrationRepository->repositoryExists()
#20 /Applications/XAMPP/xamppfiles/htdocs/auth/vendor/laravel/framework/src/Illuminate/Database/Console/Migrations/MigrateCommand.php(164): Illuminate\\Database\\Migrations\\Migrator->repositoryExists()
#21 /Applications/XAMPP/xamppfiles/htdocs/auth/vendor/laravel/framework/src/Illuminate/Support/helpers.php(329): Illuminate\\Database\\Console\\Migrations\\MigrateCommand->{closure:Illuminate\\Database\\Console\\Migrations\\MigrateCommand::repositoryExists():164}(1)
#22 /Applications/XAMPP/xamppfiles/htdocs/auth/vendor/laravel/framework/src/Illuminate/Database/Console/Migrations/MigrateCommand.php(164): retry(1, Object(Closure), 0, Object(Closure))
#23 /Applications/XAMPP/xamppfiles/htdocs/auth/vendor/laravel/framework/src/Illuminate/Database/Console/Migrations/MigrateCommand.php(140): Illuminate\\Database\\Console\\Migrations\\MigrateCommand->repositoryExists()
#24 /Applications/XAMPP/xamppfiles/htdocs/auth/vendor/laravel/framework/src/Illuminate/Database/Console/Migrations/MigrateCommand.php(110): Illuminate\\Database\\Console\\Migrations\\MigrateCommand->prepareDatabase()
#25 /Applications/XAMPP/xamppfiles/htdocs/auth/vendor/laravel/framework/src/Illuminate/Database/Migrations/Migrator.php(669): Illuminate\\Database\\Console\\Migrations\\MigrateCommand->{closure:Illuminate\\Database\\Console\\Migrations\\MigrateCommand::runMigrations():109}()
#26 /Applications/XAMPP/xamppfiles/htdocs/auth/vendor/laravel/framework/src/Illuminate/Database/Console/Migrations/MigrateCommand.php(109): Illuminate\\Database\\Migrations\\Migrator->usingConnection(NULL, Object(Closure))
#27 /Applications/XAMPP/xamppfiles/htdocs/auth/vendor/laravel/framework/src/Illuminate/Database/Console/Migrations/MigrateCommand.php(88): Illuminate\\Database\\Console\\Migrations\\MigrateCommand->runMigrations()
#28 /Applications/XAMPP/xamppfiles/htdocs/auth/vendor/laravel/framework/src/Illuminate/Container/BoundMethod.php(36): Illuminate\\Database\\Console\\Migrations\\MigrateCommand->handle()
#29 /Applications/XAMPP/xamppfiles/htdocs/auth/vendor/laravel/framework/src/Illuminate/Container/Util.php(43): Illuminate\\Container\\BoundMethod::{closure:Illuminate\\Container\\BoundMethod::call():35}()
#30 /Applications/XAMPP/xamppfiles/htdocs/auth/vendor/laravel/framework/src/Illuminate/Container/BoundMethod.php(96): Illuminate\\Container\\Util::unwrapIfClosure(Object(Closure))
#31 /Applications/XAMPP/xamppfiles/htdocs/auth/vendor/laravel/framework/src/Illuminate/Container/BoundMethod.php(35): Illuminate\\Container\\BoundMethod::callBoundMethod(Object(Illuminate\\Foundation\\Application), Array, Object(Closure))
#32 /Applications/XAMPP/xamppfiles/htdocs/auth/vendor/laravel/framework/src/Illuminate/Container/Container.php(799): Illuminate\\Container\\BoundMethod::call(Object(Illuminate\\Foundation\\Application), Array, Array, NULL)
#33 /Applications/XAMPP/xamppfiles/htdocs/auth/vendor/laravel/framework/src/Illuminate/Console/Command.php(211): Illuminate\\Container\\Container->call(Array)
#34 /Applications/XAMPP/xamppfiles/htdocs/auth/vendor/symfony/console/Command/Command.php(341): Illuminate\\Console\\Command->execute(Object(Symfony\\Component\\Console\\Input\\ArgvInput), Object(Illuminate\\Console\\OutputStyle))
#35 /Applications/XAMPP/xamppfiles/htdocs/auth/vendor/laravel/framework/src/Illuminate/Console/Command.php(180): Symfony\\Component\\Console\\Command\\Command->run(Object(Symfony\\Component\\Console\\Input\\ArgvInput), Object(Illuminate\\Console\\OutputStyle))
#36 /Applications/XAMPP/xamppfiles/htdocs/auth/vendor/symfony/console/Application.php(1102): Illuminate\\Console\\Command->run(Object(Symfony\\Component\\Console\\Input\\ArgvInput), Object(Symfony\\Component\\Console\\Output\\ConsoleOutput))
#37 /Applications/XAMPP/xamppfiles/htdocs/auth/vendor/symfony/console/Application.php(356): Symfony\\Component\\Console\\Application->doRunCommand(Object(Illuminate\\Database\\Console\\Migrations\\MigrateCommand), Object(Symfony\\Component\\Console\\Input\\ArgvInput), Object(Symfony\\Component\\Console\\Output\\ConsoleOutput))
#38 /Applications/XAMPP/xamppfiles/htdocs/auth/vendor/symfony/console/Application.php(195): Symfony\\Component\\Console\\Application->doRun(Object(Symfony\\Component\\Console\\Input\\ArgvInput), Object(Symfony\\Component\\Console\\Output\\ConsoleOutput))
#39 /Applications/XAMPP/xamppfiles/htdocs/auth/vendor/laravel/framework/src/Illuminate/Foundation/Console/Kernel.php(198): Symfony\\Component\\Console\\Application->run(Object(Symfony\\Component\\Console\\Input\\ArgvInput), Object(Symfony\\Component\\Console\\Output\\ConsoleOutput))
#40 /Applications/XAMPP/xamppfiles/htdocs/auth/vendor/laravel/framework/src/Illuminate/Foundation/Application.php(1235): Illuminate\\Foundation\\Console\\Kernel->handle(Object(Symfony\\Component\\Console\\Input\\ArgvInput), Object(Symfony\\Component\\Console\\Output\\ConsoleOutput))
#41 /Applications/XAMPP/xamppfiles/htdocs/auth/artisan(16): Illuminate\\Foundation\\Application->handleCommand(Object(Symfony\\Component\\Console\\Input\\ArgvInput))
#42 {main}
"} 
[2026-02-05 19:33:43] local.ERROR: SQLSTATE[42S21]: Column already exists: 1060 Duplicate column name 'created_at' (Connection: mysql, Host: 127.0.0.1, Port: 3306, Database: odin, SQL: create table `categories` (`id` bigint unsigned not null auto_increment primary key, `name` varchar(255) not null, `user_id` bigint unsigned not null, `created_at` timestamp null, `updated_at` timestamp null, `created_at` timestamp null, `updated_at` timestamp null) default character set utf8mb4 collate 'utf8mb4_unicode_ci') {"exception":"[object] (Illuminate\\Database\\QueryException(code: 42S21): SQLSTATE[42S21]: Column already exists: 1060 Duplicate column name 'created_at' (Connection: mysql, Host: 127.0.0.1, Port: 3306, Database: odin, SQL: create table `categories` (`id` bigint unsigned not null auto_increment primary key, `name` varchar(255) not null, `user_id` bigint unsigned not null, `created_at` timestamp null, `updated_at` timestamp null, `created_at` timestamp null, `updated_at` timestamp null) default character set utf8mb4 collate 'utf8mb4_unicode_ci') at /Applications/XAMPP/xamppfiles/htdocs/auth/vendor/laravel/framework/src/Illuminate/Database/Connection.php:838)
[stacktrace]
#0 /Applications/XAMPP/xamppfiles/htdocs/auth/vendor/laravel/framework/src/Illuminate/Database/Connection.php(794): Illuminate\\Database\\Connection->runQueryCallback('create table `c...', Array, Object(Closure))
#1 /Applications/XAMPP/xamppfiles/htdocs/auth/vendor/laravel/framework/src/Illuminate/Database/Connection.php(573): Illuminate\\Database\\Connection->run('create table `c...', Array, Object(Closure))
#2 /Applications/XAMPP/xamppfiles/htdocs/auth/vendor/laravel/framework/src/Illuminate/Database/Schema/Blueprint.php(121): Illuminate\\Database\\Connection->statement('create table `c...')
#3 /Applications/XAMPP/xamppfiles/htdocs/auth/vendor/laravel/framework/src/Illuminate/Database/Schema/Builder.php(684): Illuminate\\Database\\Schema\\Blueprint->build()
#4 /Applications/XAMPP/xamppfiles/htdocs/auth/vendor/laravel/framework/src/Illuminate/Database/Schema/Builder.php(506): Illuminate\\Database\\Schema\\Builder->build(Object(Illuminate\\Database\\Schema\\Blueprint))
#5 /Applications/XAMPP/xamppfiles/htdocs/auth/vendor/laravel/framework/src/Illuminate/Support/Facades/Facade.php(363): Illuminate\\Database\\Schema\\Builder->create('categories', Object(Closure))
#6 /Applications/XAMPP/xamppfiles/htdocs/auth/database/migrations/2026_02_02_140543_create_categories_table.php(14): Illuminate\\Support\\Facades\\Facade::__callStatic('create', Array)
#7 /Applications/XAMPP/xamppfiles/htdocs/auth/vendor/laravel/framework/src/Illuminate/Database/Migrations/Migrator.php(517): Illuminate\\Database\\Migrations\\Migration@anonymous->up()
#8 /Applications/XAMPP/xamppfiles/htdocs/auth/vendor/laravel/framework/src/Illuminate/Database/Migrations/Migrator.php(442): Illuminate\\Database\\Migrations\\Migrator->runMethod(Object(Illuminate\\Database\\MySqlConnection), Object(Illuminate\\Database\\Migrations\\Migration@anonymous), 'up')
#9 /Applications/XAMPP/xamppfiles/htdocs/auth/vendor/laravel/framework/src/Illuminate/Database/Migrations/Migrator.php(451): Illuminate\\Database\\Migrations\\Migrator->{closure:Illuminate\\Database\\Migrations\\Migrator::runMigration():438}()
#10 /Applications/XAMPP/xamppfiles/htdocs/auth/vendor/laravel/framework/src/Illuminate/Database/Migrations/Migrator.php(253): Illuminate\\Database\\Migrations\\Migrator->runMigration(Object(Illuminate\\Database\\Migrations\\Migration@anonymous), 'up')
#11 /Applications/XAMPP/xamppfiles/htdocs/auth/vendor/laravel/framework/src/Illuminate/Console/View/Components/Task.php(41): Illuminate\\Database\\Migrations\\Migrator->{closure:Illuminate\\Database\\Migrations\\Migrator::runUp():253}()
#12 /Applications/XAMPP/xamppfiles/htdocs/auth/vendor/laravel/framework/src/Illuminate/Database/Migrations/Migrator.php(812): Illuminate\\Console\\View\\Components\\Task->render('2026_02_02_1405...', Object(Closure))
#13 /Applications/XAMPP/xamppfiles/htdocs/auth/vendor/laravel/framework/src/Illuminate/Database/Migrations/Migrator.php(253): Illuminate\\Database\\Migrations\\Migrator->write('Illuminate\\\\Cons...', '2026_02_02_1405...', Object(Closure))
#14 /Applications/XAMPP/xamppfiles/htdocs/auth/vendor/laravel/framework/src/Illuminate/Database/Migrations/Migrator.php(211): Illuminate\\Database\\Migrations\\Migrator->runUp('/Applications/X...', 3, false)
#15 /Applications/XAMPP/xamppfiles/htdocs/auth/vendor/laravel/framework/src/Illuminate/Database/Migrations/Migrator.php(138): Illuminate\\Database\\Migrations\\Migrator->runPending(Array, Array)
#16 /Applications/XAMPP/xamppfiles/htdocs/auth/vendor/laravel/framework/src/Illuminate/Database/Console/Migrations/MigrateCommand.php(116): Illuminate\\Database\\Migrations\\Migrator->run(Array, Array)
#17 /Applications/XAMPP/xamppfiles/htdocs/auth/vendor/laravel/framework/src/Illuminate/Database/Migrations/Migrator.php(669): Illuminate\\Database\\Console\\Migrations\\MigrateCommand->{closure:Illuminate\\Database\\Console\\Migrations\\MigrateCommand::runMigrations():109}()
#18 /Applications/XAMPP/xamppfiles/htdocs/auth/vendor/laravel/framework/src/Illuminate/Database/Console/Migrations/MigrateCommand.php(109): Illuminate\\Database\\Migrations\\Migrator->usingConnection(NULL, Object(Closure))
#19 /Applications/XAMPP/xamppfiles/htdocs/auth/vendor/laravel/framework/src/Illuminate/Database/Console/Migrations/MigrateCommand.php(88): Illuminate\\Database\\Console\\Migrations\\MigrateCommand->runMigrations()
#20 /Applications/XAMPP/xamppfiles/htdocs/auth/vendor/laravel/framework/src/Illuminate/Container/BoundMethod.php(36): Illuminate\\Database\\Console\\Migrations\\MigrateCommand->handle()
#21 /Applications/XAMPP/xamppfiles/htdocs/auth/vendor/laravel/framework/src/Illuminate/Container/Util.php(43): Illuminate\\Container\\BoundMethod::{closure:Illuminate\\Container\\BoundMethod::call():35}()
#22 /Applications/XAMPP/xamppfiles/htdocs/auth/vendor/laravel/framework/src/Illuminate/Container/BoundMethod.php(96): Illuminate\\Container\\Util::unwrapIfClosure(Object(Closure))
#23 /Applications/XAMPP/xamppfiles/htdocs/auth/vendor/laravel/framework/src/Illuminate/Container/BoundMethod.php(35): Illuminate\\Container\\BoundMethod::callBoundMethod(Object(Illuminate\\Foundation\\Application), Array, Object(Closure))
#24 /Applications/XAMPP/xamppfiles/htdocs/auth/vendor/laravel/framework/src/Illuminate/Container/Container.php(799): Illuminate\\Container\\BoundMethod::call(Object(Illuminate\\Foundation\\Application), Array, Array, NULL)
#25 /Applications/XAMPP/xamppfiles/htdocs/auth/vendor/laravel/framework/src/Illuminate/Console/Command.php(211): Illuminate\\Container\\Container->call(Array)
#26 /Applications/XAMPP/xamppfiles/htdocs/auth/vendor/symfony/console/Command/Command.php(341): Illuminate\\Console\\Command->execute(Object(Symfony\\Component\\Console\\Input\\ArgvInput), Object(Illuminate\\Console\\OutputStyle))
#27 /Applications/XAMPP/xamppfiles/htdocs/auth/vendor/laravel/framework/src/Illuminate/Console/Command.php(180): Symfony\\Component\\Console\\Command\\Command->run(Object(Symfony\\Component\\Console\\Input\\ArgvInput), Object(Illuminate\\Console\\OutputStyle))
#28 /Applications/XAMPP/xamppfiles/htdocs/auth/vendor/symfony/console/Application.php(1102): Illuminate\\Console\\Command->run(Object(Symfony\\Component\\Console\\Input\\ArgvInput), Object(Symfony\\Component\\Console\\Output\\ConsoleOutput))
#29 /Applications/XAMPP/xamppfiles/htdocs/auth/vendor/symfony/console/Application.php(356): Symfony\\Component\\Console\\Application->doRunCommand(Object(Illuminate\\Database\\Console\\Migrations\\MigrateCommand), Object(Symfony\\Component\\Console\\Input\\ArgvInput), Object(Symfony\\Component\\Console\\Output\\ConsoleOutput))
#30 /Applications/XAMPP/xamppfiles/htdocs/auth/vendor/symfony/console/Application.php(195): Symfony\\Component\\Console\\Application->doRun(Object(Symfony\\Component\\Console\\Input\\ArgvInput), Object(Symfony\\Component\\Console\\Output\\ConsoleOutput))
#31 /Applications/XAMPP/xamppfiles/htdocs/auth/vendor/laravel/framework/src/Illuminate/Foundation/Console/Kernel.php(198): Symfony\\Component\\Console\\Application->run(Object(Symfony\\Component\\Console\\Input\\ArgvInput), Object(Symfony\\Component\\Console\\Output\\ConsoleOutput))
#32 /Applications/XAMPP/xamppfiles/htdocs/auth/vendor/laravel/framework/src/Illuminate/Foundation/Application.php(1235): Illuminate\\Foundation\\Console\\Kernel->handle(Object(Symfony\\Component\\Console\\Input\\ArgvInput), Object(Symfony\\Component\\Console\\Output\\ConsoleOutput))
#33 /Applications/XAMPP/xamppfiles/htdocs/auth/artisan(16): Illuminate\\Foundation\\Application->handleCommand(Object(Symfony\\Component\\Console\\Input\\ArgvInput))
#34 {main}

[previous exception] [object] (PDOException(code: 42S21): SQLSTATE[42S21]: Column already exists: 1060 Duplicate column name 'created_at' at /Applications/XAMPP/xamppfiles/htdocs/auth/vendor/laravel/framework/src/Illuminate/Database/Connection.php:584)
[stacktrace]
#0 /Applications/XAMPP/xamppfiles/htdocs/auth/vendor/laravel/framework/src/Illuminate/Database/Connection.php(584): PDOStatement->execute()
#1 /Applications/XAMPP/xamppfiles/htdocs/auth/vendor/laravel/framework/src/Illuminate/Database/Connection.php(827): Illuminate\\Database\\Connection->{closure:Illuminate\\Database\\Connection::statement():573}('create table `c...', Array)
#2 /Applications/XAMPP/xamppfiles/htdocs/auth/vendor/laravel/framework/src/Illuminate/Database/Connection.php(794): Illuminate\\Database\\Connection->runQueryCallback('create table `c...', Array, Object(Closure))
#3 /Applications/XAMPP/xamppfiles/htdocs/auth/vendor/laravel/framework/src/Illuminate/Database/Connection.php(573): Illuminate\\Database\\Connection->run('create table `c...', Array, Object(Closure))
#4 /Applications/XAMPP/xamppfiles/htdocs/auth/vendor/laravel/framework/src/Illuminate/Database/Schema/Blueprint.php(121): Illuminate\\Database\\Connection->statement('create table `c...')
#5 /Applications/XAMPP/xamppfiles/htdocs/auth/vendor/laravel/framework/src/Illuminate/Database/Schema/Builder.php(684): Illuminate\\Database\\Schema\\Blueprint->build()
#6 /Applications/XAMPP/xamppfiles/htdocs/auth/vendor/laravel/framework/src/Illuminate/Database/Schema/Builder.php(506): Illuminate\\Database\\Schema\\Builder->build(Object(Illuminate\\Database\\Schema\\Blueprint))
#7 /Applications/XAMPP/xamppfiles/htdocs/auth/vendor/laravel/framework/src/Illuminate/Support/Facades/Facade.php(363): Illuminate\\Database\\Schema\\Builder->create('categories', Object(Closure))
#8 /Applications/XAMPP/xamppfiles/htdocs/auth/database/migrations/2026_02_02_140543_create_categories_table.php(14): Illuminate\\Support\\Facades\\Facade::__callStatic('create', Array)
#9 /Applications/XAMPP/xamppfiles/htdocs/auth/vendor/laravel/framework/src/Illuminate/Database/Migrations/Migrator.php(517): Illuminate\\Database\\Migrations\\Migration@anonymous->up()
#10 /Applications/XAMPP/xamppfiles/htdocs/auth/vendor/laravel/framework/src/Illuminate/Database/Migrations/Migrator.php(442): Illuminate\\Database\\Migrations\\Migrator->runMethod(Object(Illuminate\\Database\\MySqlConnection), Object(Illuminate\\Database\\Migrations\\Migration@anonymous), 'up')
#11 /Applications/XAMPP/xamppfiles/htdocs/auth/vendor/laravel/framework/src/Illuminate/Database/Migrations/Migrator.php(451): Illuminate\\Database\\Migrations\\Migrator->{closure:Illuminate\\Database\\Migrations\\Migrator::runMigration():438}()
#12 /Applications/XAMPP/xamppfiles/htdocs/auth/vendor/laravel/framework/src/Illuminate/Database/Migrations/Migrator.php(253): Illuminate\\Database\\Migrations\\Migrator->runMigration(Object(Illuminate\\Database\\Migrations\\Migration@anonymous), 'up')
#13 /Applications/XAMPP/xamppfiles/htdocs/auth/vendor/laravel/framework/src/Illuminate/Console/View/Components/Task.php(41): Illuminate\\Database\\Migrations\\Migrator->{closure:Illuminate\\Database\\Migrations\\Migrator::runUp():253}()
#14 /Applications/XAMPP/xamppfiles/htdocs/auth/vendor/laravel/framework/src/Illuminate/Database/Migrations/Migrator.php(812): Illuminate\\Console\\View\\Components\\Task->render('2026_02_02_1405...', Object(Closure))
#15 /Applications/XAMPP/xamppfiles/htdocs/auth/vendor/laravel/framework/src/Illuminate/Database/Migrations/Migrator.php(253): Illuminate\\Database\\Migrations\\Migrator->write('Illuminate\\\\Cons...', '2026_02_02_1405...', Object(Closure))
#16 /Applications/XAMPP/xamppfiles/htdocs/auth/vendor/laravel/framework/src/Illuminate/Database/Migrations/Migrator.php(211): Illuminate\\Database\\Migrations\\Migrator->runUp('/Applications/X...', 3, false)
#17 /Applications/XAMPP/xamppfiles/htdocs/auth/vendor/laravel/framework/src/Illuminate/Database/Migrations/Migrator.php(138): Illuminate\\Database\\Migrations\\Migrator->runPending(Array, Array)
#18 /Applications/XAMPP/xamppfiles/htdocs/auth/vendor/laravel/framework/src/Illuminate/Database/Console/Migrations/MigrateCommand.php(116): Illuminate\\Database\\Migrations\\Migrator->run(Array, Array)
#19 /Applications/XAMPP/xamppfiles/htdocs/auth/vendor/laravel/framework/src/Illuminate/Database/Migrations/Migrator.php(669): Illuminate\\Database\\Console\\Migrations\\MigrateCommand->{closure:Illuminate\\Database\\Console\\Migrations\\MigrateCommand::runMigrations():109}()
#20 /Applications/XAMPP/xamppfiles/htdocs/auth/vendor/laravel/framework/src/Illuminate/Database/Console/Migrations/MigrateCommand.php(109): Illuminate\\Database\\Migrations\\Migrator->usingConnection(NULL, Object(Closure))
#21 /Applications/XAMPP/xamppfiles/htdocs/auth/vendor/laravel/framework/src/Illuminate/Database/Console/Migrations/MigrateCommand.php(88): Illuminate\\Database\\Console\\Migrations\\MigrateCommand->runMigrations()
#22 /Applications/XAMPP/xamppfiles/htdocs/auth/vendor/laravel/framework/src/Illuminate/Container/BoundMethod.php(36): Illuminate\\Database\\Console\\Migrations\\MigrateCommand->handle()
#23 /Applications/XAMPP/xamppfiles/htdocs/auth/vendor/laravel/framework/src/Illuminate/Container/Util.php(43): Illuminate\\Container\\BoundMethod::{closure:Illuminate\\Container\\BoundMethod::call():35}()
#24 /Applications/XAMPP/xamppfiles/htdocs/auth/vendor/laravel/framework/src/Illuminate/Container/BoundMethod.php(96): Illuminate\\Container\\Util::unwrapIfClosure(Object(Closure))
#25 /Applications/XAMPP/xamppfiles/htdocs/auth/vendor/laravel/framework/src/Illuminate/Container/BoundMethod.php(35): Illuminate\\Container\\BoundMethod::callBoundMethod(Object(Illuminate\\Foundation\\Application), Array, Object(Closure))
#26 /Applications/XAMPP/xamppfiles/htdocs/auth/vendor/laravel/framework/src/Illuminate/Container/Container.php(799): Illuminate\\Container\\BoundMethod::call(Object(Illuminate\\Foundation\\Application), Array, Array, NULL)
#27 /Applications/XAMPP/xamppfiles/htdocs/auth/vendor/laravel/framework/src/Illuminate/Console/Command.php(211): Illuminate\\Container\\Container->call(Array)
#28 /Applications/XAMPP/xamppfiles/htdocs/auth/vendor/symfony/console/Command/Command.php(341): Illuminate\\Console\\Command->execute(Object(Symfony\\Component\\Console\\Input\\ArgvInput), Object(Illuminate\\Console\\OutputStyle))
#29 /Applications/XAMPP/xamppfiles/htdocs/auth/vendor/laravel/framework/src/Illuminate/Console/Command.php(180): Symfony\\Component\\Console\\Command\\Command->run(Object(Symfony\\Component\\Console\\Input\\ArgvInput), Object(Illuminate\\Console\\OutputStyle))
#30 /Applications/XAMPP/xamppfiles/htdocs/auth/vendor/symfony/console/Application.php(1102): Illuminate\\Console\\Command->run(Object(Symfony\\Component\\Console\\Input\\ArgvInput), Object(Symfony\\Component\\Console\\Output\\ConsoleOutput))
#31 /Applications/XAMPP/xamppfiles/htdocs/auth/vendor/symfony/console/Application.php(356): Symfony\\Component\\Console\\Application->doRunCommand(Object(Illuminate\\Database\\Console\\Migrations\\MigrateCommand), Object(Symfony\\Component\\Console\\Input\\ArgvInput), Object(Symfony\\Component\\Console\\Output\\ConsoleOutput))
#32 /Applications/XAMPP/xamppfiles/htdocs/auth/vendor/symfony/console/Application.php(195): Symfony\\Component\\Console\\Application->doRun(Object(Symfony\\Component\\Console\\Input\\ArgvInput), Object(Symfony\\Component\\Console\\Output\\ConsoleOutput))
#33 /Applications/XAMPP/xamppfiles/htdocs/auth/vendor/laravel/framework/src/Illuminate/Foundation/Console/Kernel.php(198): Symfony\\Component\\Console\\Application->run(Object(Symfony\\Component\\Console\\Input\\ArgvInput), Object(Symfony\\Component\\Console\\Output\\ConsoleOutput))
#34 /Applications/XAMPP/xamppfiles/htdocs/auth/vendor/laravel/framework/src/Illuminate/Foundation/Application.php(1235): Illuminate\\Foundation\\Console\\Kernel->handle(Object(Symfony\\Component\\Console\\Input\\ArgvInput), Object(Symfony\\Component\\Console\\Output\\ConsoleOutput))
#35 /Applications/XAMPP/xamppfiles/htdocs/auth/artisan(16): Illuminate\\Foundation\\Application->handleCommand(Object(Symfony\\Component\\Console\\Input\\ArgvInput))
#36 {main}
"} 
[2026-02-05 19:36:46] local.ERROR: Undefined variable $slot (View: /Applications/XAMPP/xamppfiles/htdocs/auth/resources/views/layouts/app.blade.php) (View: /Applications/XAMPP/xamppfiles/htdocs/auth/resources/views/layouts/app.blade.php) {"userId":2,"exception":"[object] (Illuminate\\View\\ViewException(code: 0): Undefined variable $slot (View: /Applications/XAMPP/xamppfiles/htdocs/auth/resources/views/layouts/app.blade.php) (View: /Applications/XAMPP/xamppfiles/htdocs/auth/resources/views/layouts/app.blade.php) at /Applications/XAMPP/xamppfiles/htdocs/auth/storage/framework/views/4d456c6d643a4708319e19834a515bba.php:33)
[stacktrace]
#0 /Applications/XAMPP/xamppfiles/htdocs/auth/vendor/laravel/framework/src/Illuminate/View/Engines/PhpEngine.php(59): Illuminate\\View\\Engines\\CompilerEngine->handleViewException(Object(Illuminate\\View\\ViewException), 1)
#1 /Applications/XAMPP/xamppfiles/htdocs/auth/vendor/laravel/framework/src/Illuminate/View/Engines/CompilerEngine.php(76): Illuminate\\View\\Engines\\PhpEngine->evaluatePath('/Applications/X...', Array)
#2 /Applications/XAMPP/xamppfiles/htdocs/auth/vendor/laravel/framework/src/Illuminate/View/View.php(208): Illuminate\\View\\Engines\\CompilerEngine->get('/Applications/X...', Array)
#3 /Applications/XAMPP/xamppfiles/htdocs/auth/vendor/laravel/framework/src/Illuminate/View/View.php(191): Illuminate\\View\\View->getContents()
#4 /Applications/XAMPP/xamppfiles/htdocs/auth/vendor/laravel/framework/src/Illuminate/View/View.php(160): Illuminate\\View\\View->renderContents()
#5 /Applications/XAMPP/xamppfiles/htdocs/auth/vendor/laravel/framework/src/Illuminate/Http/Response.php(78): Illuminate\\View\\View->render()
#6 /Applications/XAMPP/xamppfiles/htdocs/auth/vendor/laravel/framework/src/Illuminate/Http/Response.php(34): Illuminate\\Http\\Response->setContent(Object(Illuminate\\View\\View))
#7 /Applications/XAMPP/xamppfiles/htdocs/auth/vendor/laravel/framework/src/Illuminate/Routing/Router.php(939): Illuminate\\Http\\Response->__construct(Object(Illuminate\\View\\View), 200, Array)
#8 /Applications/XAMPP/xamppfiles/htdocs/auth/vendor/laravel/framework/src/Illuminate/Routing/Router.php(906): Illuminate\\Routing\\Router::toResponse(Object(Illuminate\\Http\\Request), Object(Illuminate\\View\\View))
#9 /Applications/XAMPP/xamppfiles/htdocs/auth/vendor/laravel/framework/src/Illuminate/Routing/Router.php(821): Illuminate\\Routing\\Router->prepareResponse(Object(Illuminate\\Http\\Request), Object(Illuminate\\View\\View))
#10 /Applications/XAMPP/xamppfiles/htdocs/auth/vendor/laravel/framework/src/Illuminate/Pipeline/Pipeline.php(180): Illuminate\\Routing\\Router->{closure:Illuminate\\Routing\\Router::runRouteWithinStack():821}(Object(Illuminate\\Http\\Request))
#11 /Applications/XAMPP/xamppfiles/htdocs/auth/app/Http/Middleware/CheckAccountStatus.php(22): Illuminate\\Pipeline\\Pipeline->{closure:Illuminate\\Pipeline\\Pipeline::prepareDestination():178}(Object(Illuminate\\Http\\Request))
#12 /Applications/XAMPP/xamppfiles/htdocs/auth/vendor/laravel/framework/src/Illuminate/Pipeline/Pipeline.php(219): App\\Http\\Middleware\\CheckAccountStatus->handle(Object(Illuminate\\Http\\Request), Object(Closure))
#13 /Applications/XAMPP/xamppfiles/htdocs/auth/vendor/laravel/framework/src/Illuminate/Routing/Middleware/SubstituteBindings.php(50): Illuminate\\Pipeline\\Pipeline->{closure:{closure:Illuminate\\Pipeline\\Pipeline::carry():194}:195}(Object(Illuminate\\Http\\Request))
#14 /Applications/XAMPP/xamppfiles/htdocs/auth/vendor/laravel/framework/src/Illuminate/Pipeline/Pipeline.php(219): Illuminate\\Routing\\Middleware\\SubstituteBindings->handle(Object(Illuminate\\Http\\Request), Object(Closure))
#15 /Applications/XAMPP/xamppfiles/htdocs/auth/vendor/laravel/framework/src/Illuminate/Auth/Middleware/Authenticate.php(63): Illuminate\\Pipeline\\Pipeline->{closure:{closure:Illuminate\\Pipeline\\Pipeline::carry():194}:195}(Object(Illuminate\\Http\\Request))
#16 /Applications/XAMPP/xamppfiles/htdocs/auth/vendor/laravel/framework/src/Illuminate/Pipeline/Pipeline.php(219): Illuminate\\Auth\\Middleware\\Authenticate->handle(Object(Illuminate\\Http\\Request), Object(Closure))
#17 /Applications/XAMPP/xamppfiles/htdocs/auth/vendor/laravel/framework/src/Illuminate/Foundation/Http/Middleware/VerifyCsrfToken.php(87): Illuminate\\Pipeline\\Pipeline->{closure:{closure:Illuminate\\Pipeline\\Pipeline::carry():194}:195}(Object(Illuminate\\Http\\Request))
#18 /Applications/XAMPP/xamppfiles/htdocs/auth/vendor/laravel/framework/src/Illuminate/Pipeline/Pipeline.php(219): Illuminate\\Foundation\\Http\\Middleware\\VerifyCsrfToken->handle(Object(Illuminate\\Http\\Request), Object(Closure))
#19 /Applications/XAMPP/xamppfiles/htdocs/auth/vendor/laravel/framework/src/Illuminate/View/Middleware/ShareErrorsFromSession.php(48): Illuminate\\Pipeline\\Pipeline->{closure:{closure:Illuminate\\Pipeline\\Pipeline::carry():194}:195}(Object(Illuminate\\Http\\Request))
#20 /Applications/XAMPP/xamppfiles/htdocs/auth/vendor/laravel/framework/src/Illuminate/Pipeline/Pipeline.php(219): Illuminate\\View\\Middleware\\ShareErrorsFromSession->handle(Object(Illuminate\\Http\\Request), Object(Closure))
#21 /Applications/XAMPP/xamppfiles/htdocs/auth/vendor/laravel/framework/src/Illuminate/Session/Middleware/StartSession.php(120): Illuminate\\Pipeline\\Pipeline->{closure:{closure:Illuminate\\Pipeline\\Pipeline::carry():194}:195}(Object(Illuminate\\Http\\Request))
#22 /Applications/XAMPP/xamppfiles/htdocs/auth/vendor/laravel/framework/src/Illuminate/Session/Middleware/StartSession.php(63): Illuminate\\Session\\Middleware\\StartSession->handleStatefulRequest(Object(Illuminate\\Http\\Request), Object(Illuminate\\Session\\Store), Object(Closure))
#23 /Applications/XAMPP/xamppfiles/htdocs/auth/vendor/laravel/framework/src/Illuminate/Pipeline/Pipeline.php(219): Illuminate\\Session\\Middleware\\StartSession->handle(Object(Illuminate\\Http\\Request), Object(Closure))
#24 /Applications/XAMPP/xamppfiles/htdocs/auth/vendor/laravel/framework/src/Illuminate/Cookie/Middleware/AddQueuedCookiesToResponse.php(36): Illuminate\\Pipeline\\Pipeline->{closure:{closure:Illuminate\\Pipeline\\Pipeline::carry():194}:195}(Object(Illuminate\\Http\\Request))
#25 /Applications/XAMPP/xamppfiles/htdocs/auth/vendor/laravel/framework/src/Illuminate/Pipeline/Pipeline.php(219): Illuminate\\Cookie\\Middleware\\AddQueuedCookiesToResponse->handle(Object(Illuminate\\Http\\Request), Object(Closure))
#26 /Applications/XAMPP/xamppfiles/htdocs/auth/vendor/laravel/framework/src/Illuminate/Cookie/Middleware/EncryptCookies.php(74): Illuminate\\Pipeline\\Pipeline->{closure:{closure:Illuminate\\Pipeline\\Pipeline::carry():194}:195}(Object(Illuminate\\Http\\Request))
#27 /Applications/XAMPP/xamppfiles/htdocs/auth/vendor/laravel/framework/src/Illuminate/Pipeline/Pipeline.php(219): Illuminate\\Cookie\\Middleware\\EncryptCookies->handle(Object(Illuminate\\Http\\Request), Object(Closure))
#28 /Applications/XAMPP/xamppfiles/htdocs/auth/vendor/laravel/framework/src/Illuminate/Pipeline/Pipeline.php(137): Illuminate\\Pipeline\\Pipeline->{closure:{closure:Illuminate\\Pipeline\\Pipeline::carry():194}:195}(Object(Illuminate\\Http\\Request))
#29 /Applications/XAMPP/xamppfiles/htdocs/auth/vendor/laravel/framework/src/Illuminate/Routing/Router.php(821): Illuminate\\Pipeline\\Pipeline->then(Object(Closure))
#30 /Applications/XAMPP/xamppfiles/htdocs/auth/vendor/laravel/framework/src/Illuminate/Routing/Router.php(800): Illuminate\\Routing\\Router->runRouteWithinStack(Object(Illuminate\\Routing\\Route), Object(Illuminate\\Http\\Request))
#31 /Applications/XAMPP/xamppfiles/htdocs/auth/vendor/laravel/framework/src/Illuminate/Routing/Router.php(764): Illuminate\\Routing\\Router->runRoute(Object(Illuminate\\Http\\Request), Object(Illuminate\\Routing\\Route))
#32 /Applications/XAMPP/xamppfiles/htdocs/auth/vendor/laravel/framework/src/Illuminate/Routing/Router.php(753): Illuminate\\Routing\\Router->dispatchToRoute(Object(Illuminate\\Http\\Request))
#33 /Applications/XAMPP/xamppfiles/htdocs/auth/vendor/laravel/framework/src/Illuminate/Foundation/Http/Kernel.php(200): Illuminate\\Routing\\Router->dispatch(Object(Illuminate\\Http\\Request))
#34 /Applications/XAMPP/xamppfiles/htdocs/auth/vendor/laravel/framework/src/Illuminate/Pipeline/Pipeline.php(180): Illuminate\\Foundation\\Http\\Kernel->{closure:Illuminate\\Foundation\\Http\\Kernel::dispatchToRouter():197}(Object(Illuminate\\Http\\Request))
#35 /Applications/XAMPP/xamppfiles/htdocs/auth/vendor/laravel/framework/src/Illuminate/Foundation/Http/Middleware/TransformsRequest.php(21): Illuminate\\Pipeline\\Pipeline->{closure:Illuminate\\Pipeline\\Pipeline::prepareDestination():178}(Object(Illuminate\\Http\\Request))
#36 /Applications/XAMPP/xamppfiles/htdocs/auth/vendor/laravel/framework/src/Illuminate/Foundation/Http/Middleware/ConvertEmptyStringsToNull.php(31): Illuminate\\Foundation\\Http\\Middleware\\TransformsRequest->handle(Object(Illuminate\\Http\\Request), Object(Closure))
#37 /Applications/XAMPP/xamppfiles/htdocs/auth/vendor/laravel/framework/src/Illuminate/Pipeline/Pipeline.php(219): Illuminate\\Foundation\\Http\\Middleware\\ConvertEmptyStringsToNull->handle(Object(Illuminate\\Http\\Request), Object(Closure))
#38 /Applications/XAMPP/xamppfiles/htdocs/auth/vendor/laravel/framework/src/Illuminate/Foundation/Http/Middleware/TransformsRequest.php(21): Illuminate\\Pipeline\\Pipeline->{closure:{closure:Illuminate\\Pipeline\\Pipeline::carry():194}:195}(Object(Illuminate\\Http\\Request))
#39 /Applications/XAMPP/xamppfiles/htdocs/auth/vendor/laravel/framework/src/Illuminate/Foundation/Http/Middleware/TrimStrings.php(51): Illuminate\\Foundation\\Http\\Middleware\\TransformsRequest->handle(Object(Illuminate\\Http\\Request), Object(Closure))
#40 /Applications/XAMPP/xamppfiles/htdocs/auth/vendor/laravel/framework/src/Illuminate/Pipeline/Pipeline.php(219): Illuminate\\Foundation\\Http\\Middleware\\TrimStrings->handle(Object(Illuminate\\Http\\Request), Object(Closure))
#41 /Applications/XAMPP/xamppfiles/htdocs/auth/vendor/laravel/framework/src/Illuminate/Http/Middleware/ValidatePostSize.php(27): Illuminate\\Pipeline\\Pipeline->{closure:{closure:Illuminate\\Pipeline\\Pipeline::carry():194}:195}(Object(Illuminate\\Http\\Request))
#42 /Applications/XAMPP/xamppfiles/htdocs/auth/vendor/laravel/framework/src/Illuminate/Pipeline/Pipeline.php(219): Illuminate\\Http\\Middleware\\ValidatePostSize->handle(Object(Illuminate\\Http\\Request), Object(Closure))
#43 /Applications/XAMPP/xamppfiles/htdocs/auth/vendor/laravel/framework/src/Illuminate/Foundation/Http/Middleware/PreventRequestsDuringMaintenance.php(109): Illuminate\\Pipeline\\Pipeline->{closure:{closure:Illuminate\\Pipeline\\Pipeline::carry():194}:195}(Object(Illuminate\\Http\\Request))
#44 /Applications/XAMPP/xamppfiles/htdocs/auth/vendor/laravel/framework/src/Illuminate/Pipeline/Pipeline.php(219): Illuminate\\Foundation\\Http\\Middleware\\PreventRequestsDuringMaintenance->handle(Object(Illuminate\\Http\\Request), Object(Closure))
#45 /Applications/XAMPP/xamppfiles/htdocs/auth/vendor/laravel/framework/src/Illuminate/Http/Middleware/HandleCors.php(61): Illuminate\\Pipeline\\Pipeline->{closure:{closure:Illuminate\\Pipeline\\Pipeline::carry():194}:195}(Object(Illuminate\\Http\\Request))
#46 /Applications/XAMPP/xamppfiles/htdocs/auth/vendor/laravel/framework/src/Illuminate/Pipeline/Pipeline.php(219): Illuminate\\Http\\Middleware\\HandleCors->handle(Object(Illuminate\\Http\\Request), Object(Closure))
#47 /Applications/XAMPP/xamppfiles/htdocs/auth/vendor/laravel/framework/src/Illuminate/Http/Middleware/TrustProxies.php(58): Illuminate\\Pipeline\\Pipeline->{closure:{closure:Illuminate\\Pipeline\\Pipeline::carry():194}:195}(Object(Illuminate\\Http\\Request))
#48 /Applications/XAMPP/xamppfiles/htdocs/auth/vendor/laravel/framework/src/Illuminate/Pipeline/Pipeline.php(219): Illuminate\\Http\\Middleware\\TrustProxies->handle(Object(Illuminate\\Http\\Request), Object(Closure))
#49 /Applications/XAMPP/xamppfiles/htdocs/auth/vendor/laravel/framework/src/Illuminate/Foundation/Http/Middleware/InvokeDeferredCallbacks.php(22): Illuminate\\Pipeline\\Pipeline->{closure:{closure:Illuminate\\Pipeline\\Pipeline::carry():194}:195}(Object(Illuminate\\Http\\Request))
#50 /Applications/XAMPP/xamppfiles/htdocs/auth/vendor/laravel/framework/src/Illuminate/Pipeline/Pipeline.php(219): Illuminate\\Foundation\\Http\\Middleware\\InvokeDeferredCallbacks->handle(Object(Illuminate\\Http\\Request), Object(Closure))
#51 /Applications/XAMPP/xamppfiles/htdocs/auth/vendor/laravel/framework/src/Illuminate/Http/Middleware/ValidatePathEncoding.php(26): Illuminate\\Pipeline\\Pipeline->{closure:{closure:Illuminate\\Pipeline\\Pipeline::carry():194}:195}(Object(Illuminate\\Http\\Request))
#52 /Applications/XAMPP/xamppfiles/htdocs/auth/vendor/laravel/framework/src/Illuminate/Pipeline/Pipeline.php(219): Illuminate\\Http\\Middleware\\ValidatePathEncoding->handle(Object(Illuminate\\Http\\Request), Object(Closure))
#53 /Applications/XAMPP/xamppfiles/htdocs/auth/vendor/laravel/framework/src/Illuminate/Pipeline/Pipeline.php(137): Illuminate\\Pipeline\\Pipeline->{closure:{closure:Illuminate\\Pipeline\\Pipeline::carry():194}:195}(Object(Illuminate\\Http\\Request))
#54 /Applications/XAMPP/xamppfiles/htdocs/auth/vendor/laravel/framework/src/Illuminate/Foundation/Http/Kernel.php(175): Illuminate\\Pipeline\\Pipeline->then(Object(Closure))
#55 /Applications/XAMPP/xamppfiles/htdocs/auth/vendor/laravel/framework/src/Illuminate/Foundation/Http/Kernel.php(144): Illuminate\\Foundation\\Http\\Kernel->sendRequestThroughRouter(Object(Illuminate\\Http\\Request))
#56 /Applications/XAMPP/xamppfiles/htdocs/auth/vendor/laravel/framework/src/Illuminate/Foundation/Application.php(1220): Illuminate\\Foundation\\Http\\Kernel->handle(Object(Illuminate\\Http\\Request))
#57 /Applications/XAMPP/xamppfiles/htdocs/auth/public/index.php(20): Illuminate\\Foundation\\Application->handleRequest(Object(Illuminate\\Http\\Request))
#58 /Applications/XAMPP/xamppfiles/htdocs/auth/vendor/laravel/framework/src/Illuminate/Foundation/resources/server.php(23): require_once('/Applications/X...')
#59 {main}

[previous exception] [object] (Illuminate\\View\\ViewException(code: 0): Undefined variable $slot (View: /Applications/XAMPP/xamppfiles/htdocs/auth/resources/views/layouts/app.blade.php) at /Applications/XAMPP/xamppfiles/htdocs/auth/storage/framework/views/4d456c6d643a4708319e19834a515bba.php:33)
[stacktrace]
#0 /Applications/XAMPP/xamppfiles/htdocs/auth/vendor/laravel/framework/src/Illuminate/View/Engines/PhpEngine.php(59): Illuminate\\View\\Engines\\CompilerEngine->handleViewException(Object(ErrorException), 2)
#1 /Applications/XAMPP/xamppfiles/htdocs/auth/vendor/laravel/framework/src/Illuminate/View/Engines/CompilerEngine.php(76): Illuminate\\View\\Engines\\PhpEngine->evaluatePath('/Applications/X...', Array)
#2 /Applications/XAMPP/xamppfiles/htdocs/auth/vendor/laravel/framework/src/Illuminate/View/View.php(208): Illuminate\\View\\Engines\\CompilerEngine->get('/Applications/X...', Array)
#3 /Applications/XAMPP/xamppfiles/htdocs/auth/vendor/laravel/framework/src/Illuminate/View/View.php(191): Illuminate\\View\\View->getContents()
#4 /Applications/XAMPP/xamppfiles/htdocs/auth/vendor/laravel/framework/src/Illuminate/View/View.php(160): Illuminate\\View\\View->renderContents()
#5 /Applications/XAMPP/xamppfiles/htdocs/auth/storage/framework/views/75434a58fed271d4e131851b8353b439.php(60): Illuminate\\View\\View->render()
#6 /Applications/XAMPP/xamppfiles/htdocs/auth/vendor/laravel/framework/src/Illuminate/Filesystem/Filesystem.php(123): require('/Applications/X...')
#7 /Applications/XAMPP/xamppfiles/htdocs/auth/vendor/laravel/framework/src/Illuminate/Filesystem/Filesystem.php(124): Illuminate\\Filesystem\\Filesystem::{closure:Illuminate\\Filesystem\\Filesystem::getRequire():120}()
#8 /Applications/XAMPP/xamppfiles/htdocs/auth/vendor/laravel/framework/src/Illuminate/View/Engines/PhpEngine.php(57): Illuminate\\Filesystem\\Filesystem->getRequire('/Applications/X...', Array)
#9 /Applications/XAMPP/xamppfiles/htdocs/auth/vendor/laravel/framework/src/Illuminate/View/Engines/CompilerEngine.php(76): Illuminate\\View\\Engines\\PhpEngine->evaluatePath('/Applications/X...', Array)
#10 /Applications/XAMPP/xamppfiles/htdocs/auth/vendor/laravel/framework/src/Illuminate/View/View.php(208): Illuminate\\View\\Engines\\CompilerEngine->get('/Applications/X...', Array)
#11 /Applications/XAMPP/xamppfiles/htdocs/auth/vendor/laravel/framework/src/Illuminate/View/View.php(191): Illuminate\\View\\View->getContents()
#12 /Applications/XAMPP/xamppfiles/htdocs/auth/vendor/laravel/framework/src/Illuminate/View/View.php(160): Illuminate\\View\\View->renderContents()
#13 /Applications/XAMPP/xamppfiles/htdocs/auth/vendor/laravel/framework/src/Illuminate/Http/Response.php(78): Illuminate\\View\\View->render()
#14 /Applications/XAMPP/xamppfiles/htdocs/auth/vendor/laravel/framework/src/Illuminate/Http/Response.php(34): Illuminate\\Http\\Response->setContent(Object(Illuminate\\View\\View))
#15 /Applications/XAMPP/xamppfiles/htdocs/auth/vendor/laravel/framework/src/Illuminate/Routing/Router.php(939): Illuminate\\Http\\Response->__construct(Object(Illuminate\\View\\View), 200, Array)
#16 /Applications/XAMPP/xamppfiles/htdocs/auth/vendor/laravel/framework/src/Illuminate/Routing/Router.php(906): Illuminate\\Routing\\Router::toResponse(Object(Illuminate\\Http\\Request), Object(Illuminate\\View\\View))
#17 /Applications/XAMPP/xamppfiles/htdocs/auth/vendor/laravel/framework/src/Illuminate/Routing/Router.php(821): Illuminate\\Routing\\Router->prepareResponse(Object(Illuminate\\Http\\Request), Object(Illuminate\\View\\View))
#18 /Applications/XAMPP/xamppfiles/htdocs/auth/vendor/laravel/framework/src/Illuminate/Pipeline/Pipeline.php(180): Illuminate\\Routing\\Router->{closure:Illuminate\\Routing\\Router::runRouteWithinStack():821}(Object(Illuminate\\Http\\Request))
#19 /Applications/XAMPP/xamppfiles/htdocs/auth/app/Http/Middleware/CheckAccountStatus.php(22): Illuminate\\Pipeline\\Pipeline->{closure:Illuminate\\Pipeline\\Pipeline::prepareDestination():178}(Object(Illuminate\\Http\\Request))
#20 /Applications/XAMPP/xamppfiles/htdocs/auth/vendor/laravel/framework/src/Illuminate/Pipeline/Pipeline.php(219): App\\Http\\Middleware\\CheckAccountStatus->handle(Object(Illuminate\\Http\\Request), Object(Closure))
#21 /Applications/XAMPP/xamppfiles/htdocs/auth/vendor/laravel/framework/src/Illuminate/Routing/Middleware/SubstituteBindings.php(50): Illuminate\\Pipeline\\Pipeline->{closure:{closure:Illuminate\\Pipeline\\Pipeline::carry():194}:195}(Object(Illuminate\\Http\\Request))
#22 /Applications/XAMPP/xamppfiles/htdocs/auth/vendor/laravel/framework/src/Illuminate/Pipeline/Pipeline.php(219): Illuminate\\Routing\\Middleware\\SubstituteBindings->handle(Object(Illuminate\\Http\\Request), Object(Closure))
#23 /Applications/XAMPP/xamppfiles/htdocs/auth/vendor/laravel/framework/src/Illuminate/Auth/Middleware/Authenticate.php(63): Illuminate\\Pipeline\\Pipeline->{closure:{closure:Illuminate\\Pipeline\\Pipeline::carry():194}:195}(Object(Illuminate\\Http\\Request))
#24 /Applications/XAMPP/xamppfiles/htdocs/auth/vendor/laravel/framework/src/Illuminate/Pipeline/Pipeline.php(219): Illuminate\\Auth\\Middleware\\Authenticate->handle(Object(Illuminate\\Http\\Request), Object(Closure))
#25 /Applications/XAMPP/xamppfiles/htdocs/auth/vendor/laravel/framework/src/Illuminate/Foundation/Http/Middleware/VerifyCsrfToken.php(87): Illuminate\\Pipeline\\Pipeline->{closure:{closure:Illuminate\\Pipeline\\Pipeline::carry():194}:195}(Object(Illuminate\\Http\\Request))
#26 /Applications/XAMPP/xamppfiles/htdocs/auth/vendor/laravel/framework/src/Illuminate/Pipeline/Pipeline.php(219): Illuminate\\Foundation\\Http\\Middleware\\VerifyCsrfToken->handle(Object(Illuminate\\Http\\Request), Object(Closure))
#27 /Applications/XAMPP/xamppfiles/htdocs/auth/vendor/laravel/framework/src/Illuminate/View/Middleware/ShareErrorsFromSession.php(48): Illuminate\\Pipeline\\Pipeline->{closure:{closure:Illuminate\\Pipeline\\Pipeline::carry():194}:195}(Object(Illuminate\\Http\\Request))
#28 /Applications/XAMPP/xamppfiles/htdocs/auth/vendor/laravel/framework/src/Illuminate/Pipeline/Pipeline.php(219): Illuminate\\View\\Middleware\\ShareErrorsFromSession->handle(Object(Illuminate\\Http\\Request), Object(Closure))
#29 /Applications/XAMPP/xamppfiles/htdocs/auth/vendor/laravel/framework/src/Illuminate/Session/Middleware/StartSession.php(120): Illuminate\\Pipeline\\Pipeline->{closure:{closure:Illuminate\\Pipeline\\Pipeline::carry():194}:195}(Object(Illuminate\\Http\\Request))
#30 /Applications/XAMPP/xamppfiles/htdocs/auth/vendor/laravel/framework/src/Illuminate/Session/Middleware/StartSession.php(63): Illuminate\\Session\\Middleware\\StartSession->handleStatefulRequest(Object(Illuminate\\Http\\Request), Object(Illuminate\\Session\\Store), Object(Closure))
#31 /Applications/XAMPP/xamppfiles/htdocs/auth/vendor/laravel/framework/src/Illuminate/Pipeline/Pipeline.php(219): Illuminate\\Session\\Middleware\\StartSession->handle(Object(Illuminate\\Http\\Request), Object(Closure))
#32 /Applications/XAMPP/xamppfiles/htdocs/auth/vendor/laravel/framework/src/Illuminate/Cookie/Middleware/AddQueuedCookiesToResponse.php(36): Illuminate\\Pipeline\\Pipeline->{closure:{closure:Illuminate\\Pipeline\\Pipeline::carry():194}:195}(Object(Illuminate\\Http\\Request))
#33 /Applications/XAMPP/xamppfiles/htdocs/auth/vendor/laravel/framework/src/Illuminate/Pipeline/Pipeline.php(219): Illuminate\\Cookie\\Middleware\\AddQueuedCookiesToResponse->handle(Object(Illuminate\\Http\\Request), Object(Closure))
#34 /Applications/XAMPP/xamppfiles/htdocs/auth/vendor/laravel/framework/src/Illuminate/Cookie/Middleware/EncryptCookies.php(74): Illuminate\\Pipeline\\Pipeline->{closure:{closure:Illuminate\\Pipeline\\Pipeline::carry():194}:195}(Object(Illuminate\\Http\\Request))
#35 /Applications/XAMPP/xamppfiles/htdocs/auth/vendor/laravel/framework/src/Illuminate/Pipeline/Pipeline.php(219): Illuminate\\Cookie\\Middleware\\EncryptCookies->handle(Object(Illuminate\\Http\\Request), Object(Closure))
#36 /Applications/XAMPP/xamppfiles/htdocs/auth/vendor/laravel/framework/src/Illuminate/Pipeline/Pipeline.php(137): Illuminate\\Pipeline\\Pipeline->{closure:{closure:Illuminate\\Pipeline\\Pipeline::carry():194}:195}(Object(Illuminate\\Http\\Request))
#37 /Applications/XAMPP/xamppfiles/htdocs/auth/vendor/laravel/framework/src/Illuminate/Routing/Router.php(821): Illuminate\\Pipeline\\Pipeline->then(Object(Closure))
#38 /Applications/XAMPP/xamppfiles/htdocs/auth/vendor/laravel/framework/src/Illuminate/Routing/Router.php(800): Illuminate\\Routing\\Router->runRouteWithinStack(Object(Illuminate\\Routing\\Route), Object(Illuminate\\Http\\Request))
#39 /Applications/XAMPP/xamppfiles/htdocs/auth/vendor/laravel/framework/src/Illuminate/Routing/Router.php(764): Illuminate\\Routing\\Router->runRoute(Object(Illuminate\\Http\\Request), Object(Illuminate\\Routing\\Route))
#40 /Applications/XAMPP/xamppfiles/htdocs/auth/vendor/laravel/framework/src/Illuminate/Routing/Router.php(753): Illuminate\\Routing\\Router->dispatchToRoute(Object(Illuminate\\Http\\Request))
#41 /Applications/XAMPP/xamppfiles/htdocs/auth/vendor/laravel/framework/src/Illuminate/Foundation/Http/Kernel.php(200): Illuminate\\Routing\\Router->dispatch(Object(Illuminate\\Http\\Request))
#42 /Applications/XAMPP/xamppfiles/htdocs/auth/vendor/laravel/framework/src/Illuminate/Pipeline/Pipeline.php(180): Illuminate\\Foundation\\Http\\Kernel->{closure:Illuminate\\Foundation\\Http\\Kernel::dispatchToRouter():197}(Object(Illuminate\\Http\\Request))
#43 /Applications/XAMPP/xamppfiles/htdocs/auth/vendor/laravel/framework/src/Illuminate/Foundation/Http/Middleware/TransformsRequest.php(21): Illuminate\\Pipeline\\Pipeline->{closure:Illuminate\\Pipeline\\Pipeline::prepareDestination():178}(Object(Illuminate\\Http\\Request))
#44 /Applications/XAMPP/xamppfiles/htdocs/auth/vendor/laravel/framework/src/Illuminate/Foundation/Http/Middleware/ConvertEmptyStringsToNull.php(31): Illuminate\\Foundation\\Http\\Middleware\\TransformsRequest->handle(Object(Illuminate\\Http\\Request), Object(Closure))
#45 /Applications/XAMPP/xamppfiles/htdocs/auth/vendor/laravel/framework/src/Illuminate/Pipeline/Pipeline.php(219): Illuminate\\Foundation\\Http\\Middleware\\ConvertEmptyStringsToNull->handle(Object(Illuminate\\Http\\Request), Object(Closure))
#46 /Applications/XAMPP/xamppfiles/htdocs/auth/vendor/laravel/framework/src/Illuminate/Foundation/Http/Middleware/TransformsRequest.php(21): Illuminate\\Pipeline\\Pipeline->{closure:{closure:Illuminate\\Pipeline\\Pipeline::carry():194}:195}(Object(Illuminate\\Http\\Request))
#47 /Applications/XAMPP/xamppfiles/htdocs/auth/vendor/laravel/framework/src/Illuminate/Foundation/Http/Middleware/TrimStrings.php(51): Illuminate\\Foundation\\Http\\Middleware\\TransformsRequest->handle(Object(Illuminate\\Http\\Request), Object(Closure))
#48 /Applications/XAMPP/xamppfiles/htdocs/auth/vendor/laravel/framework/src/Illuminate/Pipeline/Pipeline.php(219): Illuminate\\Foundation\\Http\\Middleware\\TrimStrings->handle(Object(Illuminate\\Http\\Request), Object(Closure))
#49 /Applications/XAMPP/xamppfiles/htdocs/auth/vendor/laravel/framework/src/Illuminate/Http/Middleware/ValidatePostSize.php(27): Illuminate\\Pipeline\\Pipeline->{closure:{closure:Illuminate\\Pipeline\\Pipeline::carry():194}:195}(Object(Illuminate\\Http\\Request))
#50 /Applications/XAMPP/xamppfiles/htdocs/auth/vendor/laravel/framework/src/Illuminate/Pipeline/Pipeline.php(219): Illuminate\\Http\\Middleware\\ValidatePostSize->handle(Object(Illuminate\\Http\\Request), Object(Closure))
#51 /Applications/XAMPP/xamppfiles/htdocs/auth/vendor/laravel/framework/src/Illuminate/Foundation/Http/Middleware/PreventRequestsDuringMaintenance.php(109): Illuminate\\Pipeline\\Pipeline->{closure:{closure:Illuminate\\Pipeline\\Pipeline::carry():194}:195}(Object(Illuminate\\Http\\Request))
#52 /Applications/XAMPP/xamppfiles/htdocs/auth/vendor/laravel/framework/src/Illuminate/Pipeline/Pipeline.php(219): Illuminate\\Foundation\\Http\\Middleware\\PreventRequestsDuringMaintenance->handle(Object(Illuminate\\Http\\Request), Object(Closure))
#53 /Applications/XAMPP/xamppfiles/htdocs/auth/vendor/laravel/framework/src/Illuminate/Http/Middleware/HandleCors.php(61): Illuminate\\Pipeline\\Pipeline->{closure:{closure:Illuminate\\Pipeline\\Pipeline::carry():194}:195}(Object(Illuminate\\Http\\Request))
#54 /Applications/XAMPP/xamppfiles/htdocs/auth/vendor/laravel/framework/src/Illuminate/Pipeline/Pipeline.php(219): Illuminate\\Http\\Middleware\\HandleCors->handle(Object(Illuminate\\Http\\Request), Object(Closure))
#55 /Applications/XAMPP/xamppfiles/htdocs/auth/vendor/laravel/framework/src/Illuminate/Http/Middleware/TrustProxies.php(58): Illuminate\\Pipeline\\Pipeline->{closure:{closure:Illuminate\\Pipeline\\Pipeline::carry():194}:195}(Object(Illuminate\\Http\\Request))
#56 /Applications/XAMPP/xamppfiles/htdocs/auth/vendor/laravel/framework/src/Illuminate/Pipeline/Pipeline.php(219): Illuminate\\Http\\Middleware\\TrustProxies->handle(Object(Illuminate\\Http\\Request), Object(Closure))
#57 /Applications/XAMPP/xamppfiles/htdocs/auth/vendor/laravel/framework/src/Illuminate/Foundation/Http/Middleware/InvokeDeferredCallbacks.php(22): Illuminate\\Pipeline\\Pipeline->{closure:{closure:Illuminate\\Pipeline\\Pipeline::carry():194}:195}(Object(Illuminate\\Http\\Request))
#58 /Applications/XAMPP/xamppfiles/htdocs/auth/vendor/laravel/framework/src/Illuminate/Pipeline/Pipeline.php(219): Illuminate\\Foundation\\Http\\Middleware\\InvokeDeferredCallbacks->handle(Object(Illuminate\\Http\\Request), Object(Closure))
#59 /Applications/XAMPP/xamppfiles/htdocs/auth/vendor/laravel/framework/src/Illuminate/Http/Middleware/ValidatePathEncoding.php(26): Illuminate\\Pipeline\\Pipeline->{closure:{closure:Illuminate\\Pipeline\\Pipeline::carry():194}:195}(Object(Illuminate\\Http\\Request))
#60 /Applications/XAMPP/xamppfiles/htdocs/auth/vendor/laravel/framework/src/Illuminate/Pipeline/Pipeline.php(219): Illuminate\\Http\\Middleware\\ValidatePathEncoding->handle(Object(Illuminate\\Http\\Request), Object(Closure))
#61 /Applications/XAMPP/xamppfiles/htdocs/auth/vendor/laravel/framework/src/Illuminate/Pipeline/Pipeline.php(137): Illuminate\\Pipeline\\Pipeline->{closure:{closure:Illuminate\\Pipeline\\Pipeline::carry():194}:195}(Object(Illuminate\\Http\\Request))
#62 /Applications/XAMPP/xamppfiles/htdocs/auth/vendor/laravel/framework/src/Illuminate/Foundation/Http/Kernel.php(175): Illuminate\\Pipeline\\Pipeline->then(Object(Closure))
#63 /Applications/XAMPP/xamppfiles/htdocs/auth/vendor/laravel/framework/src/Illuminate/Foundation/Http/Kernel.php(144): Illuminate\\Foundation\\Http\\Kernel->sendRequestThroughRouter(Object(Illuminate\\Http\\Request))
#64 /Applications/XAMPP/xamppfiles/htdocs/auth/vendor/laravel/framework/src/Illuminate/Foundation/Application.php(1220): Illuminate\\Foundation\\Http\\Kernel->handle(Object(Illuminate\\Http\\Request))
#65 /Applications/XAMPP/xamppfiles/htdocs/auth/public/index.php(20): Illuminate\\Foundation\\Application->handleRequest(Object(Illuminate\\Http\\Request))
#66 /Applications/XAMPP/xamppfiles/htdocs/auth/vendor/laravel/framework/src/Illuminate/Foundation/resources/server.php(23): require_once('/Applications/X...')
#67 {main}

[previous exception] [object] (ErrorException(code: 0): Undefined variable $slot at /Applications/XAMPP/xamppfiles/htdocs/auth/storage/framework/views/4d456c6d643a4708319e19834a515bba.php:33)
[stacktrace]
#0 /Applications/XAMPP/xamppfiles/htdocs/auth/vendor/laravel/framework/src/Illuminate/Foundation/Bootstrap/HandleExceptions.php(258): Illuminate\\Foundation\\Bootstrap\\HandleExceptions->handleError(2, 'Undefined varia...', '/Applications/X...', 33)
#1 /Applications/XAMPP/xamppfiles/htdocs/auth/storage/framework/views/4d456c6d643a4708319e19834a515bba.php(33): Illuminate\\Foundation\\Bootstrap\\HandleExceptions->{closure:Illuminate\\Foundation\\Bootstrap\\HandleExceptions::forwardsTo():257}(2, 'Undefined varia...', '/Applications/X...', 33)
#2 /Applications/XAMPP/xamppfiles/htdocs/auth/vendor/laravel/framework/src/Illuminate/Filesystem/Filesystem.php(123): require('/Applications/X...')
#3 /Applications/XAMPP/xamppfiles/htdocs/auth/vendor/laravel/framework/src/Illuminate/Filesystem/Filesystem.php(124): Illuminate\\Filesystem\\Filesystem::{closure:Illuminate\\Filesystem\\Filesystem::getRequire():120}()
#4 /Applications/XAMPP/xamppfiles/htdocs/auth/vendor/laravel/framework/src/Illuminate/View/Engines/PhpEngine.php(57): Illuminate\\Filesystem\\Filesystem->getRequire('/Applications/X...', Array)
#5 /Applications/XAMPP/xamppfiles/htdocs/auth/vendor/laravel/framework/src/Illuminate/View/Engines/CompilerEngine.php(76): Illuminate\\View\\Engines\\PhpEngine->evaluatePath('/Applications/X...', Array)
#6 /Applications/XAMPP/xamppfiles/htdocs/auth/vendor/laravel/framework/src/Illuminate/View/View.php(208): Illuminate\\View\\Engines\\CompilerEngine->get('/Applications/X...', Array)
#7 /Applications/XAMPP/xamppfiles/htdocs/auth/vendor/laravel/framework/src/Illuminate/View/View.php(191): Illuminate\\View\\View->getContents()
#8 /Applications/XAMPP/xamppfiles/htdocs/auth/vendor/laravel/framework/src/Illuminate/View/View.php(160): Illuminate\\View\\View->renderContents()
#9 /Applications/XAMPP/xamppfiles/htdocs/auth/storage/framework/views/75434a58fed271d4e131851b8353b439.php(60): Illuminate\\View\\View->render()
#10 /Applications/XAMPP/xamppfiles/htdocs/auth/vendor/laravel/framework/src/Illuminate/Filesystem/Filesystem.php(123): require('/Applications/X...')
#11 /Applications/XAMPP/xamppfiles/htdocs/auth/vendor/laravel/framework/src/Illuminate/Filesystem/Filesystem.php(124): Illuminate\\Filesystem\\Filesystem::{closure:Illuminate\\Filesystem\\Filesystem::getRequire():120}()
#12 /Applications/XAMPP/xamppfiles/htdocs/auth/vendor/laravel/framework/src/Illuminate/View/Engines/PhpEngine.php(57): Illuminate\\Filesystem\\Filesystem->getRequire('/Applications/X...', Array)
#13 /Applications/XAMPP/xamppfiles/htdocs/auth/vendor/laravel/framework/src/Illuminate/View/Engines/CompilerEngine.php(76): Illuminate\\View\\Engines\\PhpEngine->evaluatePath('/Applications/X...', Array)
#14 /Applications/XAMPP/xamppfiles/htdocs/auth/vendor/laravel/framework/src/Illuminate/View/View.php(208): Illuminate\\View\\Engines\\CompilerEngine->get('/Applications/X...', Array)
#15 /Applications/XAMPP/xamppfiles/htdocs/auth/vendor/laravel/framework/src/Illuminate/View/View.php(191): Illuminate\\View\\View->getContents()
#16 /Applications/XAMPP/xamppfiles/htdocs/auth/vendor/laravel/framework/src/Illuminate/View/View.php(160): Illuminate\\View\\View->renderContents()
#17 /Applications/XAMPP/xamppfiles/htdocs/auth/vendor/laravel/framework/src/Illuminate/Http/Response.php(78): Illuminate\\View\\View->render()
#18 /Applications/XAMPP/xamppfiles/htdocs/auth/vendor/laravel/framework/src/Illuminate/Http/Response.php(34): Illuminate\\Http\\Response->setContent(Object(Illuminate\\View\\View))
#19 /Applications/XAMPP/xamppfiles/htdocs/auth/vendor/laravel/framework/src/Illuminate/Routing/Router.php(939): Illuminate\\Http\\Response->__construct(Object(Illuminate\\View\\View), 200, Array)
#20 /Applications/XAMPP/xamppfiles/htdocs/auth/vendor/laravel/framework/src/Illuminate/Routing/Router.php(906): Illuminate\\Routing\\Router::toResponse(Object(Illuminate\\Http\\Request), Object(Illuminate\\View\\View))
#21 /Applications/XAMPP/xamppfiles/htdocs/auth/vendor/laravel/framework/src/Illuminate/Routing/Router.php(821): Illuminate\\Routing\\Router->prepareResponse(Object(Illuminate\\Http\\Request), Object(Illuminate\\View\\View))
#22 /Applications/XAMPP/xamppfiles/htdocs/auth/vendor/laravel/framework/src/Illuminate/Pipeline/Pipeline.php(180): Illuminate\\Routing\\Router->{closure:Illuminate\\Routing\\Router::runRouteWithinStack():821}(Object(Illuminate\\Http\\Request))
#23 /Applications/XAMPP/xamppfiles/htdocs/auth/app/Http/Middleware/CheckAccountStatus.php(22): Illuminate\\Pipeline\\Pipeline->{closure:Illuminate\\Pipeline\\Pipeline::prepareDestination():178}(Object(Illuminate\\Http\\Request))
#24 /Applications/XAMPP/xamppfiles/htdocs/auth/vendor/laravel/framework/src/Illuminate/Pipeline/Pipeline.php(219): App\\Http\\Middleware\\CheckAccountStatus->handle(Object(Illuminate\\Http\\Request), Object(Closure))
#25 /Applications/XAMPP/xamppfiles/htdocs/auth/vendor/laravel/framework/src/Illuminate/Routing/Middleware/SubstituteBindings.php(50): Illuminate\\Pipeline\\Pipeline->{closure:{closure:Illuminate\\Pipeline\\Pipeline::carry():194}:195}(Object(Illuminate\\Http\\Request))
#26 /Applications/XAMPP/xamppfiles/htdocs/auth/vendor/laravel/framework/src/Illuminate/Pipeline/Pipeline.php(219): Illuminate\\Routing\\Middleware\\SubstituteBindings->handle(Object(Illuminate\\Http\\Request), Object(Closure))
#27 /Applications/XAMPP/xamppfiles/htdocs/auth/vendor/laravel/framework/src/Illuminate/Auth/Middleware/Authenticate.php(63): Illuminate\\Pipeline\\Pipeline->{closure:{closure:Illuminate\\Pipeline\\Pipeline::carry():194}:195}(Object(Illuminate\\Http\\Request))
#28 /Applications/XAMPP/xamppfiles/htdocs/auth/vendor/laravel/framework/src/Illuminate/Pipeline/Pipeline.php(219): Illuminate\\Auth\\Middleware\\Authenticate->handle(Object(Illuminate\\Http\\Request), Object(Closure))
#29 /Applications/XAMPP/xamppfiles/htdocs/auth/vendor/laravel/framework/src/Illuminate/Foundation/Http/Middleware/VerifyCsrfToken.php(87): Illuminate\\Pipeline\\Pipeline->{closure:{closure:Illuminate\\Pipeline\\Pipeline::carry():194}:195}(Object(Illuminate\\Http\\Request))
#30 /Applications/XAMPP/xamppfiles/htdocs/auth/vendor/laravel/framework/src/Illuminate/Pipeline/Pipeline.php(219): Illuminate\\Foundation\\Http\\Middleware\\VerifyCsrfToken->handle(Object(Illuminate\\Http\\Request), Object(Closure))
#31 /Applications/XAMPP/xamppfiles/htdocs/auth/vendor/laravel/framework/src/Illuminate/View/Middleware/ShareErrorsFromSession.php(48): Illuminate\\Pipeline\\Pipeline->{closure:{closure:Illuminate\\Pipeline\\Pipeline::carry():194}:195}(Object(Illuminate\\Http\\Request))
#32 /Applications/XAMPP/xamppfiles/htdocs/auth/vendor/laravel/framework/src/Illuminate/Pipeline/Pipeline.php(219): Illuminate\\View\\Middleware\\ShareErrorsFromSession->handle(Object(Illuminate\\Http\\Request), Object(Closure))
#33 /Applications/XAMPP/xamppfiles/htdocs/auth/vendor/laravel/framework/src/Illuminate/Session/Middleware/StartSession.php(120): Illuminate\\Pipeline\\Pipeline->{closure:{closure:Illuminate\\Pipeline\\Pipeline::carry():194}:195}(Object(Illuminate\\Http\\Request))
#34 /Applications/XAMPP/xamppfiles/htdocs/auth/vendor/laravel/framework/src/Illuminate/Session/Middleware/StartSession.php(63): Illuminate\\Session\\Middleware\\StartSession->handleStatefulRequest(Object(Illuminate\\Http\\Request), Object(Illuminate\\Session\\Store), Object(Closure))
#35 /Applications/XAMPP/xamppfiles/htdocs/auth/vendor/laravel/framework/src/Illuminate/Pipeline/Pipeline.php(219): Illuminate\\Session\\Middleware\\StartSession->handle(Object(Illuminate\\Http\\Request), Object(Closure))
#36 /Applications/XAMPP/xamppfiles/htdocs/auth/vendor/laravel/framework/src/Illuminate/Cookie/Middleware/AddQueuedCookiesToResponse.php(36): Illuminate\\Pipeline\\Pipeline->{closure:{closure:Illuminate\\Pipeline\\Pipeline::carry():194}:195}(Object(Illuminate\\Http\\Request))
#37 /Applications/XAMPP/xamppfiles/htdocs/auth/vendor/laravel/framework/src/Illuminate/Pipeline/Pipeline.php(219): Illuminate\\Cookie\\Middleware\\AddQueuedCookiesToResponse->handle(Object(Illuminate\\Http\\Request), Object(Closure))
#38 /Applications/XAMPP/xamppfiles/htdocs/auth/vendor/laravel/framework/src/Illuminate/Cookie/Middleware/EncryptCookies.php(74): Illuminate\\Pipeline\\Pipeline->{closure:{closure:Illuminate\\Pipeline\\Pipeline::carry():194}:195}(Object(Illuminate\\Http\\Request))
#39 /Applications/XAMPP/xamppfiles/htdocs/auth/vendor/laravel/framework/src/Illuminate/Pipeline/Pipeline.php(219): Illuminate\\Cookie\\Middleware\\EncryptCookies->handle(Object(Illuminate\\Http\\Request), Object(Closure))
#40 /Applications/XAMPP/xamppfiles/htdocs/auth/vendor/laravel/framework/src/Illuminate/Pipeline/Pipeline.php(137): Illuminate\\Pipeline\\Pipeline->{closure:{closure:Illuminate\\Pipeline\\Pipeline::carry():194}:195}(Object(Illuminate\\Http\\Request))
#41 /Applications/XAMPP/xamppfiles/htdocs/auth/vendor/laravel/framework/src/Illuminate/Routing/Router.php(821): Illuminate\\Pipeline\\Pipeline->then(Object(Closure))
#42 /Applications/XAMPP/xamppfiles/htdocs/auth/vendor/laravel/framework/src/Illuminate/Routing/Router.php(800): Illuminate\\Routing\\Router->runRouteWithinStack(Object(Illuminate\\Routing\\Route), Object(Illuminate\\Http\\Request))
#43 /Applications/XAMPP/xamppfiles/htdocs/auth/vendor/laravel/framework/src/Illuminate/Routing/Router.php(764): Illuminate\\Routing\\Router->runRoute(Object(Illuminate\\Http\\Request), Object(Illuminate\\Routing\\Route))
#44 /Applications/XAMPP/xamppfiles/htdocs/auth/vendor/laravel/framework/src/Illuminate/Routing/Router.php(753): Illuminate\\Routing\\Router->dispatchToRoute(Object(Illuminate\\Http\\Request))
#45 /Applications/XAMPP/xamppfiles/htdocs/auth/vendor/laravel/framework/src/Illuminate/Foundation/Http/Kernel.php(200): Illuminate\\Routing\\Router->dispatch(Object(Illuminate\\Http\\Request))
#46 /Applications/XAMPP/xamppfiles/htdocs/auth/vendor/laravel/framework/src/Illuminate/Pipeline/Pipeline.php(180): Illuminate\\Foundation\\Http\\Kernel->{closure:Illuminate\\Foundation\\Http\\Kernel::dispatchToRouter():197}(Object(Illuminate\\Http\\Request))
#47 /Applications/XAMPP/xamppfiles/htdocs/auth/vendor/laravel/framework/src/Illuminate/Foundation/Http/Middleware/TransformsRequest.php(21): Illuminate\\Pipeline\\Pipeline->{closure:Illuminate\\Pipeline\\Pipeline::prepareDestination():178}(Object(Illuminate\\Http\\Request))
#48 /Applications/XAMPP/xamppfiles/htdocs/auth/vendor/laravel/framework/src/Illuminate/Foundation/Http/Middleware/ConvertEmptyStringsToNull.php(31): Illuminate\\Foundation\\Http\\Middleware\\TransformsRequest->handle(Object(Illuminate\\Http\\Request), Object(Closure))
#49 /Applications/XAMPP/xamppfiles/htdocs/auth/vendor/laravel/framework/src/Illuminate/Pipeline/Pipeline.php(219): Illuminate\\Foundation\\Http\\Middleware\\ConvertEmptyStringsToNull->handle(Object(Illuminate\\Http\\Request), Object(Closure))
#50 /Applications/XAMPP/xamppfiles/htdocs/auth/vendor/laravel/framework/src/Illuminate/Foundation/Http/Middleware/TransformsRequest.php(21): Illuminate\\Pipeline\\Pipeline->{closure:{closure:Illuminate\\Pipeline\\Pipeline::carry():194}:195}(Object(Illuminate\\Http\\Request))
#51 /Applications/XAMPP/xamppfiles/htdocs/auth/vendor/laravel/framework/src/Illuminate/Foundation/Http/Middleware/TrimStrings.php(51): Illuminate\\Foundation\\Http\\Middleware\\TransformsRequest->handle(Object(Illuminate\\Http\\Request), Object(Closure))
#52 /Applications/XAMPP/xamppfiles/htdocs/auth/vendor/laravel/framework/src/Illuminate/Pipeline/Pipeline.php(219): Illuminate\\Foundation\\Http\\Middleware\\TrimStrings->handle(Object(Illuminate\\Http\\Request), Object(Closure))
#53 /Applications/XAMPP/xamppfiles/htdocs/auth/vendor/laravel/framework/src/Illuminate/Http/Middleware/ValidatePostSize.php(27): Illuminate\\Pipeline\\Pipeline->{closure:{closure:Illuminate\\Pipeline\\Pipeline::carry():194}:195}(Object(Illuminate\\Http\\Request))
#54 /Applications/XAMPP/xamppfiles/htdocs/auth/vendor/laravel/framework/src/Illuminate/Pipeline/Pipeline.php(219): Illuminate\\Http\\Middleware\\ValidatePostSize->handle(Object(Illuminate\\Http\\Request), Object(Closure))
#55 /Applications/XAMPP/xamppfiles/htdocs/auth/vendor/laravel/framework/src/Illuminate/Foundation/Http/Middleware/PreventRequestsDuringMaintenance.php(109): Illuminate\\Pipeline\\Pipeline->{closure:{closure:Illuminate\\Pipeline\\Pipeline::carry():194}:195}(Object(Illuminate\\Http\\Request))
#56 /Applications/XAMPP/xamppfiles/htdocs/auth/vendor/laravel/framework/src/Illuminate/Pipeline/Pipeline.php(219): Illuminate\\Foundation\\Http\\Middleware\\PreventRequestsDuringMaintenance->handle(Object(Illuminate\\Http\\Request), Object(Closure))
#57 /Applications/XAMPP/xamppfiles/htdocs/auth/vendor/laravel/framework/src/Illuminate/Http/Middleware/HandleCors.php(61): Illuminate\\Pipeline\\Pipeline->{closure:{closure:Illuminate\\Pipeline\\Pipeline::carry():194}:195}(Object(Illuminate\\Http\\Request))
#58 /Applications/XAMPP/xamppfiles/htdocs/auth/vendor/laravel/framework/src/Illuminate/Pipeline/Pipeline.php(219): Illuminate\\Http\\Middleware\\HandleCors->handle(Object(Illuminate\\Http\\Request), Object(Closure))
#59 /Applications/XAMPP/xamppfiles/htdocs/auth/vendor/laravel/framework/src/Illuminate/Http/Middleware/TrustProxies.php(58): Illuminate\\Pipeline\\Pipeline->{closure:{closure:Illuminate\\Pipeline\\Pipeline::carry():194}:195}(Object(Illuminate\\Http\\Request))
#60 /Applications/XAMPP/xamppfiles/htdocs/auth/vendor/laravel/framework/src/Illuminate/Pipeline/Pipeline.php(219): Illuminate\\Http\\Middleware\\TrustProxies->handle(Object(Illuminate\\Http\\Request), Object(Closure))
#61 /Applications/XAMPP/xamppfiles/htdocs/auth/vendor/laravel/framework/src/Illuminate/Foundation/Http/Middleware/InvokeDeferredCallbacks.php(22): Illuminate\\Pipeline\\Pipeline->{closure:{closure:Illuminate\\Pipeline\\Pipeline::carry():194}:195}(Object(Illuminate\\Http\\Request))
#62 /Applications/XAMPP/xamppfiles/htdocs/auth/vendor/laravel/framework/src/Illuminate/Pipeline/Pipeline.php(219): Illuminate\\Foundation\\Http\\Middleware\\InvokeDeferredCallbacks->handle(Object(Illuminate\\Http\\Request), Object(Closure))
#63 /Applications/XAMPP/xamppfiles/htdocs/auth/vendor/laravel/framework/src/Illuminate/Http/Middleware/ValidatePathEncoding.php(26): Illuminate\\Pipeline\\Pipeline->{closure:{closure:Illuminate\\Pipeline\\Pipeline::carry():194}:195}(Object(Illuminate\\Http\\Request))
#64 /Applications/XAMPP/xamppfiles/htdocs/auth/vendor/laravel/framework/src/Illuminate/Pipeline/Pipeline.php(219): Illuminate\\Http\\Middleware\\ValidatePathEncoding->handle(Object(Illuminate\\Http\\Request), Object(Closure))
#65 /Applications/XAMPP/xamppfiles/htdocs/auth/vendor/laravel/framework/src/Illuminate/Pipeline/Pipeline.php(137): Illuminate\\Pipeline\\Pipeline->{closure:{closure:Illuminate\\Pipeline\\Pipeline::carry():194}:195}(Object(Illuminate\\Http\\Request))
#66 /Applications/XAMPP/xamppfiles/htdocs/auth/vendor/laravel/framework/src/Illuminate/Foundation/Http/Kernel.php(175): Illuminate\\Pipeline\\Pipeline->then(Object(Closure))
#67 /Applications/XAMPP/xamppfiles/htdocs/auth/vendor/laravel/framework/src/Illuminate/Foundation/Http/Kernel.php(144): Illuminate\\Foundation\\Http\\Kernel->sendRequestThroughRouter(Object(Illuminate\\Http\\Request))
#68 /Applications/XAMPP/xamppfiles/htdocs/auth/vendor/laravel/framework/src/Illuminate/Foundation/Application.php(1220): Illuminate\\Foundation\\Http\\Kernel->handle(Object(Illuminate\\Http\\Request))
#69 /Applications/XAMPP/xamppfiles/htdocs/auth/public/index.php(20): Illuminate\\Foundation\\Application->handleRequest(Object(Illuminate\\Http\\Request))
#70 /Applications/XAMPP/xamppfiles/htdocs/auth/vendor/laravel/framework/src/Illuminate/Foundation/resources/server.php(23): require_once('/Applications/X...')
#71 {main}
"} 
[2026-02-05 20:35:09] local.ERROR: Undefined property: Illuminate\View\Factory::$yieldContent (View: /Applications/XAMPP/xamppfiles/htdocs/auth/resources/views/layouts/app-with-sidebar.blade.php) (View: /Applications/XAMPP/xamppfiles/htdocs/auth/resources/views/layouts/app-with-sidebar.blade.php) {"userId":2,"exception":"[object] (Illuminate\\View\\ViewException(code: 0): Undefined property: Illuminate\\View\\Factory::$yieldContent (View: /Applications/XAMPP/xamppfiles/htdocs/auth/resources/views/layouts/app-with-sidebar.blade.php) (View: /Applications/XAMPP/xamppfiles/htdocs/auth/resources/views/layouts/app-with-sidebar.blade.php) at /Applications/XAMPP/xamppfiles/htdocs/auth/storage/framework/views/cc32ad9994275dd3729de2fd4454ba58.php:8)
[stacktrace]
#0 /Applications/XAMPP/xamppfiles/htdocs/auth/vendor/laravel/framework/src/Illuminate/View/Engines/PhpEngine.php(59): Illuminate\\View\\Engines\\CompilerEngine->handleViewException(Object(Illuminate\\View\\ViewException), 1)
#1 /Applications/XAMPP/xamppfiles/htdocs/auth/vendor/laravel/framework/src/Illuminate/View/Engines/CompilerEngine.php(76): Illuminate\\View\\Engines\\PhpEngine->evaluatePath('/Applications/X...', Array)
#2 /Applications/XAMPP/xamppfiles/htdocs/auth/vendor/laravel/framework/src/Illuminate/View/View.php(208): Illuminate\\View\\Engines\\CompilerEngine->get('/Applications/X...', Array)
#3 /Applications/XAMPP/xamppfiles/htdocs/auth/vendor/laravel/framework/src/Illuminate/View/View.php(191): Illuminate\\View\\View->getContents()
#4 /Applications/XAMPP/xamppfiles/htdocs/auth/vendor/laravel/framework/src/Illuminate/View/View.php(160): Illuminate\\View\\View->renderContents()
#5 /Applications/XAMPP/xamppfiles/htdocs/auth/vendor/laravel/framework/src/Illuminate/Http/Response.php(78): Illuminate\\View\\View->render()
#6 /Applications/XAMPP/xamppfiles/htdocs/auth/vendor/laravel/framework/src/Illuminate/Http/Response.php(34): Illuminate\\Http\\Response->setContent(Object(Illuminate\\View\\View))
#7 /Applications/XAMPP/xamppfiles/htdocs/auth/vendor/laravel/framework/src/Illuminate/Routing/Router.php(939): Illuminate\\Http\\Response->__construct(Object(Illuminate\\View\\View), 200, Array)
#8 /Applications/XAMPP/xamppfiles/htdocs/auth/vendor/laravel/framework/src/Illuminate/Routing/Router.php(906): Illuminate\\Routing\\Router::toResponse(Object(Illuminate\\Http\\Request), Object(Illuminate\\View\\View))
#9 /Applications/XAMPP/xamppfiles/htdocs/auth/vendor/laravel/framework/src/Illuminate/Routing/Router.php(821): Illuminate\\Routing\\Router->prepareResponse(Object(Illuminate\\Http\\Request), Object(Illuminate\\View\\View))
#10 /Applications/XAMPP/xamppfiles/htdocs/auth/vendor/laravel/framework/src/Illuminate/Pipeline/Pipeline.php(180): Illuminate\\Routing\\Router->{closure:Illuminate\\Routing\\Router::runRouteWithinStack():821}(Object(Illuminate\\Http\\Request))
#11 /Applications/XAMPP/xamppfiles/htdocs/auth/app/Http/Middleware/CheckAccountStatus.php(22): Illuminate\\Pipeline\\Pipeline->{closure:Illuminate\\Pipeline\\Pipeline::prepareDestination():178}(Object(Illuminate\\Http\\Request))
#12 /Applications/XAMPP/xamppfiles/htdocs/auth/vendor/laravel/framework/src/Illuminate/Pipeline/Pipeline.php(219): App\\Http\\Middleware\\CheckAccountStatus->handle(Object(Illuminate\\Http\\Request), Object(Closure))
#13 /Applications/XAMPP/xamppfiles/htdocs/auth/vendor/laravel/framework/src/Illuminate/Routing/Middleware/SubstituteBindings.php(50): Illuminate\\Pipeline\\Pipeline->{closure:{closure:Illuminate\\Pipeline\\Pipeline::carry():194}:195}(Object(Illuminate\\Http\\Request))
#14 /Applications/XAMPP/xamppfiles/htdocs/auth/vendor/laravel/framework/src/Illuminate/Pipeline/Pipeline.php(219): Illuminate\\Routing\\Middleware\\SubstituteBindings->handle(Object(Illuminate\\Http\\Request), Object(Closure))
#15 /Applications/XAMPP/xamppfiles/htdocs/auth/vendor/laravel/framework/src/Illuminate/Auth/Middleware/Authenticate.php(63): Illuminate\\Pipeline\\Pipeline->{closure:{closure:Illuminate\\Pipeline\\Pipeline::carry():194}:195}(Object(Illuminate\\Http\\Request))
#16 /Applications/XAMPP/xamppfiles/htdocs/auth/vendor/laravel/framework/src/Illuminate/Pipeline/Pipeline.php(219): Illuminate\\Auth\\Middleware\\Authenticate->handle(Object(Illuminate\\Http\\Request), Object(Closure))
#17 /Applications/XAMPP/xamppfiles/htdocs/auth/vendor/laravel/framework/src/Illuminate/Foundation/Http/Middleware/VerifyCsrfToken.php(87): Illuminate\\Pipeline\\Pipeline->{closure:{closure:Illuminate\\Pipeline\\Pipeline::carry():194}:195}(Object(Illuminate\\Http\\Request))
#18 /Applications/XAMPP/xamppfiles/htdocs/auth/vendor/laravel/framework/src/Illuminate/Pipeline/Pipeline.php(219): Illuminate\\Foundation\\Http\\Middleware\\VerifyCsrfToken->handle(Object(Illuminate\\Http\\Request), Object(Closure))
#19 /Applications/XAMPP/xamppfiles/htdocs/auth/vendor/laravel/framework/src/Illuminate/View/Middleware/ShareErrorsFromSession.php(48): Illuminate\\Pipeline\\Pipeline->{closure:{closure:Illuminate\\Pipeline\\Pipeline::carry():194}:195}(Object(Illuminate\\Http\\Request))
#20 /Applications/XAMPP/xamppfiles/htdocs/auth/vendor/laravel/framework/src/Illuminate/Pipeline/Pipeline.php(219): Illuminate\\View\\Middleware\\ShareErrorsFromSession->handle(Object(Illuminate\\Http\\Request), Object(Closure))
#21 /Applications/XAMPP/xamppfiles/htdocs/auth/vendor/laravel/framework/src/Illuminate/Session/Middleware/StartSession.php(120): Illuminate\\Pipeline\\Pipeline->{closure:{closure:Illuminate\\Pipeline\\Pipeline::carry():194}:195}(Object(Illuminate\\Http\\Request))
#22 /Applications/XAMPP/xamppfiles/htdocs/auth/vendor/laravel/framework/src/Illuminate/Session/Middleware/StartSession.php(63): Illuminate\\Session\\Middleware\\StartSession->handleStatefulRequest(Object(Illuminate\\Http\\Request), Object(Illuminate\\Session\\Store), Object(Closure))
#23 /Applications/XAMPP/xamppfiles/htdocs/auth/vendor/laravel/framework/src/Illuminate/Pipeline/Pipeline.php(219): Illuminate\\Session\\Middleware\\StartSession->handle(Object(Illuminate\\Http\\Request), Object(Closure))
#24 /Applications/XAMPP/xamppfiles/htdocs/auth/vendor/laravel/framework/src/Illuminate/Cookie/Middleware/AddQueuedCookiesToResponse.php(36): Illuminate\\Pipeline\\Pipeline->{closure:{closure:Illuminate\\Pipeline\\Pipeline::carry():194}:195}(Object(Illuminate\\Http\\Request))
#25 /Applications/XAMPP/xamppfiles/htdocs/auth/vendor/laravel/framework/src/Illuminate/Pipeline/Pipeline.php(219): Illuminate\\Cookie\\Middleware\\AddQueuedCookiesToResponse->handle(Object(Illuminate\\Http\\Request), Object(Closure))
#26 /Applications/XAMPP/xamppfiles/htdocs/auth/vendor/laravel/framework/src/Illuminate/Cookie/Middleware/EncryptCookies.php(74): Illuminate\\Pipeline\\Pipeline->{closure:{closure:Illuminate\\Pipeline\\Pipeline::carry():194}:195}(Object(Illuminate\\Http\\Request))
#27 /Applications/XAMPP/xamppfiles/htdocs/auth/vendor/laravel/framework/src/Illuminate/Pipeline/Pipeline.php(219): Illuminate\\Cookie\\Middleware\\EncryptCookies->handle(Object(Illuminate\\Http\\Request), Object(Closure))
#28 /Applications/XAMPP/xamppfiles/htdocs/auth/vendor/laravel/framework/src/Illuminate/Pipeline/Pipeline.php(137): Illuminate\\Pipeline\\Pipeline->{closure:{closure:Illuminate\\Pipeline\\Pipeline::carry():194}:195}(Object(Illuminate\\Http\\Request))
#29 /Applications/XAMPP/xamppfiles/htdocs/auth/vendor/laravel/framework/src/Illuminate/Routing/Router.php(821): Illuminate\\Pipeline\\Pipeline->then(Object(Closure))
#30 /Applications/XAMPP/xamppfiles/htdocs/auth/vendor/laravel/framework/src/Illuminate/Routing/Router.php(800): Illuminate\\Routing\\Router->runRouteWithinStack(Object(Illuminate\\Routing\\Route), Object(Illuminate\\Http\\Request))
#31 /Applications/XAMPP/xamppfiles/htdocs/auth/vendor/laravel/framework/src/Illuminate/Routing/Router.php(764): Illuminate\\Routing\\Router->runRoute(Object(Illuminate\\Http\\Request), Object(Illuminate\\Routing\\Route))
#32 /Applications/XAMPP/xamppfiles/htdocs/auth/vendor/laravel/framework/src/Illuminate/Routing/Router.php(753): Illuminate\\Routing\\Router->dispatchToRoute(Object(Illuminate\\Http\\Request))
#33 /Applications/XAMPP/xamppfiles/htdocs/auth/vendor/laravel/framework/src/Illuminate/Foundation/Http/Kernel.php(200): Illuminate\\Routing\\Router->dispatch(Object(Illuminate\\Http\\Request))
#34 /Applications/XAMPP/xamppfiles/htdocs/auth/vendor/laravel/framework/src/Illuminate/Pipeline/Pipeline.php(180): Illuminate\\Foundation\\Http\\Kernel->{closure:Illuminate\\Foundation\\Http\\Kernel::dispatchToRouter():197}(Object(Illuminate\\Http\\Request))
#35 /Applications/XAMPP/xamppfiles/htdocs/auth/vendor/laravel/framework/src/Illuminate/Foundation/Http/Middleware/TransformsRequest.php(21): Illuminate\\Pipeline\\Pipeline->{closure:Illuminate\\Pipeline\\Pipeline::prepareDestination():178}(Object(Illuminate\\Http\\Request))
#36 /Applications/XAMPP/xamppfiles/htdocs/auth/vendor/laravel/framework/src/Illuminate/Foundation/Http/Middleware/ConvertEmptyStringsToNull.php(31): Illuminate\\Foundation\\Http\\Middleware\\TransformsRequest->handle(Object(Illuminate\\Http\\Request), Object(Closure))
#37 /Applications/XAMPP/xamppfiles/htdocs/auth/vendor/laravel/framework/src/Illuminate/Pipeline/Pipeline.php(219): Illuminate\\Foundation\\Http\\Middleware\\ConvertEmptyStringsToNull->handle(Object(Illuminate\\Http\\Request), Object(Closure))
#38 /Applications/XAMPP/xamppfiles/htdocs/auth/vendor/laravel/framework/src/Illuminate/Foundation/Http/Middleware/TransformsRequest.php(21): Illuminate\\Pipeline\\Pipeline->{closure:{closure:Illuminate\\Pipeline\\Pipeline::carry():194}:195}(Object(Illuminate\\Http\\Request))
#39 /Applications/XAMPP/xamppfiles/htdocs/auth/vendor/laravel/framework/src/Illuminate/Foundation/Http/Middleware/TrimStrings.php(51): Illuminate\\Foundation\\Http\\Middleware\\TransformsRequest->handle(Object(Illuminate\\Http\\Request), Object(Closure))
#40 /Applications/XAMPP/xamppfiles/htdocs/auth/vendor/laravel/framework/src/Illuminate/Pipeline/Pipeline.php(219): Illuminate\\Foundation\\Http\\Middleware\\TrimStrings->handle(Object(Illuminate\\Http\\Request), Object(Closure))
#41 /Applications/XAMPP/xamppfiles/htdocs/auth/vendor/laravel/framework/src/Illuminate/Http/Middleware/ValidatePostSize.php(27): Illuminate\\Pipeline\\Pipeline->{closure:{closure:Illuminate\\Pipeline\\Pipeline::carry():194}:195}(Object(Illuminate\\Http\\Request))
#42 /Applications/XAMPP/xamppfiles/htdocs/auth/vendor/laravel/framework/src/Illuminate/Pipeline/Pipeline.php(219): Illuminate\\Http\\Middleware\\ValidatePostSize->handle(Object(Illuminate\\Http\\Request), Object(Closure))
#43 /Applications/XAMPP/xamppfiles/htdocs/auth/vendor/laravel/framework/src/Illuminate/Foundation/Http/Middleware/PreventRequestsDuringMaintenance.php(109): Illuminate\\Pipeline\\Pipeline->{closure:{closure:Illuminate\\Pipeline\\Pipeline::carry():194}:195}(Object(Illuminate\\Http\\Request))
#44 /Applications/XAMPP/xamppfiles/htdocs/auth/vendor/laravel/framework/src/Illuminate/Pipeline/Pipeline.php(219): Illuminate\\Foundation\\Http\\Middleware\\PreventRequestsDuringMaintenance->handle(Object(Illuminate\\Http\\Request), Object(Closure))
#45 /Applications/XAMPP/xamppfiles/htdocs/auth/vendor/laravel/framework/src/Illuminate/Http/Middleware/HandleCors.php(61): Illuminate\\Pipeline\\Pipeline->{closure:{closure:Illuminate\\Pipeline\\Pipeline::carry():194}:195}(Object(Illuminate\\Http\\Request))
#46 /Applications/XAMPP/xamppfiles/htdocs/auth/vendor/laravel/framework/src/Illuminate/Pipeline/Pipeline.php(219): Illuminate\\Http\\Middleware\\HandleCors->handle(Object(Illuminate\\Http\\Request), Object(Closure))
#47 /Applications/XAMPP/xamppfiles/htdocs/auth/vendor/laravel/framework/src/Illuminate/Http/Middleware/TrustProxies.php(58): Illuminate\\Pipeline\\Pipeline->{closure:{closure:Illuminate\\Pipeline\\Pipeline::carry():194}:195}(Object(Illuminate\\Http\\Request))
#48 /Applications/XAMPP/xamppfiles/htdocs/auth/vendor/laravel/framework/src/Illuminate/Pipeline/Pipeline.php(219): Illuminate\\Http\\Middleware\\TrustProxies->handle(Object(Illuminate\\Http\\Request), Object(Closure))
#49 /Applications/XAMPP/xamppfiles/htdocs/auth/vendor/laravel/framework/src/Illuminate/Foundation/Http/Middleware/InvokeDeferredCallbacks.php(22): Illuminate\\Pipeline\\Pipeline->{closure:{closure:Illuminate\\Pipeline\\Pipeline::carry():194}:195}(Object(Illuminate\\Http\\Request))
#50 /Applications/XAMPP/xamppfiles/htdocs/auth/vendor/laravel/framework/src/Illuminate/Pipeline/Pipeline.php(219): Illuminate\\Foundation\\Http\\Middleware\\InvokeDeferredCallbacks->handle(Object(Illuminate\\Http\\Request), Object(Closure))
#51 /Applications/XAMPP/xamppfiles/htdocs/auth/vendor/laravel/framework/src/Illuminate/Http/Middleware/ValidatePathEncoding.php(26): Illuminate\\Pipeline\\Pipeline->{closure:{closure:Illuminate\\Pipeline\\Pipeline::carry():194}:195}(Object(Illuminate\\Http\\Request))
#52 /Applications/XAMPP/xamppfiles/htdocs/auth/vendor/laravel/framework/src/Illuminate/Pipeline/Pipeline.php(219): Illuminate\\Http\\Middleware\\ValidatePathEncoding->handle(Object(Illuminate\\Http\\Request), Object(Closure))
#53 /Applications/XAMPP/xamppfiles/htdocs/auth/vendor/laravel/framework/src/Illuminate/Pipeline/Pipeline.php(137): Illuminate\\Pipeline\\Pipeline->{closure:{closure:Illuminate\\Pipeline\\Pipeline::carry():194}:195}(Object(Illuminate\\Http\\Request))
#54 /Applications/XAMPP/xamppfiles/htdocs/auth/vendor/laravel/framework/src/Illuminate/Foundation/Http/Kernel.php(175): Illuminate\\Pipeline\\Pipeline->then(Object(Closure))
#55 /Applications/XAMPP/xamppfiles/htdocs/auth/vendor/laravel/framework/src/Illuminate/Foundation/Http/Kernel.php(144): Illuminate\\Foundation\\Http\\Kernel->sendRequestThroughRouter(Object(Illuminate\\Http\\Request))
#56 /Applications/XAMPP/xamppfiles/htdocs/auth/vendor/laravel/framework/src/Illuminate/Foundation/Application.php(1220): Illuminate\\Foundation\\Http\\Kernel->handle(Object(Illuminate\\Http\\Request))
#57 /Applications/XAMPP/xamppfiles/htdocs/auth/public/index.php(20): Illuminate\\Foundation\\Application->handleRequest(Object(Illuminate\\Http\\Request))
#58 /Applications/XAMPP/xamppfiles/htdocs/auth/vendor/laravel/framework/src/Illuminate/Foundation/resources/server.php(23): require_once('/Applications/X...')
#59 {main}

[previous exception] [object] (Illuminate\\View\\ViewException(code: 0): Undefined property: Illuminate\\View\\Factory::$yieldContent (View: /Applications/XAMPP/xamppfiles/htdocs/auth/resources/views/layouts/app-with-sidebar.blade.php) at /Applications/XAMPP/xamppfiles/htdocs/auth/storage/framework/views/cc32ad9994275dd3729de2fd4454ba58.php:8)
[stacktrace]
#0 /Applications/XAMPP/xamppfiles/htdocs/auth/vendor/laravel/framework/src/Illuminate/View/Engines/PhpEngine.php(59): Illuminate\\View\\Engines\\CompilerEngine->handleViewException(Object(ErrorException), 2)
#1 /Applications/XAMPP/xamppfiles/htdocs/auth/vendor/laravel/framework/src/Illuminate/View/Engines/CompilerEngine.php(76): Illuminate\\View\\Engines\\PhpEngine->evaluatePath('/Applications/X...', Array)
#2 /Applications/XAMPP/xamppfiles/htdocs/auth/vendor/laravel/framework/src/Illuminate/View/View.php(208): Illuminate\\View\\Engines\\CompilerEngine->get('/Applications/X...', Array)
#3 /Applications/XAMPP/xamppfiles/htdocs/auth/vendor/laravel/framework/src/Illuminate/View/View.php(191): Illuminate\\View\\View->getContents()
#4 /Applications/XAMPP/xamppfiles/htdocs/auth/vendor/laravel/framework/src/Illuminate/View/View.php(160): Illuminate\\View\\View->renderContents()
#5 /Applications/XAMPP/xamppfiles/htdocs/auth/storage/framework/views/01a1411fc404a0a38ee0c2b420622d4f.php(272): Illuminate\\View\\View->render()
#6 /Applications/XAMPP/xamppfiles/htdocs/auth/vendor/laravel/framework/src/Illuminate/Filesystem/Filesystem.php(123): require('/Applications/X...')
#7 /Applications/XAMPP/xamppfiles/htdocs/auth/vendor/laravel/framework/src/Illuminate/Filesystem/Filesystem.php(124): Illuminate\\Filesystem\\Filesystem::{closure:Illuminate\\Filesystem\\Filesystem::getRequire():120}()
#8 /Applications/XAMPP/xamppfiles/htdocs/auth/vendor/laravel/framework/src/Illuminate/View/Engines/PhpEngine.php(57): Illuminate\\Filesystem\\Filesystem->getRequire('/Applications/X...', Array)
#9 /Applications/XAMPP/xamppfiles/htdocs/auth/vendor/laravel/framework/src/Illuminate/View/Engines/CompilerEngine.php(76): Illuminate\\View\\Engines\\PhpEngine->evaluatePath('/Applications/X...', Array)
#10 /Applications/XAMPP/xamppfiles/htdocs/auth/vendor/laravel/framework/src/Illuminate/View/View.php(208): Illuminate\\View\\Engines\\CompilerEngine->get('/Applications/X...', Array)
#11 /Applications/XAMPP/xamppfiles/htdocs/auth/vendor/laravel/framework/src/Illuminate/View/View.php(191): Illuminate\\View\\View->getContents()
#12 /Applications/XAMPP/xamppfiles/htdocs/auth/vendor/laravel/framework/src/Illuminate/View/View.php(160): Illuminate\\View\\View->renderContents()
#13 /Applications/XAMPP/xamppfiles/htdocs/auth/vendor/laravel/framework/src/Illuminate/Http/Response.php(78): Illuminate\\View\\View->render()
#14 /Applications/XAMPP/xamppfiles/htdocs/auth/vendor/laravel/framework/src/Illuminate/Http/Response.php(34): Illuminate\\Http\\Response->setContent(Object(Illuminate\\View\\View))
#15 /Applications/XAMPP/xamppfiles/htdocs/auth/vendor/laravel/framework/src/Illuminate/Routing/Router.php(939): Illuminate\\Http\\Response->__construct(Object(Illuminate\\View\\View), 200, Array)
#16 /Applications/XAMPP/xamppfiles/htdocs/auth/vendor/laravel/framework/src/Illuminate/Routing/Router.php(906): Illuminate\\Routing\\Router::toResponse(Object(Illuminate\\Http\\Request), Object(Illuminate\\View\\View))
#17 /Applications/XAMPP/xamppfiles/htdocs/auth/vendor/laravel/framework/src/Illuminate/Routing/Router.php(821): Illuminate\\Routing\\Router->prepareResponse(Object(Illuminate\\Http\\Request), Object(Illuminate\\View\\View))
#18 /Applications/XAMPP/xamppfiles/htdocs/auth/vendor/laravel/framework/src/Illuminate/Pipeline/Pipeline.php(180): Illuminate\\Routing\\Router->{closure:Illuminate\\Routing\\Router::runRouteWithinStack():821}(Object(Illuminate\\Http\\Request))
#19 /Applications/XAMPP/xamppfiles/htdocs/auth/app/Http/Middleware/CheckAccountStatus.php(22): Illuminate\\Pipeline\\Pipeline->{closure:Illuminate\\Pipeline\\Pipeline::prepareDestination():178}(Object(Illuminate\\Http\\Request))
#20 /Applications/XAMPP/xamppfiles/htdocs/auth/vendor/laravel/framework/src/Illuminate/Pipeline/Pipeline.php(219): App\\Http\\Middleware\\CheckAccountStatus->handle(Object(Illuminate\\Http\\Request), Object(Closure))
#21 /Applications/XAMPP/xamppfiles/htdocs/auth/vendor/laravel/framework/src/Illuminate/Routing/Middleware/SubstituteBindings.php(50): Illuminate\\Pipeline\\Pipeline->{closure:{closure:Illuminate\\Pipeline\\Pipeline::carry():194}:195}(Object(Illuminate\\Http\\Request))
#22 /Applications/XAMPP/xamppfiles/htdocs/auth/vendor/laravel/framework/src/Illuminate/Pipeline/Pipeline.php(219): Illuminate\\Routing\\Middleware\\SubstituteBindings->handle(Object(Illuminate\\Http\\Request), Object(Closure))
#23 /Applications/XAMPP/xamppfiles/htdocs/auth/vendor/laravel/framework/src/Illuminate/Auth/Middleware/Authenticate.php(63): Illuminate\\Pipeline\\Pipeline->{closure:{closure:Illuminate\\Pipeline\\Pipeline::carry():194}:195}(Object(Illuminate\\Http\\Request))
#24 /Applications/XAMPP/xamppfiles/htdocs/auth/vendor/laravel/framework/src/Illuminate/Pipeline/Pipeline.php(219): Illuminate\\Auth\\Middleware\\Authenticate->handle(Object(Illuminate\\Http\\Request), Object(Closure))
#25 /Applications/XAMPP/xamppfiles/htdocs/auth/vendor/laravel/framework/src/Illuminate/Foundation/Http/Middleware/VerifyCsrfToken.php(87): Illuminate\\Pipeline\\Pipeline->{closure:{closure:Illuminate\\Pipeline\\Pipeline::carry():194}:195}(Object(Illuminate\\Http\\Request))
#26 /Applications/XAMPP/xamppfiles/htdocs/auth/vendor/laravel/framework/src/Illuminate/Pipeline/Pipeline.php(219): Illuminate\\Foundation\\Http\\Middleware\\VerifyCsrfToken->handle(Object(Illuminate\\Http\\Request), Object(Closure))
#27 /Applications/XAMPP/xamppfiles/htdocs/auth/vendor/laravel/framework/src/Illuminate/View/Middleware/ShareErrorsFromSession.php(48): Illuminate\\Pipeline\\Pipeline->{closure:{closure:Illuminate\\Pipeline\\Pipeline::carry():194}:195}(Object(Illuminate\\Http\\Request))
#28 /Applications/XAMPP/xamppfiles/htdocs/auth/vendor/laravel/framework/src/Illuminate/Pipeline/Pipeline.php(219): Illuminate\\View\\Middleware\\ShareErrorsFromSession->handle(Object(Illuminate\\Http\\Request), Object(Closure))
#29 /Applications/XAMPP/xamppfiles/htdocs/auth/vendor/laravel/framework/src/Illuminate/Session/Middleware/StartSession.php(120): Illuminate\\Pipeline\\Pipeline->{closure:{closure:Illuminate\\Pipeline\\Pipeline::carry():194}:195}(Object(Illuminate\\Http\\Request))
#30 /Applications/XAMPP/xamppfiles/htdocs/auth/vendor/laravel/framework/src/Illuminate/Session/Middleware/StartSession.php(63): Illuminate\\Session\\Middleware\\StartSession->handleStatefulRequest(Object(Illuminate\\Http\\Request), Object(Illuminate\\Session\\Store), Object(Closure))
#31 /Applications/XAMPP/xamppfiles/htdocs/auth/vendor/laravel/framework/src/Illuminate/Pipeline/Pipeline.php(219): Illuminate\\Session\\Middleware\\StartSession->handle(Object(Illuminate\\Http\\Request), Object(Closure))
#32 /Applications/XAMPP/xamppfiles/htdocs/auth/vendor/laravel/framework/src/Illuminate/Cookie/Middleware/AddQueuedCookiesToResponse.php(36): Illuminate\\Pipeline\\Pipeline->{closure:{closure:Illuminate\\Pipeline\\Pipeline::carry():194}:195}(Object(Illuminate\\Http\\Request))
#33 /Applications/XAMPP/xamppfiles/htdocs/auth/vendor/laravel/framework/src/Illuminate/Pipeline/Pipeline.php(219): Illuminate\\Cookie\\Middleware\\AddQueuedCookiesToResponse->handle(Object(Illuminate\\Http\\Request), Object(Closure))
#34 /Applications/XAMPP/xamppfiles/htdocs/auth/vendor/laravel/framework/src/Illuminate/Cookie/Middleware/EncryptCookies.php(74): Illuminate\\Pipeline\\Pipeline->{closure:{closure:Illuminate\\Pipeline\\Pipeline::carry():194}:195}(Object(Illuminate\\Http\\Request))
#35 /Applications/XAMPP/xamppfiles/htdocs/auth/vendor/laravel/framework/src/Illuminate/Pipeline/Pipeline.php(219): Illuminate\\Cookie\\Middleware\\EncryptCookies->handle(Object(Illuminate\\Http\\Request), Object(Closure))
#36 /Applications/XAMPP/xamppfiles/htdocs/auth/vendor/laravel/framework/src/Illuminate/Pipeline/Pipeline.php(137): Illuminate\\Pipeline\\Pipeline->{closure:{closure:Illuminate\\Pipeline\\Pipeline::carry():194}:195}(Object(Illuminate\\Http\\Request))
#37 /Applications/XAMPP/xamppfiles/htdocs/auth/vendor/laravel/framework/src/Illuminate/Routing/Router.php(821): Illuminate\\Pipeline\\Pipeline->then(Object(Closure))
#38 /Applications/XAMPP/xamppfiles/htdocs/auth/vendor/laravel/framework/src/Illuminate/Routing/Router.php(800): Illuminate\\Routing\\Router->runRouteWithinStack(Object(Illuminate\\Routing\\Route), Object(Illuminate\\Http\\Request))
#39 /Applications/XAMPP/xamppfiles/htdocs/auth/vendor/laravel/framework/src/Illuminate/Routing/Router.php(764): Illuminate\\Routing\\Router->runRoute(Object(Illuminate\\Http\\Request), Object(Illuminate\\Routing\\Route))
#40 /Applications/XAMPP/xamppfiles/htdocs/auth/vendor/laravel/framework/src/Illuminate/Routing/Router.php(753): Illuminate\\Routing\\Router->dispatchToRoute(Object(Illuminate\\Http\\Request))
#41 /Applications/XAMPP/xamppfiles/htdocs/auth/vendor/laravel/framework/src/Illuminate/Foundation/Http/Kernel.php(200): Illuminate\\Routing\\Router->dispatch(Object(Illuminate\\Http\\Request))
#42 /Applications/XAMPP/xamppfiles/htdocs/auth/vendor/laravel/framework/src/Illuminate/Pipeline/Pipeline.php(180): Illuminate\\Foundation\\Http\\Kernel->{closure:Illuminate\\Foundation\\Http\\Kernel::dispatchToRouter():197}(Object(Illuminate\\Http\\Request))
#43 /Applications/XAMPP/xamppfiles/htdocs/auth/vendor/laravel/framework/src/Illuminate/Foundation/Http/Middleware/TransformsRequest.php(21): Illuminate\\Pipeline\\Pipeline->{closure:Illuminate\\Pipeline\\Pipeline::prepareDestination():178}(Object(Illuminate\\Http\\Request))
#44 /Applications/XAMPP/xamppfiles/htdocs/auth/vendor/laravel/framework/src/Illuminate/Foundation/Http/Middleware/ConvertEmptyStringsToNull.php(31): Illuminate\\Foundation\\Http\\Middleware\\TransformsRequest->handle(Object(Illuminate\\Http\\Request), Object(Closure))
#45 /Applications/XAMPP/xamppfiles/htdocs/auth/vendor/laravel/framework/src/Illuminate/Pipeline/Pipeline.php(219): Illuminate\\Foundation\\Http\\Middleware\\ConvertEmptyStringsToNull->handle(Object(Illuminate\\Http\\Request), Object(Closure))
#46 /Applications/XAMPP/xamppfiles/htdocs/auth/vendor/laravel/framework/src/Illuminate/Foundation/Http/Middleware/TransformsRequest.php(21): Illuminate\\Pipeline\\Pipeline->{closure:{closure:Illuminate\\Pipeline\\Pipeline::carry():194}:195}(Object(Illuminate\\Http\\Request))
#47 /Applications/XAMPP/xamppfiles/htdocs/auth/vendor/laravel/framework/src/Illuminate/Foundation/Http/Middleware/TrimStrings.php(51): Illuminate\\Foundation\\Http\\Middleware\\TransformsRequest->handle(Object(Illuminate\\Http\\Request), Object(Closure))
#48 /Applications/XAMPP/xamppfiles/htdocs/auth/vendor/laravel/framework/src/Illuminate/Pipeline/Pipeline.php(219): Illuminate\\Foundation\\Http\\Middleware\\TrimStrings->handle(Object(Illuminate\\Http\\Request), Object(Closure))
#49 /Applications/XAMPP/xamppfiles/htdocs/auth/vendor/laravel/framework/src/Illuminate/Http/Middleware/ValidatePostSize.php(27): Illuminate\\Pipeline\\Pipeline->{closure:{closure:Illuminate\\Pipeline\\Pipeline::carry():194}:195}(Object(Illuminate\\Http\\Request))
#50 /Applications/XAMPP/xamppfiles/htdocs/auth/vendor/laravel/framework/src/Illuminate/Pipeline/Pipeline.php(219): Illuminate\\Http\\Middleware\\ValidatePostSize->handle(Object(Illuminate\\Http\\Request), Object(Closure))
#51 /Applications/XAMPP/xamppfiles/htdocs/auth/vendor/laravel/framework/src/Illuminate/Foundation/Http/Middleware/PreventRequestsDuringMaintenance.php(109): Illuminate\\Pipeline\\Pipeline->{closure:{closure:Illuminate\\Pipeline\\Pipeline::carry():194}:195}(Object(Illuminate\\Http\\Request))
#52 /Applications/XAMPP/xamppfiles/htdocs/auth/vendor/laravel/framework/src/Illuminate/Pipeline/Pipeline.php(219): Illuminate\\Foundation\\Http\\Middleware\\PreventRequestsDuringMaintenance->handle(Object(Illuminate\\Http\\Request), Object(Closure))
#53 /Applications/XAMPP/xamppfiles/htdocs/auth/vendor/laravel/framework/src/Illuminate/Http/Middleware/HandleCors.php(61): Illuminate\\Pipeline\\Pipeline->{closure:{closure:Illuminate\\Pipeline\\Pipeline::carry():194}:195}(Object(Illuminate\\Http\\Request))
#54 /Applications/XAMPP/xamppfiles/htdocs/auth/vendor/laravel/framework/src/Illuminate/Pipeline/Pipeline.php(219): Illuminate\\Http\\Middleware\\HandleCors->handle(Object(Illuminate\\Http\\Request), Object(Closure))
#55 /Applications/XAMPP/xamppfiles/htdocs/auth/vendor/laravel/framework/src/Illuminate/Http/Middleware/TrustProxies.php(58): Illuminate\\Pipeline\\Pipeline->{closure:{closure:Illuminate\\Pipeline\\Pipeline::carry():194}:195}(Object(Illuminate\\Http\\Request))
#56 /Applications/XAMPP/xamppfiles/htdocs/auth/vendor/laravel/framework/src/Illuminate/Pipeline/Pipeline.php(219): Illuminate\\Http\\Middleware\\TrustProxies->handle(Object(Illuminate\\Http\\Request), Object(Closure))
#57 /Applications/XAMPP/xamppfiles/htdocs/auth/vendor/laravel/framework/src/Illuminate/Foundation/Http/Middleware/InvokeDeferredCallbacks.php(22): Illuminate\\Pipeline\\Pipeline->{closure:{closure:Illuminate\\Pipeline\\Pipeline::carry():194}:195}(Object(Illuminate\\Http\\Request))
#58 /Applications/XAMPP/xamppfiles/htdocs/auth/vendor/laravel/framework/src/Illuminate/Pipeline/Pipeline.php(219): Illuminate\\Foundation\\Http\\Middleware\\InvokeDeferredCallbacks->handle(Object(Illuminate\\Http\\Request), Object(Closure))
#59 /Applications/XAMPP/xamppfiles/htdocs/auth/vendor/laravel/framework/src/Illuminate/Http/Middleware/ValidatePathEncoding.php(26): Illuminate\\Pipeline\\Pipeline->{closure:{closure:Illuminate\\Pipeline\\Pipeline::carry():194}:195}(Object(Illuminate\\Http\\Request))
#60 /Applications/XAMPP/xamppfiles/htdocs/auth/vendor/laravel/framework/src/Illuminate/Pipeline/Pipeline.php(219): Illuminate\\Http\\Middleware\\ValidatePathEncoding->handle(Object(Illuminate\\Http\\Request), Object(Closure))
#61 /Applications/XAMPP/xamppfiles/htdocs/auth/vendor/laravel/framework/src/Illuminate/Pipeline/Pipeline.php(137): Illuminate\\Pipeline\\Pipeline->{closure:{closure:Illuminate\\Pipeline\\Pipeline::carry():194}:195}(Object(Illuminate\\Http\\Request))
#62 /Applications/XAMPP/xamppfiles/htdocs/auth/vendor/laravel/framework/src/Illuminate/Foundation/Http/Kernel.php(175): Illuminate\\Pipeline\\Pipeline->then(Object(Closure))
#63 /Applications/XAMPP/xamppfiles/htdocs/auth/vendor/laravel/framework/src/Illuminate/Foundation/Http/Kernel.php(144): Illuminate\\Foundation\\Http\\Kernel->sendRequestThroughRouter(Object(Illuminate\\Http\\Request))
#64 /Applications/XAMPP/xamppfiles/htdocs/auth/vendor/laravel/framework/src/Illuminate/Foundation/Application.php(1220): Illuminate\\Foundation\\Http\\Kernel->handle(Object(Illuminate\\Http\\Request))
#65 /Applications/XAMPP/xamppfiles/htdocs/auth/public/index.php(20): Illuminate\\Foundation\\Application->handleRequest(Object(Illuminate\\Http\\Request))
#66 /Applications/XAMPP/xamppfiles/htdocs/auth/vendor/laravel/framework/src/Illuminate/Foundation/resources/server.php(23): require_once('/Applications/X...')
#67 {main}

[previous exception] [object] (ErrorException(code: 0): Undefined property: Illuminate\\View\\Factory::$yieldContent at /Applications/XAMPP/xamppfiles/htdocs/auth/storage/framework/views/cc32ad9994275dd3729de2fd4454ba58.php:8)
[stacktrace]
#0 /Applications/XAMPP/xamppfiles/htdocs/auth/vendor/laravel/framework/src/Illuminate/Foundation/Bootstrap/HandleExceptions.php(258): Illuminate\\Foundation\\Bootstrap\\HandleExceptions->handleError(2, 'Undefined prope...', '/Applications/X...', 8)
#1 /Applications/XAMPP/xamppfiles/htdocs/auth/storage/framework/views/cc32ad9994275dd3729de2fd4454ba58.php(8): Illuminate\\Foundation\\Bootstrap\\HandleExceptions->{closure:Illuminate\\Foundation\\Bootstrap\\HandleExceptions::forwardsTo():257}(2, 'Undefined prope...', '/Applications/X...', 8)
#2 /Applications/XAMPP/xamppfiles/htdocs/auth/vendor/laravel/framework/src/Illuminate/Filesystem/Filesystem.php(123): require('/Applications/X...')
#3 /Applications/XAMPP/xamppfiles/htdocs/auth/vendor/laravel/framework/src/Illuminate/Filesystem/Filesystem.php(124): Illuminate\\Filesystem\\Filesystem::{closure:Illuminate\\Filesystem\\Filesystem::getRequire():120}()
#4 /Applications/XAMPP/xamppfiles/htdocs/auth/vendor/laravel/framework/src/Illuminate/View/Engines/PhpEngine.php(57): Illuminate\\Filesystem\\Filesystem->getRequire('/Applications/X...', Array)
#5 /Applications/XAMPP/xamppfiles/htdocs/auth/vendor/laravel/framework/src/Illuminate/View/Engines/CompilerEngine.php(76): Illuminate\\View\\Engines\\PhpEngine->evaluatePath('/Applications/X...', Array)
#6 /Applications/XAMPP/xamppfiles/htdocs/auth/vendor/laravel/framework/src/Illuminate/View/View.php(208): Illuminate\\View\\Engines\\CompilerEngine->get('/Applications/X...', Array)
#7 /Applications/XAMPP/xamppfiles/htdocs/auth/vendor/laravel/framework/src/Illuminate/View/View.php(191): Illuminate\\View\\View->getContents()
#8 /Applications/XAMPP/xamppfiles/htdocs/auth/vendor/laravel/framework/src/Illuminate/View/View.php(160): Illuminate\\View\\View->renderContents()
#9 /Applications/XAMPP/xamppfiles/htdocs/auth/storage/framework/views/01a1411fc404a0a38ee0c2b420622d4f.php(272): Illuminate\\View\\View->render()
#10 /Applications/XAMPP/xamppfiles/htdocs/auth/vendor/laravel/framework/src/Illuminate/Filesystem/Filesystem.php(123): require('/Applications/X...')
#11 /Applications/XAMPP/xamppfiles/htdocs/auth/vendor/laravel/framework/src/Illuminate/Filesystem/Filesystem.php(124): Illuminate\\Filesystem\\Filesystem::{closure:Illuminate\\Filesystem\\Filesystem::getRequire():120}()
#12 /Applications/XAMPP/xamppfiles/htdocs/auth/vendor/laravel/framework/src/Illuminate/View/Engines/PhpEngine.php(57): Illuminate\\Filesystem\\Filesystem->getRequire('/Applications/X...', Array)
#13 /Applications/XAMPP/xamppfiles/htdocs/auth/vendor/laravel/framework/src/Illuminate/View/Engines/CompilerEngine.php(76): Illuminate\\View\\Engines\\PhpEngine->evaluatePath('/Applications/X...', Array)
#14 /Applications/XAMPP/xamppfiles/htdocs/auth/vendor/laravel/framework/src/Illuminate/View/View.php(208): Illuminate\\View\\Engines\\CompilerEngine->get('/Applications/X...', Array)
#15 /Applications/XAMPP/xamppfiles/htdocs/auth/vendor/laravel/framework/src/Illuminate/View/View.php(191): Illuminate\\View\\View->getContents()
#16 /Applications/XAMPP/xamppfiles/htdocs/auth/vendor/laravel/framework/src/Illuminate/View/View.php(160): Illuminate\\View\\View->renderContents()
#17 /Applications/XAMPP/xamppfiles/htdocs/auth/vendor/laravel/framework/src/Illuminate/Http/Response.php(78): Illuminate\\View\\View->render()
#18 /Applications/XAMPP/xamppfiles/htdocs/auth/vendor/laravel/framework/src/Illuminate/Http/Response.php(34): Illuminate\\Http\\Response->setContent(Object(Illuminate\\View\\View))
#19 /Applications/XAMPP/xamppfiles/htdocs/auth/vendor/laravel/framework/src/Illuminate/Routing/Router.php(939): Illuminate\\Http\\Response->__construct(Object(Illuminate\\View\\View), 200, Array)
#20 /Applications/XAMPP/xamppfiles/htdocs/auth/vendor/laravel/framework/src/Illuminate/Routing/Router.php(906): Illuminate\\Routing\\Router::toResponse(Object(Illuminate\\Http\\Request), Object(Illuminate\\View\\View))
#21 /Applications/XAMPP/xamppfiles/htdocs/auth/vendor/laravel/framework/src/Illuminate/Routing/Router.php(821): Illuminate\\Routing\\Router->prepareResponse(Object(Illuminate\\Http\\Request), Object(Illuminate\\View\\View))
#22 /Applications/XAMPP/xamppfiles/htdocs/auth/vendor/laravel/framework/src/Illuminate/Pipeline/Pipeline.php(180): Illuminate\\Routing\\Router->{closure:Illuminate\\Routing\\Router::runRouteWithinStack():821}(Object(Illuminate\\Http\\Request))
#23 /Applications/XAMPP/xamppfiles/htdocs/auth/app/Http/Middleware/CheckAccountStatus.php(22): Illuminate\\Pipeline\\Pipeline->{closure:Illuminate\\Pipeline\\Pipeline::prepareDestination():178}(Object(Illuminate\\Http\\Request))
#24 /Applications/XAMPP/xamppfiles/htdocs/auth/vendor/laravel/framework/src/Illuminate/Pipeline/Pipeline.php(219): App\\Http\\Middleware\\CheckAccountStatus->handle(Object(Illuminate\\Http\\Request), Object(Closure))
#25 /Applications/XAMPP/xamppfiles/htdocs/auth/vendor/laravel/framework/src/Illuminate/Routing/Middleware/SubstituteBindings.php(50): Illuminate\\Pipeline\\Pipeline->{closure:{closure:Illuminate\\Pipeline\\Pipeline::carry():194}:195}(Object(Illuminate\\Http\\Request))
#26 /Applications/XAMPP/xamppfiles/htdocs/auth/vendor/laravel/framework/src/Illuminate/Pipeline/Pipeline.php(219): Illuminate\\Routing\\Middleware\\SubstituteBindings->handle(Object(Illuminate\\Http\\Request), Object(Closure))
#27 /Applications/XAMPP/xamppfiles/htdocs/auth/vendor/laravel/framework/src/Illuminate/Auth/Middleware/Authenticate.php(63): Illuminate\\Pipeline\\Pipeline->{closure:{closure:Illuminate\\Pipeline\\Pipeline::carry():194}:195}(Object(Illuminate\\Http\\Request))
#28 /Applications/XAMPP/xamppfiles/htdocs/auth/vendor/laravel/framework/src/Illuminate/Pipeline/Pipeline.php(219): Illuminate\\Auth\\Middleware\\Authenticate->handle(Object(Illuminate\\Http\\Request), Object(Closure))
#29 /Applications/XAMPP/xamppfiles/htdocs/auth/vendor/laravel/framework/src/Illuminate/Foundation/Http/Middleware/VerifyCsrfToken.php(87): Illuminate\\Pipeline\\Pipeline->{closure:{closure:Illuminate\\Pipeline\\Pipeline::carry():194}:195}(Object(Illuminate\\Http\\Request))
#30 /Applications/XAMPP/xamppfiles/htdocs/auth/vendor/laravel/framework/src/Illuminate/Pipeline/Pipeline.php(219): Illuminate\\Foundation\\Http\\Middleware\\VerifyCsrfToken->handle(Object(Illuminate\\Http\\Request), Object(Closure))
#31 /Applications/XAMPP/xamppfiles/htdocs/auth/vendor/laravel/framework/src/Illuminate/View/Middleware/ShareErrorsFromSession.php(48): Illuminate\\Pipeline\\Pipeline->{closure:{closure:Illuminate\\Pipeline\\Pipeline::carry():194}:195}(Object(Illuminate\\Http\\Request))
#32 /Applications/XAMPP/xamppfiles/htdocs/auth/vendor/laravel/framework/src/Illuminate/Pipeline/Pipeline.php(219): Illuminate\\View\\Middleware\\ShareErrorsFromSession->handle(Object(Illuminate\\Http\\Request), Object(Closure))
#33 /Applications/XAMPP/xamppfiles/htdocs/auth/vendor/laravel/framework/src/Illuminate/Session/Middleware/StartSession.php(120): Illuminate\\Pipeline\\Pipeline->{closure:{closure:Illuminate\\Pipeline\\Pipeline::carry():194}:195}(Object(Illuminate\\Http\\Request))
#34 /Applications/XAMPP/xamppfiles/htdocs/auth/vendor/laravel/framework/src/Illuminate/Session/Middleware/StartSession.php(63): Illuminate\\Session\\Middleware\\StartSession->handleStatefulRequest(Object(Illuminate\\Http\\Request), Object(Illuminate\\Session\\Store), Object(Closure))
#35 /Applications/XAMPP/xamppfiles/htdocs/auth/vendor/laravel/framework/src/Illuminate/Pipeline/Pipeline.php(219): Illuminate\\Session\\Middleware\\StartSession->handle(Object(Illuminate\\Http\\Request), Object(Closure))
#36 /Applications/XAMPP/xamppfiles/htdocs/auth/vendor/laravel/framework/src/Illuminate/Cookie/Middleware/AddQueuedCookiesToResponse.php(36): Illuminate\\Pipeline\\Pipeline->{closure:{closure:Illuminate\\Pipeline\\Pipeline::carry():194}:195}(Object(Illuminate\\Http\\Request))
#37 /Applications/XAMPP/xamppfiles/htdocs/auth/vendor/laravel/framework/src/Illuminate/Pipeline/Pipeline.php(219): Illuminate\\Cookie\\Middleware\\AddQueuedCookiesToResponse->handle(Object(Illuminate\\Http\\Request), Object(Closure))
#38 /Applications/XAMPP/xamppfiles/htdocs/auth/vendor/laravel/framework/src/Illuminate/Cookie/Middleware/EncryptCookies.php(74): Illuminate\\Pipeline\\Pipeline->{closure:{closure:Illuminate\\Pipeline\\Pipeline::carry():194}:195}(Object(Illuminate\\Http\\Request))
#39 /Applications/XAMPP/xamppfiles/htdocs/auth/vendor/laravel/framework/src/Illuminate/Pipeline/Pipeline.php(219): Illuminate\\Cookie\\Middleware\\EncryptCookies->handle(Object(Illuminate\\Http\\Request), Object(Closure))
#40 /Applications/XAMPP/xamppfiles/htdocs/auth/vendor/laravel/framework/src/Illuminate/Pipeline/Pipeline.php(137): Illuminate\\Pipeline\\Pipeline->{closure:{closure:Illuminate\\Pipeline\\Pipeline::carry():194}:195}(Object(Illuminate\\Http\\Request))
#41 /Applications/XAMPP/xamppfiles/htdocs/auth/vendor/laravel/framework/src/Illuminate/Routing/Router.php(821): Illuminate\\Pipeline\\Pipeline->then(Object(Closure))
#42 /Applications/XAMPP/xamppfiles/htdocs/auth/vendor/laravel/framework/src/Illuminate/Routing/Router.php(800): Illuminate\\Routing\\Router->runRouteWithinStack(Object(Illuminate\\Routing\\Route), Object(Illuminate\\Http\\Request))
#43 /Applications/XAMPP/xamppfiles/htdocs/auth/vendor/laravel/framework/src/Illuminate/Routing/Router.php(764): Illuminate\\Routing\\Router->runRoute(Object(Illuminate\\Http\\Request), Object(Illuminate\\Routing\\Route))
#44 /Applications/XAMPP/xamppfiles/htdocs/auth/vendor/laravel/framework/src/Illuminate/Routing/Router.php(753): Illuminate\\Routing\\Router->dispatchToRoute(Object(Illuminate\\Http\\Request))
#45 /Applications/XAMPP/xamppfiles/htdocs/auth/vendor/laravel/framework/src/Illuminate/Foundation/Http/Kernel.php(200): Illuminate\\Routing\\Router->dispatch(Object(Illuminate\\Http\\Request))
#46 /Applications/XAMPP/xamppfiles/htdocs/auth/vendor/laravel/framework/src/Illuminate/Pipeline/Pipeline.php(180): Illuminate\\Foundation\\Http\\Kernel->{closure:Illuminate\\Foundation\\Http\\Kernel::dispatchToRouter():197}(Object(Illuminate\\Http\\Request))
#47 /Applications/XAMPP/xamppfiles/htdocs/auth/vendor/laravel/framework/src/Illuminate/Foundation/Http/Middleware/TransformsRequest.php(21): Illuminate\\Pipeline\\Pipeline->{closure:Illuminate\\Pipeline\\Pipeline::prepareDestination():178}(Object(Illuminate\\Http\\Request))
#48 /Applications/XAMPP/xamppfiles/htdocs/auth/vendor/laravel/framework/src/Illuminate/Foundation/Http/Middleware/ConvertEmptyStringsToNull.php(31): Illuminate\\Foundation\\Http\\Middleware\\TransformsRequest->handle(Object(Illuminate\\Http\\Request), Object(Closure))
#49 /Applications/XAMPP/xamppfiles/htdocs/auth/vendor/laravel/framework/src/Illuminate/Pipeline/Pipeline.php(219): Illuminate\\Foundation\\Http\\Middleware\\ConvertEmptyStringsToNull->handle(Object(Illuminate\\Http\\Request), Object(Closure))
#50 /Applications/XAMPP/xamppfiles/htdocs/auth/vendor/laravel/framework/src/Illuminate/Foundation/Http/Middleware/TransformsRequest.php(21): Illuminate\\Pipeline\\Pipeline->{closure:{closure:Illuminate\\Pipeline\\Pipeline::carry():194}:195}(Object(Illuminate\\Http\\Request))
#51 /Applications/XAMPP/xamppfiles/htdocs/auth/vendor/laravel/framework/src/Illuminate/Foundation/Http/Middleware/TrimStrings.php(51): Illuminate\\Foundation\\Http\\Middleware\\TransformsRequest->handle(Object(Illuminate\\Http\\Request), Object(Closure))
#52 /Applications/XAMPP/xamppfiles/htdocs/auth/vendor/laravel/framework/src/Illuminate/Pipeline/Pipeline.php(219): Illuminate\\Foundation\\Http\\Middleware\\TrimStrings->handle(Object(Illuminate\\Http\\Request), Object(Closure))
#53 /Applications/XAMPP/xamppfiles/htdocs/auth/vendor/laravel/framework/src/Illuminate/Http/Middleware/ValidatePostSize.php(27): Illuminate\\Pipeline\\Pipeline->{closure:{closure:Illuminate\\Pipeline\\Pipeline::carry():194}:195}(Object(Illuminate\\Http\\Request))
#54 /Applications/XAMPP/xamppfiles/htdocs/auth/vendor/laravel/framework/src/Illuminate/Pipeline/Pipeline.php(219): Illuminate\\Http\\Middleware\\ValidatePostSize->handle(Object(Illuminate\\Http\\Request), Object(Closure))
#55 /Applications/XAMPP/xamppfiles/htdocs/auth/vendor/laravel/framework/src/Illuminate/Foundation/Http/Middleware/PreventRequestsDuringMaintenance.php(109): Illuminate\\Pipeline\\Pipeline->{closure:{closure:Illuminate\\Pipeline\\Pipeline::carry():194}:195}(Object(Illuminate\\Http\\Request))
#56 /Applications/XAMPP/xamppfiles/htdocs/auth/vendor/laravel/framework/src/Illuminate/Pipeline/Pipeline.php(219): Illuminate\\Foundation\\Http\\Middleware\\PreventRequestsDuringMaintenance->handle(Object(Illuminate\\Http\\Request), Object(Closure))
#57 /Applications/XAMPP/xamppfiles/htdocs/auth/vendor/laravel/framework/src/Illuminate/Http/Middleware/HandleCors.php(61): Illuminate\\Pipeline\\Pipeline->{closure:{closure:Illuminate\\Pipeline\\Pipeline::carry():194}:195}(Object(Illuminate\\Http\\Request))
#58 /Applications/XAMPP/xamppfiles/htdocs/auth/vendor/laravel/framework/src/Illuminate/Pipeline/Pipeline.php(219): Illuminate\\Http\\Middleware\\HandleCors->handle(Object(Illuminate\\Http\\Request), Object(Closure))
#59 /Applications/XAMPP/xamppfiles/htdocs/auth/vendor/laravel/framework/src/Illuminate/Http/Middleware/TrustProxies.php(58): Illuminate\\Pipeline\\Pipeline->{closure:{closure:Illuminate\\Pipeline\\Pipeline::carry():194}:195}(Object(Illuminate\\Http\\Request))
#60 /Applications/XAMPP/xamppfiles/htdocs/auth/vendor/laravel/framework/src/Illuminate/Pipeline/Pipeline.php(219): Illuminate\\Http\\Middleware\\TrustProxies->handle(Object(Illuminate\\Http\\Request), Object(Closure))
#61 /Applications/XAMPP/xamppfiles/htdocs/auth/vendor/laravel/framework/src/Illuminate/Foundation/Http/Middleware/InvokeDeferredCallbacks.php(22): Illuminate\\Pipeline\\Pipeline->{closure:{closure:Illuminate\\Pipeline\\Pipeline::carry():194}:195}(Object(Illuminate\\Http\\Request))
#62 /Applications/XAMPP/xamppfiles/htdocs/auth/vendor/laravel/framework/src/Illuminate/Pipeline/Pipeline.php(219): Illuminate\\Foundation\\Http\\Middleware\\InvokeDeferredCallbacks->handle(Object(Illuminate\\Http\\Request), Object(Closure))
#63 /Applications/XAMPP/xamppfiles/htdocs/auth/vendor/laravel/framework/src/Illuminate/Http/Middleware/ValidatePathEncoding.php(26): Illuminate\\Pipeline\\Pipeline->{closure:{closure:Illuminate\\Pipeline\\Pipeline::carry():194}:195}(Object(Illuminate\\Http\\Request))
#64 /Applications/XAMPP/xamppfiles/htdocs/auth/vendor/laravel/framework/src/Illuminate/Pipeline/Pipeline.php(219): Illuminate\\Http\\Middleware\\ValidatePathEncoding->handle(Object(Illuminate\\Http\\Request), Object(Closure))
#65 /Applications/XAMPP/xamppfiles/htdocs/auth/vendor/laravel/framework/src/Illuminate/Pipeline/Pipeline.php(137): Illuminate\\Pipeline\\Pipeline->{closure:{closure:Illuminate\\Pipeline\\Pipeline::carry():194}:195}(Object(Illuminate\\Http\\Request))
#66 /Applications/XAMPP/xamppfiles/htdocs/auth/vendor/laravel/framework/src/Illuminate/Foundation/Http/Kernel.php(175): Illuminate\\Pipeline\\Pipeline->then(Object(Closure))
#67 /Applications/XAMPP/xamppfiles/htdocs/auth/vendor/laravel/framework/src/Illuminate/Foundation/Http/Kernel.php(144): Illuminate\\Foundation\\Http\\Kernel->sendRequestThroughRouter(Object(Illuminate\\Http\\Request))
#68 /Applications/XAMPP/xamppfiles/htdocs/auth/vendor/laravel/framework/src/Illuminate/Foundation/Application.php(1220): Illuminate\\Foundation\\Http\\Kernel->handle(Object(Illuminate\\Http\\Request))
#69 /Applications/XAMPP/xamppfiles/htdocs/auth/public/index.php(20): Illuminate\\Foundation\\Application->handleRequest(Object(Illuminate\\Http\\Request))
#70 /Applications/XAMPP/xamppfiles/htdocs/auth/vendor/laravel/framework/src/Illuminate/Foundation/resources/server.php(23): require_once('/Applications/X...')
#71 {main}
"} 
[2026-02-05 20:35:58] local.ERROR: Undefined property: Illuminate\View\Factory::$yieldContent (View: /Applications/XAMPP/xamppfiles/htdocs/auth/resources/views/layouts/app-with-sidebar.blade.php) (View: /Applications/XAMPP/xamppfiles/htdocs/auth/resources/views/layouts/app-with-sidebar.blade.php) {"userId":2,"exception":"[object] (Illuminate\\View\\ViewException(code: 0): Undefined property: Illuminate\\View\\Factory::$yieldContent (View: /Applications/XAMPP/xamppfiles/htdocs/auth/resources/views/layouts/app-with-sidebar.blade.php) (View: /Applications/XAMPP/xamppfiles/htdocs/auth/resources/views/layouts/app-with-sidebar.blade.php) at /Applications/XAMPP/xamppfiles/htdocs/auth/storage/framework/views/cc32ad9994275dd3729de2fd4454ba58.php:8)
[stacktrace]
#0 /Applications/XAMPP/xamppfiles/htdocs/auth/vendor/laravel/framework/src/Illuminate/View/Engines/PhpEngine.php(59): Illuminate\\View\\Engines\\CompilerEngine->handleViewException(Object(Illuminate\\View\\ViewException), 1)
#1 /Applications/XAMPP/xamppfiles/htdocs/auth/vendor/laravel/framework/src/Illuminate/View/Engines/CompilerEngine.php(76): Illuminate\\View\\Engines\\PhpEngine->evaluatePath('/Applications/X...', Array)
#2 /Applications/XAMPP/xamppfiles/htdocs/auth/vendor/laravel/framework/src/Illuminate/View/View.php(208): Illuminate\\View\\Engines\\CompilerEngine->get('/Applications/X...', Array)
#3 /Applications/XAMPP/xamppfiles/htdocs/auth/vendor/laravel/framework/src/Illuminate/View/View.php(191): Illuminate\\View\\View->getContents()
#4 /Applications/XAMPP/xamppfiles/htdocs/auth/vendor/laravel/framework/src/Illuminate/View/View.php(160): Illuminate\\View\\View->renderContents()
#5 /Applications/XAMPP/xamppfiles/htdocs/auth/vendor/laravel/framework/src/Illuminate/Http/Response.php(78): Illuminate\\View\\View->render()
#6 /Applications/XAMPP/xamppfiles/htdocs/auth/vendor/laravel/framework/src/Illuminate/Http/Response.php(34): Illuminate\\Http\\Response->setContent(Object(Illuminate\\View\\View))
#7 /Applications/XAMPP/xamppfiles/htdocs/auth/vendor/laravel/framework/src/Illuminate/Routing/Router.php(939): Illuminate\\Http\\Response->__construct(Object(Illuminate\\View\\View), 200, Array)
#8 /Applications/XAMPP/xamppfiles/htdocs/auth/vendor/laravel/framework/src/Illuminate/Routing/Router.php(906): Illuminate\\Routing\\Router::toResponse(Object(Illuminate\\Http\\Request), Object(Illuminate\\View\\View))
#9 /Applications/XAMPP/xamppfiles/htdocs/auth/vendor/laravel/framework/src/Illuminate/Routing/Router.php(821): Illuminate\\Routing\\Router->prepareResponse(Object(Illuminate\\Http\\Request), Object(Illuminate\\View\\View))
#10 /Applications/XAMPP/xamppfiles/htdocs/auth/vendor/laravel/framework/src/Illuminate/Pipeline/Pipeline.php(180): Illuminate\\Routing\\Router->{closure:Illuminate\\Routing\\Router::runRouteWithinStack():821}(Object(Illuminate\\Http\\Request))
#11 /Applications/XAMPP/xamppfiles/htdocs/auth/app/Http/Middleware/CheckAccountStatus.php(24): Illuminate\\Pipeline\\Pipeline->{closure:Illuminate\\Pipeline\\Pipeline::prepareDestination():178}(Object(Illuminate\\Http\\Request))
#12 /Applications/XAMPP/xamppfiles/htdocs/auth/vendor/laravel/framework/src/Illuminate/Pipeline/Pipeline.php(219): App\\Http\\Middleware\\CheckAccountStatus->handle(Object(Illuminate\\Http\\Request), Object(Closure))
#13 /Applications/XAMPP/xamppfiles/htdocs/auth/vendor/laravel/framework/src/Illuminate/Routing/Middleware/SubstituteBindings.php(50): Illuminate\\Pipeline\\Pipeline->{closure:{closure:Illuminate\\Pipeline\\Pipeline::carry():194}:195}(Object(Illuminate\\Http\\Request))
#14 /Applications/XAMPP/xamppfiles/htdocs/auth/vendor/laravel/framework/src/Illuminate/Pipeline/Pipeline.php(219): Illuminate\\Routing\\Middleware\\SubstituteBindings->handle(Object(Illuminate\\Http\\Request), Object(Closure))
#15 /Applications/XAMPP/xamppfiles/htdocs/auth/vendor/laravel/framework/src/Illuminate/Auth/Middleware/Authenticate.php(63): Illuminate\\Pipeline\\Pipeline->{closure:{closure:Illuminate\\Pipeline\\Pipeline::carry():194}:195}(Object(Illuminate\\Http\\Request))
#16 /Applications/XAMPP/xamppfiles/htdocs/auth/vendor/laravel/framework/src/Illuminate/Pipeline/Pipeline.php(219): Illuminate\\Auth\\Middleware\\Authenticate->handle(Object(Illuminate\\Http\\Request), Object(Closure))
#17 /Applications/XAMPP/xamppfiles/htdocs/auth/vendor/laravel/framework/src/Illuminate/Foundation/Http/Middleware/VerifyCsrfToken.php(87): Illuminate\\Pipeline\\Pipeline->{closure:{closure:Illuminate\\Pipeline\\Pipeline::carry():194}:195}(Object(Illuminate\\Http\\Request))
#18 /Applications/XAMPP/xamppfiles/htdocs/auth/vendor/laravel/framework/src/Illuminate/Pipeline/Pipeline.php(219): Illuminate\\Foundation\\Http\\Middleware\\VerifyCsrfToken->handle(Object(Illuminate\\Http\\Request), Object(Closure))
#19 /Applications/XAMPP/xamppfiles/htdocs/auth/vendor/laravel/framework/src/Illuminate/View/Middleware/ShareErrorsFromSession.php(48): Illuminate\\Pipeline\\Pipeline->{closure:{closure:Illuminate\\Pipeline\\Pipeline::carry():194}:195}(Object(Illuminate\\Http\\Request))
#20 /Applications/XAMPP/xamppfiles/htdocs/auth/vendor/laravel/framework/src/Illuminate/Pipeline/Pipeline.php(219): Illuminate\\View\\Middleware\\ShareErrorsFromSession->handle(Object(Illuminate\\Http\\Request), Object(Closure))
#21 /Applications/XAMPP/xamppfiles/htdocs/auth/vendor/laravel/framework/src/Illuminate/Session/Middleware/StartSession.php(120): Illuminate\\Pipeline\\Pipeline->{closure:{closure:Illuminate\\Pipeline\\Pipeline::carry():194}:195}(Object(Illuminate\\Http\\Request))
#22 /Applications/XAMPP/xamppfiles/htdocs/auth/vendor/laravel/framework/src/Illuminate/Session/Middleware/StartSession.php(63): Illuminate\\Session\\Middleware\\StartSession->handleStatefulRequest(Object(Illuminate\\Http\\Request), Object(Illuminate\\Session\\Store), Object(Closure))
#23 /Applications/XAMPP/xamppfiles/htdocs/auth/vendor/laravel/framework/src/Illuminate/Pipeline/Pipeline.php(219): Illuminate\\Session\\Middleware\\StartSession->handle(Object(Illuminate\\Http\\Request), Object(Closure))
#24 /Applications/XAMPP/xamppfiles/htdocs/auth/vendor/laravel/framework/src/Illuminate/Cookie/Middleware/AddQueuedCookiesToResponse.php(36): Illuminate\\Pipeline\\Pipeline->{closure:{closure:Illuminate\\Pipeline\\Pipeline::carry():194}:195}(Object(Illuminate\\Http\\Request))
#25 /Applications/XAMPP/xamppfiles/htdocs/auth/vendor/laravel/framework/src/Illuminate/Pipeline/Pipeline.php(219): Illuminate\\Cookie\\Middleware\\AddQueuedCookiesToResponse->handle(Object(Illuminate\\Http\\Request), Object(Closure))
#26 /Applications/XAMPP/xamppfiles/htdocs/auth/vendor/laravel/framework/src/Illuminate/Cookie/Middleware/EncryptCookies.php(74): Illuminate\\Pipeline\\Pipeline->{closure:{closure:Illuminate\\Pipeline\\Pipeline::carry():194}:195}(Object(Illuminate\\Http\\Request))
#27 /Applications/XAMPP/xamppfiles/htdocs/auth/vendor/laravel/framework/src/Illuminate/Pipeline/Pipeline.php(219): Illuminate\\Cookie\\Middleware\\EncryptCookies->handle(Object(Illuminate\\Http\\Request), Object(Closure))
#28 /Applications/XAMPP/xamppfiles/htdocs/auth/vendor/laravel/framework/src/Illuminate/Pipeline/Pipeline.php(137): Illuminate\\Pipeline\\Pipeline->{closure:{closure:Illuminate\\Pipeline\\Pipeline::carry():194}:195}(Object(Illuminate\\Http\\Request))
#29 /Applications/XAMPP/xamppfiles/htdocs/auth/vendor/laravel/framework/src/Illuminate/Routing/Router.php(821): Illuminate\\Pipeline\\Pipeline->then(Object(Closure))
#30 /Applications/XAMPP/xamppfiles/htdocs/auth/vendor/laravel/framework/src/Illuminate/Routing/Router.php(800): Illuminate\\Routing\\Router->runRouteWithinStack(Object(Illuminate\\Routing\\Route), Object(Illuminate\\Http\\Request))
#31 /Applications/XAMPP/xamppfiles/htdocs/auth/vendor/laravel/framework/src/Illuminate/Routing/Router.php(764): Illuminate\\Routing\\Router->runRoute(Object(Illuminate\\Http\\Request), Object(Illuminate\\Routing\\Route))
#32 /Applications/XAMPP/xamppfiles/htdocs/auth/vendor/laravel/framework/src/Illuminate/Routing/Router.php(753): Illuminate\\Routing\\Router->dispatchToRoute(Object(Illuminate\\Http\\Request))
#33 /Applications/XAMPP/xamppfiles/htdocs/auth/vendor/laravel/framework/src/Illuminate/Foundation/Http/Kernel.php(200): Illuminate\\Routing\\Router->dispatch(Object(Illuminate\\Http\\Request))
#34 /Applications/XAMPP/xamppfiles/htdocs/auth/vendor/laravel/framework/src/Illuminate/Pipeline/Pipeline.php(180): Illuminate\\Foundation\\Http\\Kernel->{closure:Illuminate\\Foundation\\Http\\Kernel::dispatchToRouter():197}(Object(Illuminate\\Http\\Request))
#35 /Applications/XAMPP/xamppfiles/htdocs/auth/vendor/laravel/framework/src/Illuminate/Foundation/Http/Middleware/TransformsRequest.php(21): Illuminate\\Pipeline\\Pipeline->{closure:Illuminate\\Pipeline\\Pipeline::prepareDestination():178}(Object(Illuminate\\Http\\Request))
#36 /Applications/XAMPP/xamppfiles/htdocs/auth/vendor/laravel/framework/src/Illuminate/Foundation/Http/Middleware/ConvertEmptyStringsToNull.php(31): Illuminate\\Foundation\\Http\\Middleware\\TransformsRequest->handle(Object(Illuminate\\Http\\Request), Object(Closure))
#37 /Applications/XAMPP/xamppfiles/htdocs/auth/vendor/laravel/framework/src/Illuminate/Pipeline/Pipeline.php(219): Illuminate\\Foundation\\Http\\Middleware\\ConvertEmptyStringsToNull->handle(Object(Illuminate\\Http\\Request), Object(Closure))
#38 /Applications/XAMPP/xamppfiles/htdocs/auth/vendor/laravel/framework/src/Illuminate/Foundation/Http/Middleware/TransformsRequest.php(21): Illuminate\\Pipeline\\Pipeline->{closure:{closure:Illuminate\\Pipeline\\Pipeline::carry():194}:195}(Object(Illuminate\\Http\\Request))
#39 /Applications/XAMPP/xamppfiles/htdocs/auth/vendor/laravel/framework/src/Illuminate/Foundation/Http/Middleware/TrimStrings.php(51): Illuminate\\Foundation\\Http\\Middleware\\TransformsRequest->handle(Object(Illuminate\\Http\\Request), Object(Closure))
#40 /Applications/XAMPP/xamppfiles/htdocs/auth/vendor/laravel/framework/src/Illuminate/Pipeline/Pipeline.php(219): Illuminate\\Foundation\\Http\\Middleware\\TrimStrings->handle(Object(Illuminate\\Http\\Request), Object(Closure))
#41 /Applications/XAMPP/xamppfiles/htdocs/auth/vendor/laravel/framework/src/Illuminate/Http/Middleware/ValidatePostSize.php(27): Illuminate\\Pipeline\\Pipeline->{closure:{closure:Illuminate\\Pipeline\\Pipeline::carry():194}:195}(Object(Illuminate\\Http\\Request))
#42 /Applications/XAMPP/xamppfiles/htdocs/auth/vendor/laravel/framework/src/Illuminate/Pipeline/Pipeline.php(219): Illuminate\\Http\\Middleware\\ValidatePostSize->handle(Object(Illuminate\\Http\\Request), Object(Closure))
#43 /Applications/XAMPP/xamppfiles/htdocs/auth/vendor/laravel/framework/src/Illuminate/Foundation/Http/Middleware/PreventRequestsDuringMaintenance.php(109): Illuminate\\Pipeline\\Pipeline->{closure:{closure:Illuminate\\Pipeline\\Pipeline::carry():194}:195}(Object(Illuminate\\Http\\Request))
#44 /Applications/XAMPP/xamppfiles/htdocs/auth/vendor/laravel/framework/src/Illuminate/Pipeline/Pipeline.php(219): Illuminate\\Foundation\\Http\\Middleware\\PreventRequestsDuringMaintenance->handle(Object(Illuminate\\Http\\Request), Object(Closure))
#45 /Applications/XAMPP/xamppfiles/htdocs/auth/vendor/laravel/framework/src/Illuminate/Http/Middleware/HandleCors.php(61): Illuminate\\Pipeline\\Pipeline->{closure:{closure:Illuminate\\Pipeline\\Pipeline::carry():194}:195}(Object(Illuminate\\Http\\Request))
#46 /Applications/XAMPP/xamppfiles/htdocs/auth/vendor/laravel/framework/src/Illuminate/Pipeline/Pipeline.php(219): Illuminate\\Http\\Middleware\\HandleCors->handle(Object(Illuminate\\Http\\Request), Object(Closure))
#47 /Applications/XAMPP/xamppfiles/htdocs/auth/vendor/laravel/framework/src/Illuminate/Http/Middleware/TrustProxies.php(58): Illuminate\\Pipeline\\Pipeline->{closure:{closure:Illuminate\\Pipeline\\Pipeline::carry():194}:195}(Object(Illuminate\\Http\\Request))
#48 /Applications/XAMPP/xamppfiles/htdocs/auth/vendor/laravel/framework/src/Illuminate/Pipeline/Pipeline.php(219): Illuminate\\Http\\Middleware\\TrustProxies->handle(Object(Illuminate\\Http\\Request), Object(Closure))
#49 /Applications/XAMPP/xamppfiles/htdocs/auth/vendor/laravel/framework/src/Illuminate/Foundation/Http/Middleware/InvokeDeferredCallbacks.php(22): Illuminate\\Pipeline\\Pipeline->{closure:{closure:Illuminate\\Pipeline\\Pipeline::carry():194}:195}(Object(Illuminate\\Http\\Request))
#50 /Applications/XAMPP/xamppfiles/htdocs/auth/vendor/laravel/framework/src/Illuminate/Pipeline/Pipeline.php(219): Illuminate\\Foundation\\Http\\Middleware\\InvokeDeferredCallbacks->handle(Object(Illuminate\\Http\\Request), Object(Closure))
#51 /Applications/XAMPP/xamppfiles/htdocs/auth/vendor/laravel/framework/src/Illuminate/Http/Middleware/ValidatePathEncoding.php(26): Illuminate\\Pipeline\\Pipeline->{closure:{closure:Illuminate\\Pipeline\\Pipeline::carry():194}:195}(Object(Illuminate\\Http\\Request))
#52 /Applications/XAMPP/xamppfiles/htdocs/auth/vendor/laravel/framework/src/Illuminate/Pipeline/Pipeline.php(219): Illuminate\\Http\\Middleware\\ValidatePathEncoding->handle(Object(Illuminate\\Http\\Request), Object(Closure))
#53 /Applications/XAMPP/xamppfiles/htdocs/auth/vendor/laravel/framework/src/Illuminate/Pipeline/Pipeline.php(137): Illuminate\\Pipeline\\Pipeline->{closure:{closure:Illuminate\\Pipeline\\Pipeline::carry():194}:195}(Object(Illuminate\\Http\\Request))
#54 /Applications/XAMPP/xamppfiles/htdocs/auth/vendor/laravel/framework/src/Illuminate/Foundation/Http/Kernel.php(175): Illuminate\\Pipeline\\Pipeline->then(Object(Closure))
#55 /Applications/XAMPP/xamppfiles/htdocs/auth/vendor/laravel/framework/src/Illuminate/Foundation/Http/Kernel.php(144): Illuminate\\Foundation\\Http\\Kernel->sendRequestThroughRouter(Object(Illuminate\\Http\\Request))
#56 /Applications/XAMPP/xamppfiles/htdocs/auth/vendor/laravel/framework/src/Illuminate/Foundation/Application.php(1220): Illuminate\\Foundation\\Http\\Kernel->handle(Object(Illuminate\\Http\\Request))
#57 /Applications/XAMPP/xamppfiles/htdocs/auth/public/index.php(20): Illuminate\\Foundation\\Application->handleRequest(Object(Illuminate\\Http\\Request))
#58 /Applications/XAMPP/xamppfiles/htdocs/auth/vendor/laravel/framework/src/Illuminate/Foundation/resources/server.php(23): require_once('/Applications/X...')
#59 {main}

[previous exception] [object] (Illuminate\\View\\ViewException(code: 0): Undefined property: Illuminate\\View\\Factory::$yieldContent (View: /Applications/XAMPP/xamppfiles/htdocs/auth/resources/views/layouts/app-with-sidebar.blade.php) at /Applications/XAMPP/xamppfiles/htdocs/auth/storage/framework/views/cc32ad9994275dd3729de2fd4454ba58.php:8)
[stacktrace]
#0 /Applications/XAMPP/xamppfiles/htdocs/auth/vendor/laravel/framework/src/Illuminate/View/Engines/PhpEngine.php(59): Illuminate\\View\\Engines\\CompilerEngine->handleViewException(Object(ErrorException), 2)
#1 /Applications/XAMPP/xamppfiles/htdocs/auth/vendor/laravel/framework/src/Illuminate/View/Engines/CompilerEngine.php(76): Illuminate\\View\\Engines\\PhpEngine->evaluatePath('/Applications/X...', Array)
#2 /Applications/XAMPP/xamppfiles/htdocs/auth/vendor/laravel/framework/src/Illuminate/View/View.php(208): Illuminate\\View\\Engines\\CompilerEngine->get('/Applications/X...', Array)
#3 /Applications/XAMPP/xamppfiles/htdocs/auth/vendor/laravel/framework/src/Illuminate/View/View.php(191): Illuminate\\View\\View->getContents()
#4 /Applications/XAMPP/xamppfiles/htdocs/auth/vendor/laravel/framework/src/Illuminate/View/View.php(160): Illuminate\\View\\View->renderContents()
#5 /Applications/XAMPP/xamppfiles/htdocs/auth/storage/framework/views/01a1411fc404a0a38ee0c2b420622d4f.php(272): Illuminate\\View\\View->render()
#6 /Applications/XAMPP/xamppfiles/htdocs/auth/vendor/laravel/framework/src/Illuminate/Filesystem/Filesystem.php(123): require('/Applications/X...')
#7 /Applications/XAMPP/xamppfiles/htdocs/auth/vendor/laravel/framework/src/Illuminate/Filesystem/Filesystem.php(124): Illuminate\\Filesystem\\Filesystem::{closure:Illuminate\\Filesystem\\Filesystem::getRequire():120}()
#8 /Applications/XAMPP/xamppfiles/htdocs/auth/vendor/laravel/framework/src/Illuminate/View/Engines/PhpEngine.php(57): Illuminate\\Filesystem\\Filesystem->getRequire('/Applications/X...', Array)
#9 /Applications/XAMPP/xamppfiles/htdocs/auth/vendor/laravel/framework/src/Illuminate/View/Engines/CompilerEngine.php(76): Illuminate\\View\\Engines\\PhpEngine->evaluatePath('/Applications/X...', Array)
#10 /Applications/XAMPP/xamppfiles/htdocs/auth/vendor/laravel/framework/src/Illuminate/View/View.php(208): Illuminate\\View\\Engines\\CompilerEngine->get('/Applications/X...', Array)
#11 /Applications/XAMPP/xamppfiles/htdocs/auth/vendor/laravel/framework/src/Illuminate/View/View.php(191): Illuminate\\View\\View->getContents()
#12 /Applications/XAMPP/xamppfiles/htdocs/auth/vendor/laravel/framework/src/Illuminate/View/View.php(160): Illuminate\\View\\View->renderContents()
#13 /Applications/XAMPP/xamppfiles/htdocs/auth/vendor/laravel/framework/src/Illuminate/Http/Response.php(78): Illuminate\\View\\View->render()
#14 /Applications/XAMPP/xamppfiles/htdocs/auth/vendor/laravel/framework/src/Illuminate/Http/Response.php(34): Illuminate\\Http\\Response->setContent(Object(Illuminate\\View\\View))
#15 /Applications/XAMPP/xamppfiles/htdocs/auth/vendor/laravel/framework/src/Illuminate/Routing/Router.php(939): Illuminate\\Http\\Response->__construct(Object(Illuminate\\View\\View), 200, Array)
#16 /Applications/XAMPP/xamppfiles/htdocs/auth/vendor/laravel/framework/src/Illuminate/Routing/Router.php(906): Illuminate\\Routing\\Router::toResponse(Object(Illuminate\\Http\\Request), Object(Illuminate\\View\\View))
#17 /Applications/XAMPP/xamppfiles/htdocs/auth/vendor/laravel/framework/src/Illuminate/Routing/Router.php(821): Illuminate\\Routing\\Router->prepareResponse(Object(Illuminate\\Http\\Request), Object(Illuminate\\View\\View))
#18 /Applications/XAMPP/xamppfiles/htdocs/auth/vendor/laravel/framework/src/Illuminate/Pipeline/Pipeline.php(180): Illuminate\\Routing\\Router->{closure:Illuminate\\Routing\\Router::runRouteWithinStack():821}(Object(Illuminate\\Http\\Request))
#19 /Applications/XAMPP/xamppfiles/htdocs/auth/app/Http/Middleware/CheckAccountStatus.php(24): Illuminate\\Pipeline\\Pipeline->{closure:Illuminate\\Pipeline\\Pipeline::prepareDestination():178}(Object(Illuminate\\Http\\Request))
#20 /Applications/XAMPP/xamppfiles/htdocs/auth/vendor/laravel/framework/src/Illuminate/Pipeline/Pipeline.php(219): App\\Http\\Middleware\\CheckAccountStatus->handle(Object(Illuminate\\Http\\Request), Object(Closure))
#21 /Applications/XAMPP/xamppfiles/htdocs/auth/vendor/laravel/framework/src/Illuminate/Routing/Middleware/SubstituteBindings.php(50): Illuminate\\Pipeline\\Pipeline->{closure:{closure:Illuminate\\Pipeline\\Pipeline::carry():194}:195}(Object(Illuminate\\Http\\Request))
#22 /Applications/XAMPP/xamppfiles/htdocs/auth/vendor/laravel/framework/src/Illuminate/Pipeline/Pipeline.php(219): Illuminate\\Routing\\Middleware\\SubstituteBindings->handle(Object(Illuminate\\Http\\Request), Object(Closure))
#23 /Applications/XAMPP/xamppfiles/htdocs/auth/vendor/laravel/framework/src/Illuminate/Auth/Middleware/Authenticate.php(63): Illuminate\\Pipeline\\Pipeline->{closure:{closure:Illuminate\\Pipeline\\Pipeline::carry():194}:195}(Object(Illuminate\\Http\\Request))
#24 /Applications/XAMPP/xamppfiles/htdocs/auth/vendor/laravel/framework/src/Illuminate/Pipeline/Pipeline.php(219): Illuminate\\Auth\\Middleware\\Authenticate->handle(Object(Illuminate\\Http\\Request), Object(Closure))
#25 /Applications/XAMPP/xamppfiles/htdocs/auth/vendor/laravel/framework/src/Illuminate/Foundation/Http/Middleware/VerifyCsrfToken.php(87): Illuminate\\Pipeline\\Pipeline->{closure:{closure:Illuminate\\Pipeline\\Pipeline::carry():194}:195}(Object(Illuminate\\Http\\Request))
#26 /Applications/XAMPP/xamppfiles/htdocs/auth/vendor/laravel/framework/src/Illuminate/Pipeline/Pipeline.php(219): Illuminate\\Foundation\\Http\\Middleware\\VerifyCsrfToken->handle(Object(Illuminate\\Http\\Request), Object(Closure))
#27 /Applications/XAMPP/xamppfiles/htdocs/auth/vendor/laravel/framework/src/Illuminate/View/Middleware/ShareErrorsFromSession.php(48): Illuminate\\Pipeline\\Pipeline->{closure:{closure:Illuminate\\Pipeline\\Pipeline::carry():194}:195}(Object(Illuminate\\Http\\Request))
#28 /Applications/XAMPP/xamppfiles/htdocs/auth/vendor/laravel/framework/src/Illuminate/Pipeline/Pipeline.php(219): Illuminate\\View\\Middleware\\ShareErrorsFromSession->handle(Object(Illuminate\\Http\\Request), Object(Closure))
#29 /Applications/XAMPP/xamppfiles/htdocs/auth/vendor/laravel/framework/src/Illuminate/Session/Middleware/StartSession.php(120): Illuminate\\Pipeline\\Pipeline->{closure:{closure:Illuminate\\Pipeline\\Pipeline::carry():194}:195}(Object(Illuminate\\Http\\Request))
#30 /Applications/XAMPP/xamppfiles/htdocs/auth/vendor/laravel/framework/src/Illuminate/Session/Middleware/StartSession.php(63): Illuminate\\Session\\Middleware\\StartSession->handleStatefulRequest(Object(Illuminate\\Http\\Request), Object(Illuminate\\Session\\Store), Object(Closure))
#31 /Applications/XAMPP/xamppfiles/htdocs/auth/vendor/laravel/framework/src/Illuminate/Pipeline/Pipeline.php(219): Illuminate\\Session\\Middleware\\StartSession->handle(Object(Illuminate\\Http\\Request), Object(Closure))
#32 /Applications/XAMPP/xamppfiles/htdocs/auth/vendor/laravel/framework/src/Illuminate/Cookie/Middleware/AddQueuedCookiesToResponse.php(36): Illuminate\\Pipeline\\Pipeline->{closure:{closure:Illuminate\\Pipeline\\Pipeline::carry():194}:195}(Object(Illuminate\\Http\\Request))
#33 /Applications/XAMPP/xamppfiles/htdocs/auth/vendor/laravel/framework/src/Illuminate/Pipeline/Pipeline.php(219): Illuminate\\Cookie\\Middleware\\AddQueuedCookiesToResponse->handle(Object(Illuminate\\Http\\Request), Object(Closure))
#34 /Applications/XAMPP/xamppfiles/htdocs/auth/vendor/laravel/framework/src/Illuminate/Cookie/Middleware/EncryptCookies.php(74): Illuminate\\Pipeline\\Pipeline->{closure:{closure:Illuminate\\Pipeline\\Pipeline::carry():194}:195}(Object(Illuminate\\Http\\Request))
#35 /Applications/XAMPP/xamppfiles/htdocs/auth/vendor/laravel/framework/src/Illuminate/Pipeline/Pipeline.php(219): Illuminate\\Cookie\\Middleware\\EncryptCookies->handle(Object(Illuminate\\Http\\Request), Object(Closure))
#36 /Applications/XAMPP/xamppfiles/htdocs/auth/vendor/laravel/framework/src/Illuminate/Pipeline/Pipeline.php(137): Illuminate\\Pipeline\\Pipeline->{closure:{closure:Illuminate\\Pipeline\\Pipeline::carry():194}:195}(Object(Illuminate\\Http\\Request))
#37 /Applications/XAMPP/xamppfiles/htdocs/auth/vendor/laravel/framework/src/Illuminate/Routing/Router.php(821): Illuminate\\Pipeline\\Pipeline->then(Object(Closure))
#38 /Applications/XAMPP/xamppfiles/htdocs/auth/vendor/laravel/framework/src/Illuminate/Routing/Router.php(800): Illuminate\\Routing\\Router->runRouteWithinStack(Object(Illuminate\\Routing\\Route), Object(Illuminate\\Http\\Request))
#39 /Applications/XAMPP/xamppfiles/htdocs/auth/vendor/laravel/framework/src/Illuminate/Routing/Router.php(764): Illuminate\\Routing\\Router->runRoute(Object(Illuminate\\Http\\Request), Object(Illuminate\\Routing\\Route))
#40 /Applications/XAMPP/xamppfiles/htdocs/auth/vendor/laravel/framework/src/Illuminate/Routing/Router.php(753): Illuminate\\Routing\\Router->dispatchToRoute(Object(Illuminate\\Http\\Request))
#41 /Applications/XAMPP/xamppfiles/htdocs/auth/vendor/laravel/framework/src/Illuminate/Foundation/Http/Kernel.php(200): Illuminate\\Routing\\Router->dispatch(Object(Illuminate\\Http\\Request))
#42 /Applications/XAMPP/xamppfiles/htdocs/auth/vendor/laravel/framework/src/Illuminate/Pipeline/Pipeline.php(180): Illuminate\\Foundation\\Http\\Kernel->{closure:Illuminate\\Foundation\\Http\\Kernel::dispatchToRouter():197}(Object(Illuminate\\Http\\Request))
#43 /Applications/XAMPP/xamppfiles/htdocs/auth/vendor/laravel/framework/src/Illuminate/Foundation/Http/Middleware/TransformsRequest.php(21): Illuminate\\Pipeline\\Pipeline->{closure:Illuminate\\Pipeline\\Pipeline::prepareDestination():178}(Object(Illuminate\\Http\\Request))
#44 /Applications/XAMPP/xamppfiles/htdocs/auth/vendor/laravel/framework/src/Illuminate/Foundation/Http/Middleware/ConvertEmptyStringsToNull.php(31): Illuminate\\Foundation\\Http\\Middleware\\TransformsRequest->handle(Object(Illuminate\\Http\\Request), Object(Closure))
#45 /Applications/XAMPP/xamppfiles/htdocs/auth/vendor/laravel/framework/src/Illuminate/Pipeline/Pipeline.php(219): Illuminate\\Foundation\\Http\\Middleware\\ConvertEmptyStringsToNull->handle(Object(Illuminate\\Http\\Request), Object(Closure))
#46 /Applications/XAMPP/xamppfiles/htdocs/auth/vendor/laravel/framework/src/Illuminate/Foundation/Http/Middleware/TransformsRequest.php(21): Illuminate\\Pipeline\\Pipeline->{closure:{closure:Illuminate\\Pipeline\\Pipeline::carry():194}:195}(Object(Illuminate\\Http\\Request))
#47 /Applications/XAMPP/xamppfiles/htdocs/auth/vendor/laravel/framework/src/Illuminate/Foundation/Http/Middleware/TrimStrings.php(51): Illuminate\\Foundation\\Http\\Middleware\\TransformsRequest->handle(Object(Illuminate\\Http\\Request), Object(Closure))
#48 /Applications/XAMPP/xamppfiles/htdocs/auth/vendor/laravel/framework/src/Illuminate/Pipeline/Pipeline.php(219): Illuminate\\Foundation\\Http\\Middleware\\TrimStrings->handle(Object(Illuminate\\Http\\Request), Object(Closure))
#49 /Applications/XAMPP/xamppfiles/htdocs/auth/vendor/laravel/framework/src/Illuminate/Http/Middleware/ValidatePostSize.php(27): Illuminate\\Pipeline\\Pipeline->{closure:{closure:Illuminate\\Pipeline\\Pipeline::carry():194}:195}(Object(Illuminate\\Http\\Request))
#50 /Applications/XAMPP/xamppfiles/htdocs/auth/vendor/laravel/framework/src/Illuminate/Pipeline/Pipeline.php(219): Illuminate\\Http\\Middleware\\ValidatePostSize->handle(Object(Illuminate\\Http\\Request), Object(Closure))
#51 /Applications/XAMPP/xamppfiles/htdocs/auth/vendor/laravel/framework/src/Illuminate/Foundation/Http/Middleware/PreventRequestsDuringMaintenance.php(109): Illuminate\\Pipeline\\Pipeline->{closure:{closure:Illuminate\\Pipeline\\Pipeline::carry():194}:195}(Object(Illuminate\\Http\\Request))
#52 /Applications/XAMPP/xamppfiles/htdocs/auth/vendor/laravel/framework/src/Illuminate/Pipeline/Pipeline.php(219): Illuminate\\Foundation\\Http\\Middleware\\PreventRequestsDuringMaintenance->handle(Object(Illuminate\\Http\\Request), Object(Closure))
#53 /Applications/XAMPP/xamppfiles/htdocs/auth/vendor/laravel/framework/src/Illuminate/Http/Middleware/HandleCors.php(61): Illuminate\\Pipeline\\Pipeline->{closure:{closure:Illuminate\\Pipeline\\Pipeline::carry():194}:195}(Object(Illuminate\\Http\\Request))
#54 /Applications/XAMPP/xamppfiles/htdocs/auth/vendor/laravel/framework/src/Illuminate/Pipeline/Pipeline.php(219): Illuminate\\Http\\Middleware\\HandleCors->handle(Object(Illuminate\\Http\\Request), Object(Closure))
#55 /Applications/XAMPP/xamppfiles/htdocs/auth/vendor/laravel/framework/src/Illuminate/Http/Middleware/TrustProxies.php(58): Illuminate\\Pipeline\\Pipeline->{closure:{closure:Illuminate\\Pipeline\\Pipeline::carry():194}:195}(Object(Illuminate\\Http\\Request))
#56 /Applications/XAMPP/xamppfiles/htdocs/auth/vendor/laravel/framework/src/Illuminate/Pipeline/Pipeline.php(219): Illuminate\\Http\\Middleware\\TrustProxies->handle(Object(Illuminate\\Http\\Request), Object(Closure))
#57 /Applications/XAMPP/xamppfiles/htdocs/auth/vendor/laravel/framework/src/Illuminate/Foundation/Http/Middleware/InvokeDeferredCallbacks.php(22): Illuminate\\Pipeline\\Pipeline->{closure:{closure:Illuminate\\Pipeline\\Pipeline::carry():194}:195}(Object(Illuminate\\Http\\Request))
#58 /Applications/XAMPP/xamppfiles/htdocs/auth/vendor/laravel/framework/src/Illuminate/Pipeline/Pipeline.php(219): Illuminate\\Foundation\\Http\\Middleware\\InvokeDeferredCallbacks->handle(Object(Illuminate\\Http\\Request), Object(Closure))
#59 /Applications/XAMPP/xamppfiles/htdocs/auth/vendor/laravel/framework/src/Illuminate/Http/Middleware/ValidatePathEncoding.php(26): Illuminate\\Pipeline\\Pipeline->{closure:{closure:Illuminate\\Pipeline\\Pipeline::carry():194}:195}(Object(Illuminate\\Http\\Request))
#60 /Applications/XAMPP/xamppfiles/htdocs/auth/vendor/laravel/framework/src/Illuminate/Pipeline/Pipeline.php(219): Illuminate\\Http\\Middleware\\ValidatePathEncoding->handle(Object(Illuminate\\Http\\Request), Object(Closure))
#61 /Applications/XAMPP/xamppfiles/htdocs/auth/vendor/laravel/framework/src/Illuminate/Pipeline/Pipeline.php(137): Illuminate\\Pipeline\\Pipeline->{closure:{closure:Illuminate\\Pipeline\\Pipeline::carry():194}:195}(Object(Illuminate\\Http\\Request))
#62 /Applications/XAMPP/xamppfiles/htdocs/auth/vendor/laravel/framework/src/Illuminate/Foundation/Http/Kernel.php(175): Illuminate\\Pipeline\\Pipeline->then(Object(Closure))
#63 /Applications/XAMPP/xamppfiles/htdocs/auth/vendor/laravel/framework/src/Illuminate/Foundation/Http/Kernel.php(144): Illuminate\\Foundation\\Http\\Kernel->sendRequestThroughRouter(Object(Illuminate\\Http\\Request))
#64 /Applications/XAMPP/xamppfiles/htdocs/auth/vendor/laravel/framework/src/Illuminate/Foundation/Application.php(1220): Illuminate\\Foundation\\Http\\Kernel->handle(Object(Illuminate\\Http\\Request))
#65 /Applications/XAMPP/xamppfiles/htdocs/auth/public/index.php(20): Illuminate\\Foundation\\Application->handleRequest(Object(Illuminate\\Http\\Request))
#66 /Applications/XAMPP/xamppfiles/htdocs/auth/vendor/laravel/framework/src/Illuminate/Foundation/resources/server.php(23): require_once('/Applications/X...')
#67 {main}

[previous exception] [object] (ErrorException(code: 0): Undefined property: Illuminate\\View\\Factory::$yieldContent at /Applications/XAMPP/xamppfiles/htdocs/auth/storage/framework/views/cc32ad9994275dd3729de2fd4454ba58.php:8)
[stacktrace]
#0 /Applications/XAMPP/xamppfiles/htdocs/auth/vendor/laravel/framework/src/Illuminate/Foundation/Bootstrap/HandleExceptions.php(258): Illuminate\\Foundation\\Bootstrap\\HandleExceptions->handleError(2, 'Undefined prope...', '/Applications/X...', 8)
#1 /Applications/XAMPP/xamppfiles/htdocs/auth/storage/framework/views/cc32ad9994275dd3729de2fd4454ba58.php(8): Illuminate\\Foundation\\Bootstrap\\HandleExceptions->{closure:Illuminate\\Foundation\\Bootstrap\\HandleExceptions::forwardsTo():257}(2, 'Undefined prope...', '/Applications/X...', 8)
#2 /Applications/XAMPP/xamppfiles/htdocs/auth/vendor/laravel/framework/src/Illuminate/Filesystem/Filesystem.php(123): require('/Applications/X...')
#3 /Applications/XAMPP/xamppfiles/htdocs/auth/vendor/laravel/framework/src/Illuminate/Filesystem/Filesystem.php(124): Illuminate\\Filesystem\\Filesystem::{closure:Illuminate\\Filesystem\\Filesystem::getRequire():120}()
#4 /Applications/XAMPP/xamppfiles/htdocs/auth/vendor/laravel/framework/src/Illuminate/View/Engines/PhpEngine.php(57): Illuminate\\Filesystem\\Filesystem->getRequire('/Applications/X...', Array)
#5 /Applications/XAMPP/xamppfiles/htdocs/auth/vendor/laravel/framework/src/Illuminate/View/Engines/CompilerEngine.php(76): Illuminate\\View\\Engines\\PhpEngine->evaluatePath('/Applications/X...', Array)
#6 /Applications/XAMPP/xamppfiles/htdocs/auth/vendor/laravel/framework/src/Illuminate/View/View.php(208): Illuminate\\View\\Engines\\CompilerEngine->get('/Applications/X...', Array)
#7 /Applications/XAMPP/xamppfiles/htdocs/auth/vendor/laravel/framework/src/Illuminate/View/View.php(191): Illuminate\\View\\View->getContents()
#8 /Applications/XAMPP/xamppfiles/htdocs/auth/vendor/laravel/framework/src/Illuminate/View/View.php(160): Illuminate\\View\\View->renderContents()
#9 /Applications/XAMPP/xamppfiles/htdocs/auth/storage/framework/views/01a1411fc404a0a38ee0c2b420622d4f.php(272): Illuminate\\View\\View->render()
#10 /Applications/XAMPP/xamppfiles/htdocs/auth/vendor/laravel/framework/src/Illuminate/Filesystem/Filesystem.php(123): require('/Applications/X...')
#11 /Applications/XAMPP/xamppfiles/htdocs/auth/vendor/laravel/framework/src/Illuminate/Filesystem/Filesystem.php(124): Illuminate\\Filesystem\\Filesystem::{closure:Illuminate\\Filesystem\\Filesystem::getRequire():120}()
#12 /Applications/XAMPP/xamppfiles/htdocs/auth/vendor/laravel/framework/src/Illuminate/View/Engines/PhpEngine.php(57): Illuminate\\Filesystem\\Filesystem->getRequire('/Applications/X...', Array)
#13 /Applications/XAMPP/xamppfiles/htdocs/auth/vendor/laravel/framework/src/Illuminate/View/Engines/CompilerEngine.php(76): Illuminate\\View\\Engines\\PhpEngine->evaluatePath('/Applications/X...', Array)
#14 /Applications/XAMPP/xamppfiles/htdocs/auth/vendor/laravel/framework/src/Illuminate/View/View.php(208): Illuminate\\View\\Engines\\CompilerEngine->get('/Applications/X...', Array)
#15 /Applications/XAMPP/xamppfiles/htdocs/auth/vendor/laravel/framework/src/Illuminate/View/View.php(191): Illuminate\\View\\View->getContents()
#16 /Applications/XAMPP/xamppfiles/htdocs/auth/vendor/laravel/framework/src/Illuminate/View/View.php(160): Illuminate\\View\\View->renderContents()
#17 /Applications/XAMPP/xamppfiles/htdocs/auth/vendor/laravel/framework/src/Illuminate/Http/Response.php(78): Illuminate\\View\\View->render()
#18 /Applications/XAMPP/xamppfiles/htdocs/auth/vendor/laravel/framework/src/Illuminate/Http/Response.php(34): Illuminate\\Http\\Response->setContent(Object(Illuminate\\View\\View))
#19 /Applications/XAMPP/xamppfiles/htdocs/auth/vendor/laravel/framework/src/Illuminate/Routing/Router.php(939): Illuminate\\Http\\Response->__construct(Object(Illuminate\\View\\View), 200, Array)
#20 /Applications/XAMPP/xamppfiles/htdocs/auth/vendor/laravel/framework/src/Illuminate/Routing/Router.php(906): Illuminate\\Routing\\Router::toResponse(Object(Illuminate\\Http\\Request), Object(Illuminate\\View\\View))
#21 /Applications/XAMPP/xamppfiles/htdocs/auth/vendor/laravel/framework/src/Illuminate/Routing/Router.php(821): Illuminate\\Routing\\Router->prepareResponse(Object(Illuminate\\Http\\Request), Object(Illuminate\\View\\View))
#22 /Applications/XAMPP/xamppfiles/htdocs/auth/vendor/laravel/framework/src/Illuminate/Pipeline/Pipeline.php(180): Illuminate\\Routing\\Router->{closure:Illuminate\\Routing\\Router::runRouteWithinStack():821}(Object(Illuminate\\Http\\Request))
#23 /Applications/XAMPP/xamppfiles/htdocs/auth/app/Http/Middleware/CheckAccountStatus.php(24): Illuminate\\Pipeline\\Pipeline->{closure:Illuminate\\Pipeline\\Pipeline::prepareDestination():178}(Object(Illuminate\\Http\\Request))
#24 /Applications/XAMPP/xamppfiles/htdocs/auth/vendor/laravel/framework/src/Illuminate/Pipeline/Pipeline.php(219): App\\Http\\Middleware\\CheckAccountStatus->handle(Object(Illuminate\\Http\\Request), Object(Closure))
#25 /Applications/XAMPP/xamppfiles/htdocs/auth/vendor/laravel/framework/src/Illuminate/Routing/Middleware/SubstituteBindings.php(50): Illuminate\\Pipeline\\Pipeline->{closure:{closure:Illuminate\\Pipeline\\Pipeline::carry():194}:195}(Object(Illuminate\\Http\\Request))
#26 /Applications/XAMPP/xamppfiles/htdocs/auth/vendor/laravel/framework/src/Illuminate/Pipeline/Pipeline.php(219): Illuminate\\Routing\\Middleware\\SubstituteBindings->handle(Object(Illuminate\\Http\\Request), Object(Closure))
#27 /Applications/XAMPP/xamppfiles/htdocs/auth/vendor/laravel/framework/src/Illuminate/Auth/Middleware/Authenticate.php(63): Illuminate\\Pipeline\\Pipeline->{closure:{closure:Illuminate\\Pipeline\\Pipeline::carry():194}:195}(Object(Illuminate\\Http\\Request))
#28 /Applications/XAMPP/xamppfiles/htdocs/auth/vendor/laravel/framework/src/Illuminate/Pipeline/Pipeline.php(219): Illuminate\\Auth\\Middleware\\Authenticate->handle(Object(Illuminate\\Http\\Request), Object(Closure))
#29 /Applications/XAMPP/xamppfiles/htdocs/auth/vendor/laravel/framework/src/Illuminate/Foundation/Http/Middleware/VerifyCsrfToken.php(87): Illuminate\\Pipeline\\Pipeline->{closure:{closure:Illuminate\\Pipeline\\Pipeline::carry():194}:195}(Object(Illuminate\\Http\\Request))
#30 /Applications/XAMPP/xamppfiles/htdocs/auth/vendor/laravel/framework/src/Illuminate/Pipeline/Pipeline.php(219): Illuminate\\Foundation\\Http\\Middleware\\VerifyCsrfToken->handle(Object(Illuminate\\Http\\Request), Object(Closure))
#31 /Applications/XAMPP/xamppfiles/htdocs/auth/vendor/laravel/framework/src/Illuminate/View/Middleware/ShareErrorsFromSession.php(48): Illuminate\\Pipeline\\Pipeline->{closure:{closure:Illuminate\\Pipeline\\Pipeline::carry():194}:195}(Object(Illuminate\\Http\\Request))
#32 /Applications/XAMPP/xamppfiles/htdocs/auth/vendor/laravel/framework/src/Illuminate/Pipeline/Pipeline.php(219): Illuminate\\View\\Middleware\\ShareErrorsFromSession->handle(Object(Illuminate\\Http\\Request), Object(Closure))
#33 /Applications/XAMPP/xamppfiles/htdocs/auth/vendor/laravel/framework/src/Illuminate/Session/Middleware/StartSession.php(120): Illuminate\\Pipeline\\Pipeline->{closure:{closure:Illuminate\\Pipeline\\Pipeline::carry():194}:195}(Object(Illuminate\\Http\\Request))
#34 /Applications/XAMPP/xamppfiles/htdocs/auth/vendor/laravel/framework/src/Illuminate/Session/Middleware/StartSession.php(63): Illuminate\\Session\\Middleware\\StartSession->handleStatefulRequest(Object(Illuminate\\Http\\Request), Object(Illuminate\\Session\\Store), Object(Closure))
#35 /Applications/XAMPP/xamppfiles/htdocs/auth/vendor/laravel/framework/src/Illuminate/Pipeline/Pipeline.php(219): Illuminate\\Session\\Middleware\\StartSession->handle(Object(Illuminate\\Http\\Request), Object(Closure))
#36 /Applications/XAMPP/xamppfiles/htdocs/auth/vendor/laravel/framework/src/Illuminate/Cookie/Middleware/AddQueuedCookiesToResponse.php(36): Illuminate\\Pipeline\\Pipeline->{closure:{closure:Illuminate\\Pipeline\\Pipeline::carry():194}:195}(Object(Illuminate\\Http\\Request))
#37 /Applications/XAMPP/xamppfiles/htdocs/auth/vendor/laravel/framework/src/Illuminate/Pipeline/Pipeline.php(219): Illuminate\\Cookie\\Middleware\\AddQueuedCookiesToResponse->handle(Object(Illuminate\\Http\\Request), Object(Closure))
#38 /Applications/XAMPP/xamppfiles/htdocs/auth/vendor/laravel/framework/src/Illuminate/Cookie/Middleware/EncryptCookies.php(74): Illuminate\\Pipeline\\Pipeline->{closure:{closure:Illuminate\\Pipeline\\Pipeline::carry():194}:195}(Object(Illuminate\\Http\\Request))
#39 /Applications/XAMPP/xamppfiles/htdocs/auth/vendor/laravel/framework/src/Illuminate/Pipeline/Pipeline.php(219): Illuminate\\Cookie\\Middleware\\EncryptCookies->handle(Object(Illuminate\\Http\\Request), Object(Closure))
#40 /Applications/XAMPP/xamppfiles/htdocs/auth/vendor/laravel/framework/src/Illuminate/Pipeline/Pipeline.php(137): Illuminate\\Pipeline\\Pipeline->{closure:{closure:Illuminate\\Pipeline\\Pipeline::carry():194}:195}(Object(Illuminate\\Http\\Request))
#41 /Applications/XAMPP/xamppfiles/htdocs/auth/vendor/laravel/framework/src/Illuminate/Routing/Router.php(821): Illuminate\\Pipeline\\Pipeline->then(Object(Closure))
#42 /Applications/XAMPP/xamppfiles/htdocs/auth/vendor/laravel/framework/src/Illuminate/Routing/Router.php(800): Illuminate\\Routing\\Router->runRouteWithinStack(Object(Illuminate\\Routing\\Route), Object(Illuminate\\Http\\Request))
#43 /Applications/XAMPP/xamppfiles/htdocs/auth/vendor/laravel/framework/src/Illuminate/Routing/Router.php(764): Illuminate\\Routing\\Router->runRoute(Object(Illuminate\\Http\\Request), Object(Illuminate\\Routing\\Route))
#44 /Applications/XAMPP/xamppfiles/htdocs/auth/vendor/laravel/framework/src/Illuminate/Routing/Router.php(753): Illuminate\\Routing\\Router->dispatchToRoute(Object(Illuminate\\Http\\Request))
#45 /Applications/XAMPP/xamppfiles/htdocs/auth/vendor/laravel/framework/src/Illuminate/Foundation/Http/Kernel.php(200): Illuminate\\Routing\\Router->dispatch(Object(Illuminate\\Http\\Request))
#46 /Applications/XAMPP/xamppfiles/htdocs/auth/vendor/laravel/framework/src/Illuminate/Pipeline/Pipeline.php(180): Illuminate\\Foundation\\Http\\Kernel->{closure:Illuminate\\Foundation\\Http\\Kernel::dispatchToRouter():197}(Object(Illuminate\\Http\\Request))
#47 /Applications/XAMPP/xamppfiles/htdocs/auth/vendor/laravel/framework/src/Illuminate/Foundation/Http/Middleware/TransformsRequest.php(21): Illuminate\\Pipeline\\Pipeline->{closure:Illuminate\\Pipeline\\Pipeline::prepareDestination():178}(Object(Illuminate\\Http\\Request))
#48 /Applications/XAMPP/xamppfiles/htdocs/auth/vendor/laravel/framework/src/Illuminate/Foundation/Http/Middleware/ConvertEmptyStringsToNull.php(31): Illuminate\\Foundation\\Http\\Middleware\\TransformsRequest->handle(Object(Illuminate\\Http\\Request), Object(Closure))
#49 /Applications/XAMPP/xamppfiles/htdocs/auth/vendor/laravel/framework/src/Illuminate/Pipeline/Pipeline.php(219): Illuminate\\Foundation\\Http\\Middleware\\ConvertEmptyStringsToNull->handle(Object(Illuminate\\Http\\Request), Object(Closure))
#50 /Applications/XAMPP/xamppfiles/htdocs/auth/vendor/laravel/framework/src/Illuminate/Foundation/Http/Middleware/TransformsRequest.php(21): Illuminate\\Pipeline\\Pipeline->{closure:{closure:Illuminate\\Pipeline\\Pipeline::carry():194}:195}(Object(Illuminate\\Http\\Request))
#51 /Applications/XAMPP/xamppfiles/htdocs/auth/vendor/laravel/framework/src/Illuminate/Foundation/Http/Middleware/TrimStrings.php(51): Illuminate\\Foundation\\Http\\Middleware\\TransformsRequest->handle(Object(Illuminate\\Http\\Request), Object(Closure))
#52 /Applications/XAMPP/xamppfiles/htdocs/auth/vendor/laravel/framework/src/Illuminate/Pipeline/Pipeline.php(219): Illuminate\\Foundation\\Http\\Middleware\\TrimStrings->handle(Object(Illuminate\\Http\\Request), Object(Closure))
#53 /Applications/XAMPP/xamppfiles/htdocs/auth/vendor/laravel/framework/src/Illuminate/Http/Middleware/ValidatePostSize.php(27): Illuminate\\Pipeline\\Pipeline->{closure:{closure:Illuminate\\Pipeline\\Pipeline::carry():194}:195}(Object(Illuminate\\Http\\Request))
#54 /Applications/XAMPP/xamppfiles/htdocs/auth/vendor/laravel/framework/src/Illuminate/Pipeline/Pipeline.php(219): Illuminate\\Http\\Middleware\\ValidatePostSize->handle(Object(Illuminate\\Http\\Request), Object(Closure))
#55 /Applications/XAMPP/xamppfiles/htdocs/auth/vendor/laravel/framework/src/Illuminate/Foundation/Http/Middleware/PreventRequestsDuringMaintenance.php(109): Illuminate\\Pipeline\\Pipeline->{closure:{closure:Illuminate\\Pipeline\\Pipeline::carry():194}:195}(Object(Illuminate\\Http\\Request))
#56 /Applications/XAMPP/xamppfiles/htdocs/auth/vendor/laravel/framework/src/Illuminate/Pipeline/Pipeline.php(219): Illuminate\\Foundation\\Http\\Middleware\\PreventRequestsDuringMaintenance->handle(Object(Illuminate\\Http\\Request), Object(Closure))
#57 /Applications/XAMPP/xamppfiles/htdocs/auth/vendor/laravel/framework/src/Illuminate/Http/Middleware/HandleCors.php(61): Illuminate\\Pipeline\\Pipeline->{closure:{closure:Illuminate\\Pipeline\\Pipeline::carry():194}:195}(Object(Illuminate\\Http\\Request))
#58 /Applications/XAMPP/xamppfiles/htdocs/auth/vendor/laravel/framework/src/Illuminate/Pipeline/Pipeline.php(219): Illuminate\\Http\\Middleware\\HandleCors->handle(Object(Illuminate\\Http\\Request), Object(Closure))
#59 /Applications/XAMPP/xamppfiles/htdocs/auth/vendor/laravel/framework/src/Illuminate/Http/Middleware/TrustProxies.php(58): Illuminate\\Pipeline\\Pipeline->{closure:{closure:Illuminate\\Pipeline\\Pipeline::carry():194}:195}(Object(Illuminate\\Http\\Request))
#60 /Applications/XAMPP/xamppfiles/htdocs/auth/vendor/laravel/framework/src/Illuminate/Pipeline/Pipeline.php(219): Illuminate\\Http\\Middleware\\TrustProxies->handle(Object(Illuminate\\Http\\Request), Object(Closure))
#61 /Applications/XAMPP/xamppfiles/htdocs/auth/vendor/laravel/framework/src/Illuminate/Foundation/Http/Middleware/InvokeDeferredCallbacks.php(22): Illuminate\\Pipeline\\Pipeline->{closure:{closure:Illuminate\\Pipeline\\Pipeline::carry():194}:195}(Object(Illuminate\\Http\\Request))
#62 /Applications/XAMPP/xamppfiles/htdocs/auth/vendor/laravel/framework/src/Illuminate/Pipeline/Pipeline.php(219): Illuminate\\Foundation\\Http\\Middleware\\InvokeDeferredCallbacks->handle(Object(Illuminate\\Http\\Request), Object(Closure))
#63 /Applications/XAMPP/xamppfiles/htdocs/auth/vendor/laravel/framework/src/Illuminate/Http/Middleware/ValidatePathEncoding.php(26): Illuminate\\Pipeline\\Pipeline->{closure:{closure:Illuminate\\Pipeline\\Pipeline::carry():194}:195}(Object(Illuminate\\Http\\Request))
#64 /Applications/XAMPP/xamppfiles/htdocs/auth/vendor/laravel/framework/src/Illuminate/Pipeline/Pipeline.php(219): Illuminate\\Http\\Middleware\\ValidatePathEncoding->handle(Object(Illuminate\\Http\\Request), Object(Closure))
#65 /Applications/XAMPP/xamppfiles/htdocs/auth/vendor/laravel/framework/src/Illuminate/Pipeline/Pipeline.php(137): Illuminate\\Pipeline\\Pipeline->{closure:{closure:Illuminate\\Pipeline\\Pipeline::carry():194}:195}(Object(Illuminate\\Http\\Request))
#66 /Applications/XAMPP/xamppfiles/htdocs/auth/vendor/laravel/framework/src/Illuminate/Foundation/Http/Kernel.php(175): Illuminate\\Pipeline\\Pipeline->then(Object(Closure))
#67 /Applications/XAMPP/xamppfiles/htdocs/auth/vendor/laravel/framework/src/Illuminate/Foundation/Http/Kernel.php(144): Illuminate\\Foundation\\Http\\Kernel->sendRequestThroughRouter(Object(Illuminate\\Http\\Request))
#68 /Applications/XAMPP/xamppfiles/htdocs/auth/vendor/laravel/framework/src/Illuminate/Foundation/Application.php(1220): Illuminate\\Foundation\\Http\\Kernel->handle(Object(Illuminate\\Http\\Request))
#69 /Applications/XAMPP/xamppfiles/htdocs/auth/public/index.php(20): Illuminate\\Foundation\\Application->handleRequest(Object(Illuminate\\Http\\Request))
#70 /Applications/XAMPP/xamppfiles/htdocs/auth/vendor/laravel/framework/src/Illuminate/Foundation/resources/server.php(23): require_once('/Applications/X...')
#71 {main}
"} 
[2026-02-05 20:36:07] local.ERROR: Undefined property: Illuminate\View\Factory::$yieldContent (View: /Applications/XAMPP/xamppfiles/htdocs/auth/resources/views/layouts/app-with-sidebar.blade.php) (View: /Applications/XAMPP/xamppfiles/htdocs/auth/resources/views/layouts/app-with-sidebar.blade.php) {"userId":2,"exception":"[object] (Illuminate\\View\\ViewException(code: 0): Undefined property: Illuminate\\View\\Factory::$yieldContent (View: /Applications/XAMPP/xamppfiles/htdocs/auth/resources/views/layouts/app-with-sidebar.blade.php) (View: /Applications/XAMPP/xamppfiles/htdocs/auth/resources/views/layouts/app-with-sidebar.blade.php) at /Applications/XAMPP/xamppfiles/htdocs/auth/storage/framework/views/cc32ad9994275dd3729de2fd4454ba58.php:8)
[stacktrace]
#0 /Applications/XAMPP/xamppfiles/htdocs/auth/vendor/laravel/framework/src/Illuminate/View/Engines/PhpEngine.php(59): Illuminate\\View\\Engines\\CompilerEngine->handleViewException(Object(Illuminate\\View\\ViewException), 1)
#1 /Applications/XAMPP/xamppfiles/htdocs/auth/vendor/laravel/framework/src/Illuminate/View/Engines/CompilerEngine.php(76): Illuminate\\View\\Engines\\PhpEngine->evaluatePath('/Applications/X...', Array)
#2 /Applications/XAMPP/xamppfiles/htdocs/auth/vendor/laravel/framework/src/Illuminate/View/View.php(208): Illuminate\\View\\Engines\\CompilerEngine->get('/Applications/X...', Array)
#3 /Applications/XAMPP/xamppfiles/htdocs/auth/vendor/laravel/framework/src/Illuminate/View/View.php(191): Illuminate\\View\\View->getContents()
#4 /Applications/XAMPP/xamppfiles/htdocs/auth/vendor/laravel/framework/src/Illuminate/View/View.php(160): Illuminate\\View\\View->renderContents()
#5 /Applications/XAMPP/xamppfiles/htdocs/auth/vendor/laravel/framework/src/Illuminate/Http/Response.php(78): Illuminate\\View\\View->render()
#6 /Applications/XAMPP/xamppfiles/htdocs/auth/vendor/laravel/framework/src/Illuminate/Http/Response.php(34): Illuminate\\Http\\Response->setContent(Object(Illuminate\\View\\View))
#7 /Applications/XAMPP/xamppfiles/htdocs/auth/vendor/laravel/framework/src/Illuminate/Routing/Router.php(939): Illuminate\\Http\\Response->__construct(Object(Illuminate\\View\\View), 200, Array)
#8 /Applications/XAMPP/xamppfiles/htdocs/auth/vendor/laravel/framework/src/Illuminate/Routing/Router.php(906): Illuminate\\Routing\\Router::toResponse(Object(Illuminate\\Http\\Request), Object(Illuminate\\View\\View))
#9 /Applications/XAMPP/xamppfiles/htdocs/auth/vendor/laravel/framework/src/Illuminate/Routing/Router.php(821): Illuminate\\Routing\\Router->prepareResponse(Object(Illuminate\\Http\\Request), Object(Illuminate\\View\\View))
#10 /Applications/XAMPP/xamppfiles/htdocs/auth/vendor/laravel/framework/src/Illuminate/Pipeline/Pipeline.php(180): Illuminate\\Routing\\Router->{closure:Illuminate\\Routing\\Router::runRouteWithinStack():821}(Object(Illuminate\\Http\\Request))
#11 /Applications/XAMPP/xamppfiles/htdocs/auth/app/Http/Middleware/CheckAccountStatus.php(24): Illuminate\\Pipeline\\Pipeline->{closure:Illuminate\\Pipeline\\Pipeline::prepareDestination():178}(Object(Illuminate\\Http\\Request))
#12 /Applications/XAMPP/xamppfiles/htdocs/auth/vendor/laravel/framework/src/Illuminate/Pipeline/Pipeline.php(219): App\\Http\\Middleware\\CheckAccountStatus->handle(Object(Illuminate\\Http\\Request), Object(Closure))
#13 /Applications/XAMPP/xamppfiles/htdocs/auth/vendor/laravel/framework/src/Illuminate/Routing/Middleware/SubstituteBindings.php(50): Illuminate\\Pipeline\\Pipeline->{closure:{closure:Illuminate\\Pipeline\\Pipeline::carry():194}:195}(Object(Illuminate\\Http\\Request))
#14 /Applications/XAMPP/xamppfiles/htdocs/auth/vendor/laravel/framework/src/Illuminate/Pipeline/Pipeline.php(219): Illuminate\\Routing\\Middleware\\SubstituteBindings->handle(Object(Illuminate\\Http\\Request), Object(Closure))
#15 /Applications/XAMPP/xamppfiles/htdocs/auth/vendor/laravel/framework/src/Illuminate/Auth/Middleware/Authenticate.php(63): Illuminate\\Pipeline\\Pipeline->{closure:{closure:Illuminate\\Pipeline\\Pipeline::carry():194}:195}(Object(Illuminate\\Http\\Request))
#16 /Applications/XAMPP/xamppfiles/htdocs/auth/vendor/laravel/framework/src/Illuminate/Pipeline/Pipeline.php(219): Illuminate\\Auth\\Middleware\\Authenticate->handle(Object(Illuminate\\Http\\Request), Object(Closure))
#17 /Applications/XAMPP/xamppfiles/htdocs/auth/vendor/laravel/framework/src/Illuminate/Foundation/Http/Middleware/VerifyCsrfToken.php(87): Illuminate\\Pipeline\\Pipeline->{closure:{closure:Illuminate\\Pipeline\\Pipeline::carry():194}:195}(Object(Illuminate\\Http\\Request))
#18 /Applications/XAMPP/xamppfiles/htdocs/auth/vendor/laravel/framework/src/Illuminate/Pipeline/Pipeline.php(219): Illuminate\\Foundation\\Http\\Middleware\\VerifyCsrfToken->handle(Object(Illuminate\\Http\\Request), Object(Closure))
#19 /Applications/XAMPP/xamppfiles/htdocs/auth/vendor/laravel/framework/src/Illuminate/View/Middleware/ShareErrorsFromSession.php(48): Illuminate\\Pipeline\\Pipeline->{closure:{closure:Illuminate\\Pipeline\\Pipeline::carry():194}:195}(Object(Illuminate\\Http\\Request))
#20 /Applications/XAMPP/xamppfiles/htdocs/auth/vendor/laravel/framework/src/Illuminate/Pipeline/Pipeline.php(219): Illuminate\\View\\Middleware\\ShareErrorsFromSession->handle(Object(Illuminate\\Http\\Request), Object(Closure))
#21 /Applications/XAMPP/xamppfiles/htdocs/auth/vendor/laravel/framework/src/Illuminate/Session/Middleware/StartSession.php(120): Illuminate\\Pipeline\\Pipeline->{closure:{closure:Illuminate\\Pipeline\\Pipeline::carry():194}:195}(Object(Illuminate\\Http\\Request))
#22 /Applications/XAMPP/xamppfiles/htdocs/auth/vendor/laravel/framework/src/Illuminate/Session/Middleware/StartSession.php(63): Illuminate\\Session\\Middleware\\StartSession->handleStatefulRequest(Object(Illuminate\\Http\\Request), Object(Illuminate\\Session\\Store), Object(Closure))
#23 /Applications/XAMPP/xamppfiles/htdocs/auth/vendor/laravel/framework/src/Illuminate/Pipeline/Pipeline.php(219): Illuminate\\Session\\Middleware\\StartSession->handle(Object(Illuminate\\Http\\Request), Object(Closure))
#24 /Applications/XAMPP/xamppfiles/htdocs/auth/vendor/laravel/framework/src/Illuminate/Cookie/Middleware/AddQueuedCookiesToResponse.php(36): Illuminate\\Pipeline\\Pipeline->{closure:{closure:Illuminate\\Pipeline\\Pipeline::carry():194}:195}(Object(Illuminate\\Http\\Request))
#25 /Applications/XAMPP/xamppfiles/htdocs/auth/vendor/laravel/framework/src/Illuminate/Pipeline/Pipeline.php(219): Illuminate\\Cookie\\Middleware\\AddQueuedCookiesToResponse->handle(Object(Illuminate\\Http\\Request), Object(Closure))
#26 /Applications/XAMPP/xamppfiles/htdocs/auth/vendor/laravel/framework/src/Illuminate/Cookie/Middleware/EncryptCookies.php(74): Illuminate\\Pipeline\\Pipeline->{closure:{closure:Illuminate\\Pipeline\\Pipeline::carry():194}:195}(Object(Illuminate\\Http\\Request))
#27 /Applications/XAMPP/xamppfiles/htdocs/auth/vendor/laravel/framework/src/Illuminate/Pipeline/Pipeline.php(219): Illuminate\\Cookie\\Middleware\\EncryptCookies->handle(Object(Illuminate\\Http\\Request), Object(Closure))
#28 /Applications/XAMPP/xamppfiles/htdocs/auth/vendor/laravel/framework/src/Illuminate/Pipeline/Pipeline.php(137): Illuminate\\Pipeline\\Pipeline->{closure:{closure:Illuminate\\Pipeline\\Pipeline::carry():194}:195}(Object(Illuminate\\Http\\Request))
#29 /Applications/XAMPP/xamppfiles/htdocs/auth/vendor/laravel/framework/src/Illuminate/Routing/Router.php(821): Illuminate\\Pipeline\\Pipeline->then(Object(Closure))
#30 /Applications/XAMPP/xamppfiles/htdocs/auth/vendor/laravel/framework/src/Illuminate/Routing/Router.php(800): Illuminate\\Routing\\Router->runRouteWithinStack(Object(Illuminate\\Routing\\Route), Object(Illuminate\\Http\\Request))
#31 /Applications/XAMPP/xamppfiles/htdocs/auth/vendor/laravel/framework/src/Illuminate/Routing/Router.php(764): Illuminate\\Routing\\Router->runRoute(Object(Illuminate\\Http\\Request), Object(Illuminate\\Routing\\Route))
#32 /Applications/XAMPP/xamppfiles/htdocs/auth/vendor/laravel/framework/src/Illuminate/Routing/Router.php(753): Illuminate\\Routing\\Router->dispatchToRoute(Object(Illuminate\\Http\\Request))
#33 /Applications/XAMPP/xamppfiles/htdocs/auth/vendor/laravel/framework/src/Illuminate/Foundation/Http/Kernel.php(200): Illuminate\\Routing\\Router->dispatch(Object(Illuminate\\Http\\Request))
#34 /Applications/XAMPP/xamppfiles/htdocs/auth/vendor/laravel/framework/src/Illuminate/Pipeline/Pipeline.php(180): Illuminate\\Foundation\\Http\\Kernel->{closure:Illuminate\\Foundation\\Http\\Kernel::dispatchToRouter():197}(Object(Illuminate\\Http\\Request))
#35 /Applications/XAMPP/xamppfiles/htdocs/auth/vendor/laravel/framework/src/Illuminate/Foundation/Http/Middleware/TransformsRequest.php(21): Illuminate\\Pipeline\\Pipeline->{closure:Illuminate\\Pipeline\\Pipeline::prepareDestination():178}(Object(Illuminate\\Http\\Request))
#36 /Applications/XAMPP/xamppfiles/htdocs/auth/vendor/laravel/framework/src/Illuminate/Foundation/Http/Middleware/ConvertEmptyStringsToNull.php(31): Illuminate\\Foundation\\Http\\Middleware\\TransformsRequest->handle(Object(Illuminate\\Http\\Request), Object(Closure))
#37 /Applications/XAMPP/xamppfiles/htdocs/auth/vendor/laravel/framework/src/Illuminate/Pipeline/Pipeline.php(219): Illuminate\\Foundation\\Http\\Middleware\\ConvertEmptyStringsToNull->handle(Object(Illuminate\\Http\\Request), Object(Closure))
#38 /Applications/XAMPP/xamppfiles/htdocs/auth/vendor/laravel/framework/src/Illuminate/Foundation/Http/Middleware/TransformsRequest.php(21): Illuminate\\Pipeline\\Pipeline->{closure:{closure:Illuminate\\Pipeline\\Pipeline::carry():194}:195}(Object(Illuminate\\Http\\Request))
#39 /Applications/XAMPP/xamppfiles/htdocs/auth/vendor/laravel/framework/src/Illuminate/Foundation/Http/Middleware/TrimStrings.php(51): Illuminate\\Foundation\\Http\\Middleware\\TransformsRequest->handle(Object(Illuminate\\Http\\Request), Object(Closure))
#40 /Applications/XAMPP/xamppfiles/htdocs/auth/vendor/laravel/framework/src/Illuminate/Pipeline/Pipeline.php(219): Illuminate\\Foundation\\Http\\Middleware\\TrimStrings->handle(Object(Illuminate\\Http\\Request), Object(Closure))
#41 /Applications/XAMPP/xamppfiles/htdocs/auth/vendor/laravel/framework/src/Illuminate/Http/Middleware/ValidatePostSize.php(27): Illuminate\\Pipeline\\Pipeline->{closure:{closure:Illuminate\\Pipeline\\Pipeline::carry():194}:195}(Object(Illuminate\\Http\\Request))
#42 /Applications/XAMPP/xamppfiles/htdocs/auth/vendor/laravel/framework/src/Illuminate/Pipeline/Pipeline.php(219): Illuminate\\Http\\Middleware\\ValidatePostSize->handle(Object(Illuminate\\Http\\Request), Object(Closure))
#43 /Applications/XAMPP/xamppfiles/htdocs/auth/vendor/laravel/framework/src/Illuminate/Foundation/Http/Middleware/PreventRequestsDuringMaintenance.php(109): Illuminate\\Pipeline\\Pipeline->{closure:{closure:Illuminate\\Pipeline\\Pipeline::carry():194}:195}(Object(Illuminate\\Http\\Request))
#44 /Applications/XAMPP/xamppfiles/htdocs/auth/vendor/laravel/framework/src/Illuminate/Pipeline/Pipeline.php(219): Illuminate\\Foundation\\Http\\Middleware\\PreventRequestsDuringMaintenance->handle(Object(Illuminate\\Http\\Request), Object(Closure))
#45 /Applications/XAMPP/xamppfiles/htdocs/auth/vendor/laravel/framework/src/Illuminate/Http/Middleware/HandleCors.php(61): Illuminate\\Pipeline\\Pipeline->{closure:{closure:Illuminate\\Pipeline\\Pipeline::carry():194}:195}(Object(Illuminate\\Http\\Request))
#46 /Applications/XAMPP/xamppfiles/htdocs/auth/vendor/laravel/framework/src/Illuminate/Pipeline/Pipeline.php(219): Illuminate\\Http\\Middleware\\HandleCors->handle(Object(Illuminate\\Http\\Request), Object(Closure))
#47 /Applications/XAMPP/xamppfiles/htdocs/auth/vendor/laravel/framework/src/Illuminate/Http/Middleware/TrustProxies.php(58): Illuminate\\Pipeline\\Pipeline->{closure:{closure:Illuminate\\Pipeline\\Pipeline::carry():194}:195}(Object(Illuminate\\Http\\Request))
#48 /Applications/XAMPP/xamppfiles/htdocs/auth/vendor/laravel/framework/src/Illuminate/Pipeline/Pipeline.php(219): Illuminate\\Http\\Middleware\\TrustProxies->handle(Object(Illuminate\\Http\\Request), Object(Closure))
#49 /Applications/XAMPP/xamppfiles/htdocs/auth/vendor/laravel/framework/src/Illuminate/Foundation/Http/Middleware/InvokeDeferredCallbacks.php(22): Illuminate\\Pipeline\\Pipeline->{closure:{closure:Illuminate\\Pipeline\\Pipeline::carry():194}:195}(Object(Illuminate\\Http\\Request))
#50 /Applications/XAMPP/xamppfiles/htdocs/auth/vendor/laravel/framework/src/Illuminate/Pipeline/Pipeline.php(219): Illuminate\\Foundation\\Http\\Middleware\\InvokeDeferredCallbacks->handle(Object(Illuminate\\Http\\Request), Object(Closure))
#51 /Applications/XAMPP/xamppfiles/htdocs/auth/vendor/laravel/framework/src/Illuminate/Http/Middleware/ValidatePathEncoding.php(26): Illuminate\\Pipeline\\Pipeline->{closure:{closure:Illuminate\\Pipeline\\Pipeline::carry():194}:195}(Object(Illuminate\\Http\\Request))
#52 /Applications/XAMPP/xamppfiles/htdocs/auth/vendor/laravel/framework/src/Illuminate/Pipeline/Pipeline.php(219): Illuminate\\Http\\Middleware\\ValidatePathEncoding->handle(Object(Illuminate\\Http\\Request), Object(Closure))
#53 /Applications/XAMPP/xamppfiles/htdocs/auth/vendor/laravel/framework/src/Illuminate/Pipeline/Pipeline.php(137): Illuminate\\Pipeline\\Pipeline->{closure:{closure:Illuminate\\Pipeline\\Pipeline::carry():194}:195}(Object(Illuminate\\Http\\Request))
#54 /Applications/XAMPP/xamppfiles/htdocs/auth/vendor/laravel/framework/src/Illuminate/Foundation/Http/Kernel.php(175): Illuminate\\Pipeline\\Pipeline->then(Object(Closure))
#55 /Applications/XAMPP/xamppfiles/htdocs/auth/vendor/laravel/framework/src/Illuminate/Foundation/Http/Kernel.php(144): Illuminate\\Foundation\\Http\\Kernel->sendRequestThroughRouter(Object(Illuminate\\Http\\Request))
#56 /Applications/XAMPP/xamppfiles/htdocs/auth/vendor/laravel/framework/src/Illuminate/Foundation/Application.php(1220): Illuminate\\Foundation\\Http\\Kernel->handle(Object(Illuminate\\Http\\Request))
#57 /Applications/XAMPP/xamppfiles/htdocs/auth/public/index.php(20): Illuminate\\Foundation\\Application->handleRequest(Object(Illuminate\\Http\\Request))
#58 /Applications/XAMPP/xamppfiles/htdocs/auth/vendor/laravel/framework/src/Illuminate/Foundation/resources/server.php(23): require_once('/Applications/X...')
#59 {main}

[previous exception] [object] (Illuminate\\View\\ViewException(code: 0): Undefined property: Illuminate\\View\\Factory::$yieldContent (View: /Applications/XAMPP/xamppfiles/htdocs/auth/resources/views/layouts/app-with-sidebar.blade.php) at /Applications/XAMPP/xamppfiles/htdocs/auth/storage/framework/views/cc32ad9994275dd3729de2fd4454ba58.php:8)
[stacktrace]
#0 /Applications/XAMPP/xamppfiles/htdocs/auth/vendor/laravel/framework/src/Illuminate/View/Engines/PhpEngine.php(59): Illuminate\\View\\Engines\\CompilerEngine->handleViewException(Object(ErrorException), 2)
#1 /Applications/XAMPP/xamppfiles/htdocs/auth/vendor/laravel/framework/src/Illuminate/View/Engines/CompilerEngine.php(76): Illuminate\\View\\Engines\\PhpEngine->evaluatePath('/Applications/X...', Array)
#2 /Applications/XAMPP/xamppfiles/htdocs/auth/vendor/laravel/framework/src/Illuminate/View/View.php(208): Illuminate\\View\\Engines\\CompilerEngine->get('/Applications/X...', Array)
#3 /Applications/XAMPP/xamppfiles/htdocs/auth/vendor/laravel/framework/src/Illuminate/View/View.php(191): Illuminate\\View\\View->getContents()
#4 /Applications/XAMPP/xamppfiles/htdocs/auth/vendor/laravel/framework/src/Illuminate/View/View.php(160): Illuminate\\View\\View->renderContents()
#5 /Applications/XAMPP/xamppfiles/htdocs/auth/storage/framework/views/1846eb706848af9b23fcb9fe92f0de13.php(382): Illuminate\\View\\View->render()
#6 /Applications/XAMPP/xamppfiles/htdocs/auth/vendor/laravel/framework/src/Illuminate/Filesystem/Filesystem.php(123): require('/Applications/X...')
#7 /Applications/XAMPP/xamppfiles/htdocs/auth/vendor/laravel/framework/src/Illuminate/Filesystem/Filesystem.php(124): Illuminate\\Filesystem\\Filesystem::{closure:Illuminate\\Filesystem\\Filesystem::getRequire():120}()
#8 /Applications/XAMPP/xamppfiles/htdocs/auth/vendor/laravel/framework/src/Illuminate/View/Engines/PhpEngine.php(57): Illuminate\\Filesystem\\Filesystem->getRequire('/Applications/X...', Array)
#9 /Applications/XAMPP/xamppfiles/htdocs/auth/vendor/laravel/framework/src/Illuminate/View/Engines/CompilerEngine.php(76): Illuminate\\View\\Engines\\PhpEngine->evaluatePath('/Applications/X...', Array)
#10 /Applications/XAMPP/xamppfiles/htdocs/auth/vendor/laravel/framework/src/Illuminate/View/View.php(208): Illuminate\\View\\Engines\\CompilerEngine->get('/Applications/X...', Array)
#11 /Applications/XAMPP/xamppfiles/htdocs/auth/vendor/laravel/framework/src/Illuminate/View/View.php(191): Illuminate\\View\\View->getContents()
#12 /Applications/XAMPP/xamppfiles/htdocs/auth/vendor/laravel/framework/src/Illuminate/View/View.php(160): Illuminate\\View\\View->renderContents()
#13 /Applications/XAMPP/xamppfiles/htdocs/auth/vendor/laravel/framework/src/Illuminate/Http/Response.php(78): Illuminate\\View\\View->render()
#14 /Applications/XAMPP/xamppfiles/htdocs/auth/vendor/laravel/framework/src/Illuminate/Http/Response.php(34): Illuminate\\Http\\Response->setContent(Object(Illuminate\\View\\View))
#15 /Applications/XAMPP/xamppfiles/htdocs/auth/vendor/laravel/framework/src/Illuminate/Routing/Router.php(939): Illuminate\\Http\\Response->__construct(Object(Illuminate\\View\\View), 200, Array)
#16 /Applications/XAMPP/xamppfiles/htdocs/auth/vendor/laravel/framework/src/Illuminate/Routing/Router.php(906): Illuminate\\Routing\\Router::toResponse(Object(Illuminate\\Http\\Request), Object(Illuminate\\View\\View))
#17 /Applications/XAMPP/xamppfiles/htdocs/auth/vendor/laravel/framework/src/Illuminate/Routing/Router.php(821): Illuminate\\Routing\\Router->prepareResponse(Object(Illuminate\\Http\\Request), Object(Illuminate\\View\\View))
#18 /Applications/XAMPP/xamppfiles/htdocs/auth/vendor/laravel/framework/src/Illuminate/Pipeline/Pipeline.php(180): Illuminate\\Routing\\Router->{closure:Illuminate\\Routing\\Router::runRouteWithinStack():821}(Object(Illuminate\\Http\\Request))
#19 /Applications/XAMPP/xamppfiles/htdocs/auth/app/Http/Middleware/CheckAccountStatus.php(24): Illuminate\\Pipeline\\Pipeline->{closure:Illuminate\\Pipeline\\Pipeline::prepareDestination():178}(Object(Illuminate\\Http\\Request))
#20 /Applications/XAMPP/xamppfiles/htdocs/auth/vendor/laravel/framework/src/Illuminate/Pipeline/Pipeline.php(219): App\\Http\\Middleware\\CheckAccountStatus->handle(Object(Illuminate\\Http\\Request), Object(Closure))
#21 /Applications/XAMPP/xamppfiles/htdocs/auth/vendor/laravel/framework/src/Illuminate/Routing/Middleware/SubstituteBindings.php(50): Illuminate\\Pipeline\\Pipeline->{closure:{closure:Illuminate\\Pipeline\\Pipeline::carry():194}:195}(Object(Illuminate\\Http\\Request))
#22 /Applications/XAMPP/xamppfiles/htdocs/auth/vendor/laravel/framework/src/Illuminate/Pipeline/Pipeline.php(219): Illuminate\\Routing\\Middleware\\SubstituteBindings->handle(Object(Illuminate\\Http\\Request), Object(Closure))
#23 /Applications/XAMPP/xamppfiles/htdocs/auth/vendor/laravel/framework/src/Illuminate/Auth/Middleware/Authenticate.php(63): Illuminate\\Pipeline\\Pipeline->{closure:{closure:Illuminate\\Pipeline\\Pipeline::carry():194}:195}(Object(Illuminate\\Http\\Request))
#24 /Applications/XAMPP/xamppfiles/htdocs/auth/vendor/laravel/framework/src/Illuminate/Pipeline/Pipeline.php(219): Illuminate\\Auth\\Middleware\\Authenticate->handle(Object(Illuminate\\Http\\Request), Object(Closure))
#25 /Applications/XAMPP/xamppfiles/htdocs/auth/vendor/laravel/framework/src/Illuminate/Foundation/Http/Middleware/VerifyCsrfToken.php(87): Illuminate\\Pipeline\\Pipeline->{closure:{closure:Illuminate\\Pipeline\\Pipeline::carry():194}:195}(Object(Illuminate\\Http\\Request))
#26 /Applications/XAMPP/xamppfiles/htdocs/auth/vendor/laravel/framework/src/Illuminate/Pipeline/Pipeline.php(219): Illuminate\\Foundation\\Http\\Middleware\\VerifyCsrfToken->handle(Object(Illuminate\\Http\\Request), Object(Closure))
#27 /Applications/XAMPP/xamppfiles/htdocs/auth/vendor/laravel/framework/src/Illuminate/View/Middleware/ShareErrorsFromSession.php(48): Illuminate\\Pipeline\\Pipeline->{closure:{closure:Illuminate\\Pipeline\\Pipeline::carry():194}:195}(Object(Illuminate\\Http\\Request))
#28 /Applications/XAMPP/xamppfiles/htdocs/auth/vendor/laravel/framework/src/Illuminate/Pipeline/Pipeline.php(219): Illuminate\\View\\Middleware\\ShareErrorsFromSession->handle(Object(Illuminate\\Http\\Request), Object(Closure))
#29 /Applications/XAMPP/xamppfiles/htdocs/auth/vendor/laravel/framework/src/Illuminate/Session/Middleware/StartSession.php(120): Illuminate\\Pipeline\\Pipeline->{closure:{closure:Illuminate\\Pipeline\\Pipeline::carry():194}:195}(Object(Illuminate\\Http\\Request))
#30 /Applications/XAMPP/xamppfiles/htdocs/auth/vendor/laravel/framework/src/Illuminate/Session/Middleware/StartSession.php(63): Illuminate\\Session\\Middleware\\StartSession->handleStatefulRequest(Object(Illuminate\\Http\\Request), Object(Illuminate\\Session\\Store), Object(Closure))
#31 /Applications/XAMPP/xamppfiles/htdocs/auth/vendor/laravel/framework/src/Illuminate/Pipeline/Pipeline.php(219): Illuminate\\Session\\Middleware\\StartSession->handle(Object(Illuminate\\Http\\Request), Object(Closure))
#32 /Applications/XAMPP/xamppfiles/htdocs/auth/vendor/laravel/framework/src/Illuminate/Cookie/Middleware/AddQueuedCookiesToResponse.php(36): Illuminate\\Pipeline\\Pipeline->{closure:{closure:Illuminate\\Pipeline\\Pipeline::carry():194}:195}(Object(Illuminate\\Http\\Request))
#33 /Applications/XAMPP/xamppfiles/htdocs/auth/vendor/laravel/framework/src/Illuminate/Pipeline/Pipeline.php(219): Illuminate\\Cookie\\Middleware\\AddQueuedCookiesToResponse->handle(Object(Illuminate\\Http\\Request), Object(Closure))
#34 /Applications/XAMPP/xamppfiles/htdocs/auth/vendor/laravel/framework/src/Illuminate/Cookie/Middleware/EncryptCookies.php(74): Illuminate\\Pipeline\\Pipeline->{closure:{closure:Illuminate\\Pipeline\\Pipeline::carry():194}:195}(Object(Illuminate\\Http\\Request))
#35 /Applications/XAMPP/xamppfiles/htdocs/auth/vendor/laravel/framework/src/Illuminate/Pipeline/Pipeline.php(219): Illuminate\\Cookie\\Middleware\\EncryptCookies->handle(Object(Illuminate\\Http\\Request), Object(Closure))
#36 /Applications/XAMPP/xamppfiles/htdocs/auth/vendor/laravel/framework/src/Illuminate/Pipeline/Pipeline.php(137): Illuminate\\Pipeline\\Pipeline->{closure:{closure:Illuminate\\Pipeline\\Pipeline::carry():194}:195}(Object(Illuminate\\Http\\Request))
#37 /Applications/XAMPP/xamppfiles/htdocs/auth/vendor/laravel/framework/src/Illuminate/Routing/Router.php(821): Illuminate\\Pipeline\\Pipeline->then(Object(Closure))
#38 /Applications/XAMPP/xamppfiles/htdocs/auth/vendor/laravel/framework/src/Illuminate/Routing/Router.php(800): Illuminate\\Routing\\Router->runRouteWithinStack(Object(Illuminate\\Routing\\Route), Object(Illuminate\\Http\\Request))
#39 /Applications/XAMPP/xamppfiles/htdocs/auth/vendor/laravel/framework/src/Illuminate/Routing/Router.php(764): Illuminate\\Routing\\Router->runRoute(Object(Illuminate\\Http\\Request), Object(Illuminate\\Routing\\Route))
#40 /Applications/XAMPP/xamppfiles/htdocs/auth/vendor/laravel/framework/src/Illuminate/Routing/Router.php(753): Illuminate\\Routing\\Router->dispatchToRoute(Object(Illuminate\\Http\\Request))
#41 /Applications/XAMPP/xamppfiles/htdocs/auth/vendor/laravel/framework/src/Illuminate/Foundation/Http/Kernel.php(200): Illuminate\\Routing\\Router->dispatch(Object(Illuminate\\Http\\Request))
#42 /Applications/XAMPP/xamppfiles/htdocs/auth/vendor/laravel/framework/src/Illuminate/Pipeline/Pipeline.php(180): Illuminate\\Foundation\\Http\\Kernel->{closure:Illuminate\\Foundation\\Http\\Kernel::dispatchToRouter():197}(Object(Illuminate\\Http\\Request))
#43 /Applications/XAMPP/xamppfiles/htdocs/auth/vendor/laravel/framework/src/Illuminate/Foundation/Http/Middleware/TransformsRequest.php(21): Illuminate\\Pipeline\\Pipeline->{closure:Illuminate\\Pipeline\\Pipeline::prepareDestination():178}(Object(Illuminate\\Http\\Request))
#44 /Applications/XAMPP/xamppfiles/htdocs/auth/vendor/laravel/framework/src/Illuminate/Foundation/Http/Middleware/ConvertEmptyStringsToNull.php(31): Illuminate\\Foundation\\Http\\Middleware\\TransformsRequest->handle(Object(Illuminate\\Http\\Request), Object(Closure))
#45 /Applications/XAMPP/xamppfiles/htdocs/auth/vendor/laravel/framework/src/Illuminate/Pipeline/Pipeline.php(219): Illuminate\\Foundation\\Http\\Middleware\\ConvertEmptyStringsToNull->handle(Object(Illuminate\\Http\\Request), Object(Closure))
#46 /Applications/XAMPP/xamppfiles/htdocs/auth/vendor/laravel/framework/src/Illuminate/Foundation/Http/Middleware/TransformsRequest.php(21): Illuminate\\Pipeline\\Pipeline->{closure:{closure:Illuminate\\Pipeline\\Pipeline::carry():194}:195}(Object(Illuminate\\Http\\Request))
#47 /Applications/XAMPP/xamppfiles/htdocs/auth/vendor/laravel/framework/src/Illuminate/Foundation/Http/Middleware/TrimStrings.php(51): Illuminate\\Foundation\\Http\\Middleware\\TransformsRequest->handle(Object(Illuminate\\Http\\Request), Object(Closure))
#48 /Applications/XAMPP/xamppfiles/htdocs/auth/vendor/laravel/framework/src/Illuminate/Pipeline/Pipeline.php(219): Illuminate\\Foundation\\Http\\Middleware\\TrimStrings->handle(Object(Illuminate\\Http\\Request), Object(Closure))
#49 /Applications/XAMPP/xamppfiles/htdocs/auth/vendor/laravel/framework/src/Illuminate/Http/Middleware/ValidatePostSize.php(27): Illuminate\\Pipeline\\Pipeline->{closure:{closure:Illuminate\\Pipeline\\Pipeline::carry():194}:195}(Object(Illuminate\\Http\\Request))
#50 /Applications/XAMPP/xamppfiles/htdocs/auth/vendor/laravel/framework/src/Illuminate/Pipeline/Pipeline.php(219): Illuminate\\Http\\Middleware\\ValidatePostSize->handle(Object(Illuminate\\Http\\Request), Object(Closure))
#51 /Applications/XAMPP/xamppfiles/htdocs/auth/vendor/laravel/framework/src/Illuminate/Foundation/Http/Middleware/PreventRequestsDuringMaintenance.php(109): Illuminate\\Pipeline\\Pipeline->{closure:{closure:Illuminate\\Pipeline\\Pipeline::carry():194}:195}(Object(Illuminate\\Http\\Request))
#52 /Applications/XAMPP/xamppfiles/htdocs/auth/vendor/laravel/framework/src/Illuminate/Pipeline/Pipeline.php(219): Illuminate\\Foundation\\Http\\Middleware\\PreventRequestsDuringMaintenance->handle(Object(Illuminate\\Http\\Request), Object(Closure))
#53 /Applications/XAMPP/xamppfiles/htdocs/auth/vendor/laravel/framework/src/Illuminate/Http/Middleware/HandleCors.php(61): Illuminate\\Pipeline\\Pipeline->{closure:{closure:Illuminate\\Pipeline\\Pipeline::carry():194}:195}(Object(Illuminate\\Http\\Request))
#54 /Applications/XAMPP/xamppfiles/htdocs/auth/vendor/laravel/framework/src/Illuminate/Pipeline/Pipeline.php(219): Illuminate\\Http\\Middleware\\HandleCors->handle(Object(Illuminate\\Http\\Request), Object(Closure))
#55 /Applications/XAMPP/xamppfiles/htdocs/auth/vendor/laravel/framework/src/Illuminate/Http/Middleware/TrustProxies.php(58): Illuminate\\Pipeline\\Pipeline->{closure:{closure:Illuminate\\Pipeline\\Pipeline::carry():194}:195}(Object(Illuminate\\Http\\Request))
#56 /Applications/XAMPP/xamppfiles/htdocs/auth/vendor/laravel/framework/src/Illuminate/Pipeline/Pipeline.php(219): Illuminate\\Http\\Middleware\\TrustProxies->handle(Object(Illuminate\\Http\\Request), Object(Closure))
#57 /Applications/XAMPP/xamppfiles/htdocs/auth/vendor/laravel/framework/src/Illuminate/Foundation/Http/Middleware/InvokeDeferredCallbacks.php(22): Illuminate\\Pipeline\\Pipeline->{closure:{closure:Illuminate\\Pipeline\\Pipeline::carry():194}:195}(Object(Illuminate\\Http\\Request))
#58 /Applications/XAMPP/xamppfiles/htdocs/auth/vendor/laravel/framework/src/Illuminate/Pipeline/Pipeline.php(219): Illuminate\\Foundation\\Http\\Middleware\\InvokeDeferredCallbacks->handle(Object(Illuminate\\Http\\Request), Object(Closure))
#59 /Applications/XAMPP/xamppfiles/htdocs/auth/vendor/laravel/framework/src/Illuminate/Http/Middleware/ValidatePathEncoding.php(26): Illuminate\\Pipeline\\Pipeline->{closure:{closure:Illuminate\\Pipeline\\Pipeline::carry():194}:195}(Object(Illuminate\\Http\\Request))
#60 /Applications/XAMPP/xamppfiles/htdocs/auth/vendor/laravel/framework/src/Illuminate/Pipeline/Pipeline.php(219): Illuminate\\Http\\Middleware\\ValidatePathEncoding->handle(Object(Illuminate\\Http\\Request), Object(Closure))
#61 /Applications/XAMPP/xamppfiles/htdocs/auth/vendor/laravel/framework/src/Illuminate/Pipeline/Pipeline.php(137): Illuminate\\Pipeline\\Pipeline->{closure:{closure:Illuminate\\Pipeline\\Pipeline::carry():194}:195}(Object(Illuminate\\Http\\Request))
#62 /Applications/XAMPP/xamppfiles/htdocs/auth/vendor/laravel/framework/src/Illuminate/Foundation/Http/Kernel.php(175): Illuminate\\Pipeline\\Pipeline->then(Object(Closure))
#63 /Applications/XAMPP/xamppfiles/htdocs/auth/vendor/laravel/framework/src/Illuminate/Foundation/Http/Kernel.php(144): Illuminate\\Foundation\\Http\\Kernel->sendRequestThroughRouter(Object(Illuminate\\Http\\Request))
#64 /Applications/XAMPP/xamppfiles/htdocs/auth/vendor/laravel/framework/src/Illuminate/Foundation/Application.php(1220): Illuminate\\Foundation\\Http\\Kernel->handle(Object(Illuminate\\Http\\Request))
#65 /Applications/XAMPP/xamppfiles/htdocs/auth/public/index.php(20): Illuminate\\Foundation\\Application->handleRequest(Object(Illuminate\\Http\\Request))
#66 /Applications/XAMPP/xamppfiles/htdocs/auth/vendor/laravel/framework/src/Illuminate/Foundation/resources/server.php(23): require_once('/Applications/X...')
#67 {main}

[previous exception] [object] (ErrorException(code: 0): Undefined property: Illuminate\\View\\Factory::$yieldContent at /Applications/XAMPP/xamppfiles/htdocs/auth/storage/framework/views/cc32ad9994275dd3729de2fd4454ba58.php:8)
[stacktrace]
#0 /Applications/XAMPP/xamppfiles/htdocs/auth/vendor/laravel/framework/src/Illuminate/Foundation/Bootstrap/HandleExceptions.php(258): Illuminate\\Foundation\\Bootstrap\\HandleExceptions->handleError(2, 'Undefined prope...', '/Applications/X...', 8)
#1 /Applications/XAMPP/xamppfiles/htdocs/auth/storage/framework/views/cc32ad9994275dd3729de2fd4454ba58.php(8): Illuminate\\Foundation\\Bootstrap\\HandleExceptions->{closure:Illuminate\\Foundation\\Bootstrap\\HandleExceptions::forwardsTo():257}(2, 'Undefined prope...', '/Applications/X...', 8)
#2 /Applications/XAMPP/xamppfiles/htdocs/auth/vendor/laravel/framework/src/Illuminate/Filesystem/Filesystem.php(123): require('/Applications/X...')
#3 /Applications/XAMPP/xamppfiles/htdocs/auth/vendor/laravel/framework/src/Illuminate/Filesystem/Filesystem.php(124): Illuminate\\Filesystem\\Filesystem::{closure:Illuminate\\Filesystem\\Filesystem::getRequire():120}()
#4 /Applications/XAMPP/xamppfiles/htdocs/auth/vendor/laravel/framework/src/Illuminate/View/Engines/PhpEngine.php(57): Illuminate\\Filesystem\\Filesystem->getRequire('/Applications/X...', Array)
#5 /Applications/XAMPP/xamppfiles/htdocs/auth/vendor/laravel/framework/src/Illuminate/View/Engines/CompilerEngine.php(76): Illuminate\\View\\Engines\\PhpEngine->evaluatePath('/Applications/X...', Array)
#6 /Applications/XAMPP/xamppfiles/htdocs/auth/vendor/laravel/framework/src/Illuminate/View/View.php(208): Illuminate\\View\\Engines\\CompilerEngine->get('/Applications/X...', Array)
#7 /Applications/XAMPP/xamppfiles/htdocs/auth/vendor/laravel/framework/src/Illuminate/View/View.php(191): Illuminate\\View\\View->getContents()
#8 /Applications/XAMPP/xamppfiles/htdocs/auth/vendor/laravel/framework/src/Illuminate/View/View.php(160): Illuminate\\View\\View->renderContents()
#9 /Applications/XAMPP/xamppfiles/htdocs/auth/storage/framework/views/1846eb706848af9b23fcb9fe92f0de13.php(382): Illuminate\\View\\View->render()
#10 /Applications/XAMPP/xamppfiles/htdocs/auth/vendor/laravel/framework/src/Illuminate/Filesystem/Filesystem.php(123): require('/Applications/X...')
#11 /Applications/XAMPP/xamppfiles/htdocs/auth/vendor/laravel/framework/src/Illuminate/Filesystem/Filesystem.php(124): Illuminate\\Filesystem\\Filesystem::{closure:Illuminate\\Filesystem\\Filesystem::getRequire():120}()
#12 /Applications/XAMPP/xamppfiles/htdocs/auth/vendor/laravel/framework/src/Illuminate/View/Engines/PhpEngine.php(57): Illuminate\\Filesystem\\Filesystem->getRequire('/Applications/X...', Array)
#13 /Applications/XAMPP/xamppfiles/htdocs/auth/vendor/laravel/framework/src/Illuminate/View/Engines/CompilerEngine.php(76): Illuminate\\View\\Engines\\PhpEngine->evaluatePath('/Applications/X...', Array)
#14 /Applications/XAMPP/xamppfiles/htdocs/auth/vendor/laravel/framework/src/Illuminate/View/View.php(208): Illuminate\\View\\Engines\\CompilerEngine->get('/Applications/X...', Array)
#15 /Applications/XAMPP/xamppfiles/htdocs/auth/vendor/laravel/framework/src/Illuminate/View/View.php(191): Illuminate\\View\\View->getContents()
#16 /Applications/XAMPP/xamppfiles/htdocs/auth/vendor/laravel/framework/src/Illuminate/View/View.php(160): Illuminate\\View\\View->renderContents()
#17 /Applications/XAMPP/xamppfiles/htdocs/auth/vendor/laravel/framework/src/Illuminate/Http/Response.php(78): Illuminate\\View\\View->render()
#18 /Applications/XAMPP/xamppfiles/htdocs/auth/vendor/laravel/framework/src/Illuminate/Http/Response.php(34): Illuminate\\Http\\Response->setContent(Object(Illuminate\\View\\View))
#19 /Applications/XAMPP/xamppfiles/htdocs/auth/vendor/laravel/framework/src/Illuminate/Routing/Router.php(939): Illuminate\\Http\\Response->__construct(Object(Illuminate\\View\\View), 200, Array)
#20 /Applications/XAMPP/xamppfiles/htdocs/auth/vendor/laravel/framework/src/Illuminate/Routing/Router.php(906): Illuminate\\Routing\\Router::toResponse(Object(Illuminate\\Http\\Request), Object(Illuminate\\View\\View))
#21 /Applications/XAMPP/xamppfiles/htdocs/auth/vendor/laravel/framework/src/Illuminate/Routing/Router.php(821): Illuminate\\Routing\\Router->prepareResponse(Object(Illuminate\\Http\\Request), Object(Illuminate\\View\\View))
#22 /Applications/XAMPP/xamppfiles/htdocs/auth/vendor/laravel/framework/src/Illuminate/Pipeline/Pipeline.php(180): Illuminate\\Routing\\Router->{closure:Illuminate\\Routing\\Router::runRouteWithinStack():821}(Object(Illuminate\\Http\\Request))
#23 /Applications/XAMPP/xamppfiles/htdocs/auth/app/Http/Middleware/CheckAccountStatus.php(24): Illuminate\\Pipeline\\Pipeline->{closure:Illuminate\\Pipeline\\Pipeline::prepareDestination():178}(Object(Illuminate\\Http\\Request))
#24 /Applications/XAMPP/xamppfiles/htdocs/auth/vendor/laravel/framework/src/Illuminate/Pipeline/Pipeline.php(219): App\\Http\\Middleware\\CheckAccountStatus->handle(Object(Illuminate\\Http\\Request), Object(Closure))
#25 /Applications/XAMPP/xamppfiles/htdocs/auth/vendor/laravel/framework/src/Illuminate/Routing/Middleware/SubstituteBindings.php(50): Illuminate\\Pipeline\\Pipeline->{closure:{closure:Illuminate\\Pipeline\\Pipeline::carry():194}:195}(Object(Illuminate\\Http\\Request))
#26 /Applications/XAMPP/xamppfiles/htdocs/auth/vendor/laravel/framework/src/Illuminate/Pipeline/Pipeline.php(219): Illuminate\\Routing\\Middleware\\SubstituteBindings->handle(Object(Illuminate\\Http\\Request), Object(Closure))
#27 /Applications/XAMPP/xamppfiles/htdocs/auth/vendor/laravel/framework/src/Illuminate/Auth/Middleware/Authenticate.php(63): Illuminate\\Pipeline\\Pipeline->{closure:{closure:Illuminate\\Pipeline\\Pipeline::carry():194}:195}(Object(Illuminate\\Http\\Request))
#28 /Applications/XAMPP/xamppfiles/htdocs/auth/vendor/laravel/framework/src/Illuminate/Pipeline/Pipeline.php(219): Illuminate\\Auth\\Middleware\\Authenticate->handle(Object(Illuminate\\Http\\Request), Object(Closure))
#29 /Applications/XAMPP/xamppfiles/htdocs/auth/vendor/laravel/framework/src/Illuminate/Foundation/Http/Middleware/VerifyCsrfToken.php(87): Illuminate\\Pipeline\\Pipeline->{closure:{closure:Illuminate\\Pipeline\\Pipeline::carry():194}:195}(Object(Illuminate\\Http\\Request))
#30 /Applications/XAMPP/xamppfiles/htdocs/auth/vendor/laravel/framework/src/Illuminate/Pipeline/Pipeline.php(219): Illuminate\\Foundation\\Http\\Middleware\\VerifyCsrfToken->handle(Object(Illuminate\\Http\\Request), Object(Closure))
#31 /Applications/XAMPP/xamppfiles/htdocs/auth/vendor/laravel/framework/src/Illuminate/View/Middleware/ShareErrorsFromSession.php(48): Illuminate\\Pipeline\\Pipeline->{closure:{closure:Illuminate\\Pipeline\\Pipeline::carry():194}:195}(Object(Illuminate\\Http\\Request))
#32 /Applications/XAMPP/xamppfiles/htdocs/auth/vendor/laravel/framework/src/Illuminate/Pipeline/Pipeline.php(219): Illuminate\\View\\Middleware\\ShareErrorsFromSession->handle(Object(Illuminate\\Http\\Request), Object(Closure))
#33 /Applications/XAMPP/xamppfiles/htdocs/auth/vendor/laravel/framework/src/Illuminate/Session/Middleware/StartSession.php(120): Illuminate\\Pipeline\\Pipeline->{closure:{closure:Illuminate\\Pipeline\\Pipeline::carry():194}:195}(Object(Illuminate\\Http\\Request))
#34 /Applications/XAMPP/xamppfiles/htdocs/auth/vendor/laravel/framework/src/Illuminate/Session/Middleware/StartSession.php(63): Illuminate\\Session\\Middleware\\StartSession->handleStatefulRequest(Object(Illuminate\\Http\\Request), Object(Illuminate\\Session\\Store), Object(Closure))
#35 /Applications/XAMPP/xamppfiles/htdocs/auth/vendor/laravel/framework/src/Illuminate/Pipeline/Pipeline.php(219): Illuminate\\Session\\Middleware\\StartSession->handle(Object(Illuminate\\Http\\Request), Object(Closure))
#36 /Applications/XAMPP/xamppfiles/htdocs/auth/vendor/laravel/framework/src/Illuminate/Cookie/Middleware/AddQueuedCookiesToResponse.php(36): Illuminate\\Pipeline\\Pipeline->{closure:{closure:Illuminate\\Pipeline\\Pipeline::carry():194}:195}(Object(Illuminate\\Http\\Request))
#37 /Applications/XAMPP/xamppfiles/htdocs/auth/vendor/laravel/framework/src/Illuminate/Pipeline/Pipeline.php(219): Illuminate\\Cookie\\Middleware\\AddQueuedCookiesToResponse->handle(Object(Illuminate\\Http\\Request), Object(Closure))
#38 /Applications/XAMPP/xamppfiles/htdocs/auth/vendor/laravel/framework/src/Illuminate/Cookie/Middleware/EncryptCookies.php(74): Illuminate\\Pipeline\\Pipeline->{closure:{closure:Illuminate\\Pipeline\\Pipeline::carry():194}:195}(Object(Illuminate\\Http\\Request))
#39 /Applications/XAMPP/xamppfiles/htdocs/auth/vendor/laravel/framework/src/Illuminate/Pipeline/Pipeline.php(219): Illuminate\\Cookie\\Middleware\\EncryptCookies->handle(Object(Illuminate\\Http\\Request), Object(Closure))
#40 /Applications/XAMPP/xamppfiles/htdocs/auth/vendor/laravel/framework/src/Illuminate/Pipeline/Pipeline.php(137): Illuminate\\Pipeline\\Pipeline->{closure:{closure:Illuminate\\Pipeline\\Pipeline::carry():194}:195}(Object(Illuminate\\Http\\Request))
#41 /Applications/XAMPP/xamppfiles/htdocs/auth/vendor/laravel/framework/src/Illuminate/Routing/Router.php(821): Illuminate\\Pipeline\\Pipeline->then(Object(Closure))
#42 /Applications/XAMPP/xamppfiles/htdocs/auth/vendor/laravel/framework/src/Illuminate/Routing/Router.php(800): Illuminate\\Routing\\Router->runRouteWithinStack(Object(Illuminate\\Routing\\Route), Object(Illuminate\\Http\\Request))
#43 /Applications/XAMPP/xamppfiles/htdocs/auth/vendor/laravel/framework/src/Illuminate/Routing/Router.php(764): Illuminate\\Routing\\Router->runRoute(Object(Illuminate\\Http\\Request), Object(Illuminate\\Routing\\Route))
#44 /Applications/XAMPP/xamppfiles/htdocs/auth/vendor/laravel/framework/src/Illuminate/Routing/Router.php(753): Illuminate\\Routing\\Router->dispatchToRoute(Object(Illuminate\\Http\\Request))
#45 /Applications/XAMPP/xamppfiles/htdocs/auth/vendor/laravel/framework/src/Illuminate/Foundation/Http/Kernel.php(200): Illuminate\\Routing\\Router->dispatch(Object(Illuminate\\Http\\Request))
#46 /Applications/XAMPP/xamppfiles/htdocs/auth/vendor/laravel/framework/src/Illuminate/Pipeline/Pipeline.php(180): Illuminate\\Foundation\\Http\\Kernel->{closure:Illuminate\\Foundation\\Http\\Kernel::dispatchToRouter():197}(Object(Illuminate\\Http\\Request))
#47 /Applications/XAMPP/xamppfiles/htdocs/auth/vendor/laravel/framework/src/Illuminate/Foundation/Http/Middleware/TransformsRequest.php(21): Illuminate\\Pipeline\\Pipeline->{closure:Illuminate\\Pipeline\\Pipeline::prepareDestination():178}(Object(Illuminate\\Http\\Request))
#48 /Applications/XAMPP/xamppfiles/htdocs/auth/vendor/laravel/framework/src/Illuminate/Foundation/Http/Middleware/ConvertEmptyStringsToNull.php(31): Illuminate\\Foundation\\Http\\Middleware\\TransformsRequest->handle(Object(Illuminate\\Http\\Request), Object(Closure))
#49 /Applications/XAMPP/xamppfiles/htdocs/auth/vendor/laravel/framework/src/Illuminate/Pipeline/Pipeline.php(219): Illuminate\\Foundation\\Http\\Middleware\\ConvertEmptyStringsToNull->handle(Object(Illuminate\\Http\\Request), Object(Closure))
#50 /Applications/XAMPP/xamppfiles/htdocs/auth/vendor/laravel/framework/src/Illuminate/Foundation/Http/Middleware/TransformsRequest.php(21): Illuminate\\Pipeline\\Pipeline->{closure:{closure:Illuminate\\Pipeline\\Pipeline::carry():194}:195}(Object(Illuminate\\Http\\Request))
#51 /Applications/XAMPP/xamppfiles/htdocs/auth/vendor/laravel/framework/src/Illuminate/Foundation/Http/Middleware/TrimStrings.php(51): Illuminate\\Foundation\\Http\\Middleware\\TransformsRequest->handle(Object(Illuminate\\Http\\Request), Object(Closure))
#52 /Applications/XAMPP/xamppfiles/htdocs/auth/vendor/laravel/framework/src/Illuminate/Pipeline/Pipeline.php(219): Illuminate\\Foundation\\Http\\Middleware\\TrimStrings->handle(Object(Illuminate\\Http\\Request), Object(Closure))
#53 /Applications/XAMPP/xamppfiles/htdocs/auth/vendor/laravel/framework/src/Illuminate/Http/Middleware/ValidatePostSize.php(27): Illuminate\\Pipeline\\Pipeline->{closure:{closure:Illuminate\\Pipeline\\Pipeline::carry():194}:195}(Object(Illuminate\\Http\\Request))
#54 /Applications/XAMPP/xamppfiles/htdocs/auth/vendor/laravel/framework/src/Illuminate/Pipeline/Pipeline.php(219): Illuminate\\Http\\Middleware\\ValidatePostSize->handle(Object(Illuminate\\Http\\Request), Object(Closure))
#55 /Applications/XAMPP/xamppfiles/htdocs/auth/vendor/laravel/framework/src/Illuminate/Foundation/Http/Middleware/PreventRequestsDuringMaintenance.php(109): Illuminate\\Pipeline\\Pipeline->{closure:{closure:Illuminate\\Pipeline\\Pipeline::carry():194}:195}(Object(Illuminate\\Http\\Request))
#56 /Applications/XAMPP/xamppfiles/htdocs/auth/vendor/laravel/framework/src/Illuminate/Pipeline/Pipeline.php(219): Illuminate\\Foundation\\Http\\Middleware\\PreventRequestsDuringMaintenance->handle(Object(Illuminate\\Http\\Request), Object(Closure))
#57 /Applications/XAMPP/xamppfiles/htdocs/auth/vendor/laravel/framework/src/Illuminate/Http/Middleware/HandleCors.php(61): Illuminate\\Pipeline\\Pipeline->{closure:{closure:Illuminate\\Pipeline\\Pipeline::carry():194}:195}(Object(Illuminate\\Http\\Request))
#58 /Applications/XAMPP/xamppfiles/htdocs/auth/vendor/laravel/framework/src/Illuminate/Pipeline/Pipeline.php(219): Illuminate\\Http\\Middleware\\HandleCors->handle(Object(Illuminate\\Http\\Request), Object(Closure))
#59 /Applications/XAMPP/xamppfiles/htdocs/auth/vendor/laravel/framework/src/Illuminate/Http/Middleware/TrustProxies.php(58): Illuminate\\Pipeline\\Pipeline->{closure:{closure:Illuminate\\Pipeline\\Pipeline::carry():194}:195}(Object(Illuminate\\Http\\Request))
#60 /Applications/XAMPP/xamppfiles/htdocs/auth/vendor/laravel/framework/src/Illuminate/Pipeline/Pipeline.php(219): Illuminate\\Http\\Middleware\\TrustProxies->handle(Object(Illuminate\\Http\\Request), Object(Closure))
#61 /Applications/XAMPP/xamppfiles/htdocs/auth/vendor/laravel/framework/src/Illuminate/Foundation/Http/Middleware/InvokeDeferredCallbacks.php(22): Illuminate\\Pipeline\\Pipeline->{closure:{closure:Illuminate\\Pipeline\\Pipeline::carry():194}:195}(Object(Illuminate\\Http\\Request))
#62 /Applications/XAMPP/xamppfiles/htdocs/auth/vendor/laravel/framework/src/Illuminate/Pipeline/Pipeline.php(219): Illuminate\\Foundation\\Http\\Middleware\\InvokeDeferredCallbacks->handle(Object(Illuminate\\Http\\Request), Object(Closure))
#63 /Applications/XAMPP/xamppfiles/htdocs/auth/vendor/laravel/framework/src/Illuminate/Http/Middleware/ValidatePathEncoding.php(26): Illuminate\\Pipeline\\Pipeline->{closure:{closure:Illuminate\\Pipeline\\Pipeline::carry():194}:195}(Object(Illuminate\\Http\\Request))
#64 /Applications/XAMPP/xamppfiles/htdocs/auth/vendor/laravel/framework/src/Illuminate/Pipeline/Pipeline.php(219): Illuminate\\Http\\Middleware\\ValidatePathEncoding->handle(Object(Illuminate\\Http\\Request), Object(Closure))
#65 /Applications/XAMPP/xamppfiles/htdocs/auth/vendor/laravel/framework/src/Illuminate/Pipeline/Pipeline.php(137): Illuminate\\Pipeline\\Pipeline->{closure:{closure:Illuminate\\Pipeline\\Pipeline::carry():194}:195}(Object(Illuminate\\Http\\Request))
#66 /Applications/XAMPP/xamppfiles/htdocs/auth/vendor/laravel/framework/src/Illuminate/Foundation/Http/Kernel.php(175): Illuminate\\Pipeline\\Pipeline->then(Object(Closure))
#67 /Applications/XAMPP/xamppfiles/htdocs/auth/vendor/laravel/framework/src/Illuminate/Foundation/Http/Kernel.php(144): Illuminate\\Foundation\\Http\\Kernel->sendRequestThroughRouter(Object(Illuminate\\Http\\Request))
#68 /Applications/XAMPP/xamppfiles/htdocs/auth/vendor/laravel/framework/src/Illuminate/Foundation/Application.php(1220): Illuminate\\Foundation\\Http\\Kernel->handle(Object(Illuminate\\Http\\Request))
#69 /Applications/XAMPP/xamppfiles/htdocs/auth/public/index.php(20): Illuminate\\Foundation\\Application->handleRequest(Object(Illuminate\\Http\\Request))
#70 /Applications/XAMPP/xamppfiles/htdocs/auth/vendor/laravel/framework/src/Illuminate/Foundation/resources/server.php(23): require_once('/Applications/X...')
#71 {main}
"} 
[2026-02-05 20:45:40] local.ERROR: Undefined property: Illuminate\View\Factory::$yieldContent (View: /Applications/XAMPP/xamppfiles/htdocs/auth/resources/views/layouts/app.blade.php) (View: /Applications/XAMPP/xamppfiles/htdocs/auth/resources/views/layouts/app.blade.php) {"userId":2,"exception":"[object] (Illuminate\\View\\ViewException(code: 0): Undefined property: Illuminate\\View\\Factory::$yieldContent (View: /Applications/XAMPP/xamppfiles/htdocs/auth/resources/views/layouts/app.blade.php) (View: /Applications/XAMPP/xamppfiles/htdocs/auth/resources/views/layouts/app.blade.php) at /Applications/XAMPP/xamppfiles/htdocs/auth/storage/framework/views/4d456c6d643a4708319e19834a515bba.php:8)
[stacktrace]
#0 /Applications/XAMPP/xamppfiles/htdocs/auth/vendor/laravel/framework/src/Illuminate/View/Engines/PhpEngine.php(59): Illuminate\\View\\Engines\\CompilerEngine->handleViewException(Object(Illuminate\\View\\ViewException), 1)
#1 /Applications/XAMPP/xamppfiles/htdocs/auth/vendor/laravel/framework/src/Illuminate/View/Engines/CompilerEngine.php(76): Illuminate\\View\\Engines\\PhpEngine->evaluatePath('/Applications/X...', Array)
#2 /Applications/XAMPP/xamppfiles/htdocs/auth/vendor/laravel/framework/src/Illuminate/View/View.php(208): Illuminate\\View\\Engines\\CompilerEngine->get('/Applications/X...', Array)
#3 /Applications/XAMPP/xamppfiles/htdocs/auth/vendor/laravel/framework/src/Illuminate/View/View.php(191): Illuminate\\View\\View->getContents()
#4 /Applications/XAMPP/xamppfiles/htdocs/auth/vendor/laravel/framework/src/Illuminate/View/View.php(160): Illuminate\\View\\View->renderContents()
#5 /Applications/XAMPP/xamppfiles/htdocs/auth/vendor/laravel/framework/src/Illuminate/Http/Response.php(78): Illuminate\\View\\View->render()
#6 /Applications/XAMPP/xamppfiles/htdocs/auth/vendor/laravel/framework/src/Illuminate/Http/Response.php(34): Illuminate\\Http\\Response->setContent(Object(Illuminate\\View\\View))
#7 /Applications/XAMPP/xamppfiles/htdocs/auth/vendor/laravel/framework/src/Illuminate/Routing/Router.php(939): Illuminate\\Http\\Response->__construct(Object(Illuminate\\View\\View), 200, Array)
#8 /Applications/XAMPP/xamppfiles/htdocs/auth/vendor/laravel/framework/src/Illuminate/Routing/Router.php(906): Illuminate\\Routing\\Router::toResponse(Object(Illuminate\\Http\\Request), Object(Illuminate\\View\\View))
#9 /Applications/XAMPP/xamppfiles/htdocs/auth/vendor/laravel/framework/src/Illuminate/Routing/Router.php(821): Illuminate\\Routing\\Router->prepareResponse(Object(Illuminate\\Http\\Request), Object(Illuminate\\View\\View))
#10 /Applications/XAMPP/xamppfiles/htdocs/auth/vendor/laravel/framework/src/Illuminate/Pipeline/Pipeline.php(180): Illuminate\\Routing\\Router->{closure:Illuminate\\Routing\\Router::runRouteWithinStack():821}(Object(Illuminate\\Http\\Request))
#11 /Applications/XAMPP/xamppfiles/htdocs/auth/vendor/laravel/framework/src/Illuminate/Routing/Middleware/SubstituteBindings.php(50): Illuminate\\Pipeline\\Pipeline->{closure:Illuminate\\Pipeline\\Pipeline::prepareDestination():178}(Object(Illuminate\\Http\\Request))
#12 /Applications/XAMPP/xamppfiles/htdocs/auth/vendor/laravel/framework/src/Illuminate/Pipeline/Pipeline.php(219): Illuminate\\Routing\\Middleware\\SubstituteBindings->handle(Object(Illuminate\\Http\\Request), Object(Closure))
#13 /Applications/XAMPP/xamppfiles/htdocs/auth/vendor/laravel/framework/src/Illuminate/Auth/Middleware/Authenticate.php(63): Illuminate\\Pipeline\\Pipeline->{closure:{closure:Illuminate\\Pipeline\\Pipeline::carry():194}:195}(Object(Illuminate\\Http\\Request))
#14 /Applications/XAMPP/xamppfiles/htdocs/auth/vendor/laravel/framework/src/Illuminate/Pipeline/Pipeline.php(219): Illuminate\\Auth\\Middleware\\Authenticate->handle(Object(Illuminate\\Http\\Request), Object(Closure))
#15 /Applications/XAMPP/xamppfiles/htdocs/auth/vendor/laravel/framework/src/Illuminate/Foundation/Http/Middleware/VerifyCsrfToken.php(87): Illuminate\\Pipeline\\Pipeline->{closure:{closure:Illuminate\\Pipeline\\Pipeline::carry():194}:195}(Object(Illuminate\\Http\\Request))
#16 /Applications/XAMPP/xamppfiles/htdocs/auth/vendor/laravel/framework/src/Illuminate/Pipeline/Pipeline.php(219): Illuminate\\Foundation\\Http\\Middleware\\VerifyCsrfToken->handle(Object(Illuminate\\Http\\Request), Object(Closure))
#17 /Applications/XAMPP/xamppfiles/htdocs/auth/vendor/laravel/framework/src/Illuminate/View/Middleware/ShareErrorsFromSession.php(48): Illuminate\\Pipeline\\Pipeline->{closure:{closure:Illuminate\\Pipeline\\Pipeline::carry():194}:195}(Object(Illuminate\\Http\\Request))
#18 /Applications/XAMPP/xamppfiles/htdocs/auth/vendor/laravel/framework/src/Illuminate/Pipeline/Pipeline.php(219): Illuminate\\View\\Middleware\\ShareErrorsFromSession->handle(Object(Illuminate\\Http\\Request), Object(Closure))
#19 /Applications/XAMPP/xamppfiles/htdocs/auth/vendor/laravel/framework/src/Illuminate/Session/Middleware/StartSession.php(120): Illuminate\\Pipeline\\Pipeline->{closure:{closure:Illuminate\\Pipeline\\Pipeline::carry():194}:195}(Object(Illuminate\\Http\\Request))
#20 /Applications/XAMPP/xamppfiles/htdocs/auth/vendor/laravel/framework/src/Illuminate/Session/Middleware/StartSession.php(63): Illuminate\\Session\\Middleware\\StartSession->handleStatefulRequest(Object(Illuminate\\Http\\Request), Object(Illuminate\\Session\\Store), Object(Closure))
#21 /Applications/XAMPP/xamppfiles/htdocs/auth/vendor/laravel/framework/src/Illuminate/Pipeline/Pipeline.php(219): Illuminate\\Session\\Middleware\\StartSession->handle(Object(Illuminate\\Http\\Request), Object(Closure))
#22 /Applications/XAMPP/xamppfiles/htdocs/auth/vendor/laravel/framework/src/Illuminate/Cookie/Middleware/AddQueuedCookiesToResponse.php(36): Illuminate\\Pipeline\\Pipeline->{closure:{closure:Illuminate\\Pipeline\\Pipeline::carry():194}:195}(Object(Illuminate\\Http\\Request))
#23 /Applications/XAMPP/xamppfiles/htdocs/auth/vendor/laravel/framework/src/Illuminate/Pipeline/Pipeline.php(219): Illuminate\\Cookie\\Middleware\\AddQueuedCookiesToResponse->handle(Object(Illuminate\\Http\\Request), Object(Closure))
#24 /Applications/XAMPP/xamppfiles/htdocs/auth/vendor/laravel/framework/src/Illuminate/Cookie/Middleware/EncryptCookies.php(74): Illuminate\\Pipeline\\Pipeline->{closure:{closure:Illuminate\\Pipeline\\Pipeline::carry():194}:195}(Object(Illuminate\\Http\\Request))
#25 /Applications/XAMPP/xamppfiles/htdocs/auth/vendor/laravel/framework/src/Illuminate/Pipeline/Pipeline.php(219): Illuminate\\Cookie\\Middleware\\EncryptCookies->handle(Object(Illuminate\\Http\\Request), Object(Closure))
#26 /Applications/XAMPP/xamppfiles/htdocs/auth/vendor/laravel/framework/src/Illuminate/Pipeline/Pipeline.php(137): Illuminate\\Pipeline\\Pipeline->{closure:{closure:Illuminate\\Pipeline\\Pipeline::carry():194}:195}(Object(Illuminate\\Http\\Request))
#27 /Applications/XAMPP/xamppfiles/htdocs/auth/vendor/laravel/framework/src/Illuminate/Routing/Router.php(821): Illuminate\\Pipeline\\Pipeline->then(Object(Closure))
#28 /Applications/XAMPP/xamppfiles/htdocs/auth/vendor/laravel/framework/src/Illuminate/Routing/Router.php(800): Illuminate\\Routing\\Router->runRouteWithinStack(Object(Illuminate\\Routing\\Route), Object(Illuminate\\Http\\Request))
#29 /Applications/XAMPP/xamppfiles/htdocs/auth/vendor/laravel/framework/src/Illuminate/Routing/Router.php(764): Illuminate\\Routing\\Router->runRoute(Object(Illuminate\\Http\\Request), Object(Illuminate\\Routing\\Route))
#30 /Applications/XAMPP/xamppfiles/htdocs/auth/vendor/laravel/framework/src/Illuminate/Routing/Router.php(753): Illuminate\\Routing\\Router->dispatchToRoute(Object(Illuminate\\Http\\Request))
#31 /Applications/XAMPP/xamppfiles/htdocs/auth/vendor/laravel/framework/src/Illuminate/Foundation/Http/Kernel.php(200): Illuminate\\Routing\\Router->dispatch(Object(Illuminate\\Http\\Request))
#32 /Applications/XAMPP/xamppfiles/htdocs/auth/vendor/laravel/framework/src/Illuminate/Pipeline/Pipeline.php(180): Illuminate\\Foundation\\Http\\Kernel->{closure:Illuminate\\Foundation\\Http\\Kernel::dispatchToRouter():197}(Object(Illuminate\\Http\\Request))
#33 /Applications/XAMPP/xamppfiles/htdocs/auth/vendor/laravel/framework/src/Illuminate/Foundation/Http/Middleware/TransformsRequest.php(21): Illuminate\\Pipeline\\Pipeline->{closure:Illuminate\\Pipeline\\Pipeline::prepareDestination():178}(Object(Illuminate\\Http\\Request))
#34 /Applications/XAMPP/xamppfiles/htdocs/auth/vendor/laravel/framework/src/Illuminate/Foundation/Http/Middleware/ConvertEmptyStringsToNull.php(31): Illuminate\\Foundation\\Http\\Middleware\\TransformsRequest->handle(Object(Illuminate\\Http\\Request), Object(Closure))
#35 /Applications/XAMPP/xamppfiles/htdocs/auth/vendor/laravel/framework/src/Illuminate/Pipeline/Pipeline.php(219): Illuminate\\Foundation\\Http\\Middleware\\ConvertEmptyStringsToNull->handle(Object(Illuminate\\Http\\Request), Object(Closure))
#36 /Applications/XAMPP/xamppfiles/htdocs/auth/vendor/laravel/framework/src/Illuminate/Foundation/Http/Middleware/TransformsRequest.php(21): Illuminate\\Pipeline\\Pipeline->{closure:{closure:Illuminate\\Pipeline\\Pipeline::carry():194}:195}(Object(Illuminate\\Http\\Request))
#37 /Applications/XAMPP/xamppfiles/htdocs/auth/vendor/laravel/framework/src/Illuminate/Foundation/Http/Middleware/TrimStrings.php(51): Illuminate\\Foundation\\Http\\Middleware\\TransformsRequest->handle(Object(Illuminate\\Http\\Request), Object(Closure))
#38 /Applications/XAMPP/xamppfiles/htdocs/auth/vendor/laravel/framework/src/Illuminate/Pipeline/Pipeline.php(219): Illuminate\\Foundation\\Http\\Middleware\\TrimStrings->handle(Object(Illuminate\\Http\\Request), Object(Closure))
#39 /Applications/XAMPP/xamppfiles/htdocs/auth/vendor/laravel/framework/src/Illuminate/Http/Middleware/ValidatePostSize.php(27): Illuminate\\Pipeline\\Pipeline->{closure:{closure:Illuminate\\Pipeline\\Pipeline::carry():194}:195}(Object(Illuminate\\Http\\Request))
#40 /Applications/XAMPP/xamppfiles/htdocs/auth/vendor/laravel/framework/src/Illuminate/Pipeline/Pipeline.php(219): Illuminate\\Http\\Middleware\\ValidatePostSize->handle(Object(Illuminate\\Http\\Request), Object(Closure))
#41 /Applications/XAMPP/xamppfiles/htdocs/auth/vendor/laravel/framework/src/Illuminate/Foundation/Http/Middleware/PreventRequestsDuringMaintenance.php(109): Illuminate\\Pipeline\\Pipeline->{closure:{closure:Illuminate\\Pipeline\\Pipeline::carry():194}:195}(Object(Illuminate\\Http\\Request))
#42 /Applications/XAMPP/xamppfiles/htdocs/auth/vendor/laravel/framework/src/Illuminate/Pipeline/Pipeline.php(219): Illuminate\\Foundation\\Http\\Middleware\\PreventRequestsDuringMaintenance->handle(Object(Illuminate\\Http\\Request), Object(Closure))
#43 /Applications/XAMPP/xamppfiles/htdocs/auth/vendor/laravel/framework/src/Illuminate/Http/Middleware/HandleCors.php(61): Illuminate\\Pipeline\\Pipeline->{closure:{closure:Illuminate\\Pipeline\\Pipeline::carry():194}:195}(Object(Illuminate\\Http\\Request))
#44 /Applications/XAMPP/xamppfiles/htdocs/auth/vendor/laravel/framework/src/Illuminate/Pipeline/Pipeline.php(219): Illuminate\\Http\\Middleware\\HandleCors->handle(Object(Illuminate\\Http\\Request), Object(Closure))
#45 /Applications/XAMPP/xamppfiles/htdocs/auth/vendor/laravel/framework/src/Illuminate/Http/Middleware/TrustProxies.php(58): Illuminate\\Pipeline\\Pipeline->{closure:{closure:Illuminate\\Pipeline\\Pipeline::carry():194}:195}(Object(Illuminate\\Http\\Request))
#46 /Applications/XAMPP/xamppfiles/htdocs/auth/vendor/laravel/framework/src/Illuminate/Pipeline/Pipeline.php(219): Illuminate\\Http\\Middleware\\TrustProxies->handle(Object(Illuminate\\Http\\Request), Object(Closure))
#47 /Applications/XAMPP/xamppfiles/htdocs/auth/vendor/laravel/framework/src/Illuminate/Foundation/Http/Middleware/InvokeDeferredCallbacks.php(22): Illuminate\\Pipeline\\Pipeline->{closure:{closure:Illuminate\\Pipeline\\Pipeline::carry():194}:195}(Object(Illuminate\\Http\\Request))
#48 /Applications/XAMPP/xamppfiles/htdocs/auth/vendor/laravel/framework/src/Illuminate/Pipeline/Pipeline.php(219): Illuminate\\Foundation\\Http\\Middleware\\InvokeDeferredCallbacks->handle(Object(Illuminate\\Http\\Request), Object(Closure))
#49 /Applications/XAMPP/xamppfiles/htdocs/auth/vendor/laravel/framework/src/Illuminate/Http/Middleware/ValidatePathEncoding.php(26): Illuminate\\Pipeline\\Pipeline->{closure:{closure:Illuminate\\Pipeline\\Pipeline::carry():194}:195}(Object(Illuminate\\Http\\Request))
#50 /Applications/XAMPP/xamppfiles/htdocs/auth/vendor/laravel/framework/src/Illuminate/Pipeline/Pipeline.php(219): Illuminate\\Http\\Middleware\\ValidatePathEncoding->handle(Object(Illuminate\\Http\\Request), Object(Closure))
#51 /Applications/XAMPP/xamppfiles/htdocs/auth/vendor/laravel/framework/src/Illuminate/Pipeline/Pipeline.php(137): Illuminate\\Pipeline\\Pipeline->{closure:{closure:Illuminate\\Pipeline\\Pipeline::carry():194}:195}(Object(Illuminate\\Http\\Request))
#52 /Applications/XAMPP/xamppfiles/htdocs/auth/vendor/laravel/framework/src/Illuminate/Foundation/Http/Kernel.php(175): Illuminate\\Pipeline\\Pipeline->then(Object(Closure))
#53 /Applications/XAMPP/xamppfiles/htdocs/auth/vendor/laravel/framework/src/Illuminate/Foundation/Http/Kernel.php(144): Illuminate\\Foundation\\Http\\Kernel->sendRequestThroughRouter(Object(Illuminate\\Http\\Request))
#54 /Applications/XAMPP/xamppfiles/htdocs/auth/vendor/laravel/framework/src/Illuminate/Foundation/Application.php(1220): Illuminate\\Foundation\\Http\\Kernel->handle(Object(Illuminate\\Http\\Request))
#55 /Applications/XAMPP/xamppfiles/htdocs/auth/public/index.php(20): Illuminate\\Foundation\\Application->handleRequest(Object(Illuminate\\Http\\Request))
#56 /Applications/XAMPP/xamppfiles/htdocs/auth/vendor/laravel/framework/src/Illuminate/Foundation/resources/server.php(23): require_once('/Applications/X...')
#57 {main}

[previous exception] [object] (Illuminate\\View\\ViewException(code: 0): Undefined property: Illuminate\\View\\Factory::$yieldContent (View: /Applications/XAMPP/xamppfiles/htdocs/auth/resources/views/layouts/app.blade.php) at /Applications/XAMPP/xamppfiles/htdocs/auth/storage/framework/views/4d456c6d643a4708319e19834a515bba.php:8)
[stacktrace]
#0 /Applications/XAMPP/xamppfiles/htdocs/auth/vendor/laravel/framework/src/Illuminate/View/Engines/PhpEngine.php(59): Illuminate\\View\\Engines\\CompilerEngine->handleViewException(Object(ErrorException), 2)
#1 /Applications/XAMPP/xamppfiles/htdocs/auth/vendor/laravel/framework/src/Illuminate/View/Engines/CompilerEngine.php(76): Illuminate\\View\\Engines\\PhpEngine->evaluatePath('/Applications/X...', Array)
#2 /Applications/XAMPP/xamppfiles/htdocs/auth/vendor/laravel/framework/src/Illuminate/View/View.php(208): Illuminate\\View\\Engines\\CompilerEngine->get('/Applications/X...', Array)
#3 /Applications/XAMPP/xamppfiles/htdocs/auth/vendor/laravel/framework/src/Illuminate/View/View.php(191): Illuminate\\View\\View->getContents()
#4 /Applications/XAMPP/xamppfiles/htdocs/auth/vendor/laravel/framework/src/Illuminate/View/View.php(160): Illuminate\\View\\View->renderContents()
#5 /Applications/XAMPP/xamppfiles/htdocs/auth/vendor/laravel/framework/src/Illuminate/View/Concerns/ManagesComponents.php(99): Illuminate\\View\\View->render()
#6 /Applications/XAMPP/xamppfiles/htdocs/auth/storage/framework/views/d63f0d27bb2c0e7763e4aa73dd5de99b.php(39): Illuminate\\View\\Factory->renderComponent()
#7 /Applications/XAMPP/xamppfiles/htdocs/auth/vendor/laravel/framework/src/Illuminate/Filesystem/Filesystem.php(123): require('/Applications/X...')
#8 /Applications/XAMPP/xamppfiles/htdocs/auth/vendor/laravel/framework/src/Illuminate/Filesystem/Filesystem.php(124): Illuminate\\Filesystem\\Filesystem::{closure:Illuminate\\Filesystem\\Filesystem::getRequire():120}()
#9 /Applications/XAMPP/xamppfiles/htdocs/auth/vendor/laravel/framework/src/Illuminate/View/Engines/PhpEngine.php(57): Illuminate\\Filesystem\\Filesystem->getRequire('/Applications/X...', Array)
#10 /Applications/XAMPP/xamppfiles/htdocs/auth/vendor/laravel/framework/src/Illuminate/View/Engines/CompilerEngine.php(76): Illuminate\\View\\Engines\\PhpEngine->evaluatePath('/Applications/X...', Array)
#11 /Applications/XAMPP/xamppfiles/htdocs/auth/vendor/laravel/framework/src/Illuminate/View/View.php(208): Illuminate\\View\\Engines\\CompilerEngine->get('/Applications/X...', Array)
#12 /Applications/XAMPP/xamppfiles/htdocs/auth/vendor/laravel/framework/src/Illuminate/View/View.php(191): Illuminate\\View\\View->getContents()
#13 /Applications/XAMPP/xamppfiles/htdocs/auth/vendor/laravel/framework/src/Illuminate/View/View.php(160): Illuminate\\View\\View->renderContents()
#14 /Applications/XAMPP/xamppfiles/htdocs/auth/vendor/laravel/framework/src/Illuminate/Http/Response.php(78): Illuminate\\View\\View->render()
#15 /Applications/XAMPP/xamppfiles/htdocs/auth/vendor/laravel/framework/src/Illuminate/Http/Response.php(34): Illuminate\\Http\\Response->setContent(Object(Illuminate\\View\\View))
#16 /Applications/XAMPP/xamppfiles/htdocs/auth/vendor/laravel/framework/src/Illuminate/Routing/Router.php(939): Illuminate\\Http\\Response->__construct(Object(Illuminate\\View\\View), 200, Array)
#17 /Applications/XAMPP/xamppfiles/htdocs/auth/vendor/laravel/framework/src/Illuminate/Routing/Router.php(906): Illuminate\\Routing\\Router::toResponse(Object(Illuminate\\Http\\Request), Object(Illuminate\\View\\View))
#18 /Applications/XAMPP/xamppfiles/htdocs/auth/vendor/laravel/framework/src/Illuminate/Routing/Router.php(821): Illuminate\\Routing\\Router->prepareResponse(Object(Illuminate\\Http\\Request), Object(Illuminate\\View\\View))
#19 /Applications/XAMPP/xamppfiles/htdocs/auth/vendor/laravel/framework/src/Illuminate/Pipeline/Pipeline.php(180): Illuminate\\Routing\\Router->{closure:Illuminate\\Routing\\Router::runRouteWithinStack():821}(Object(Illuminate\\Http\\Request))
#20 /Applications/XAMPP/xamppfiles/htdocs/auth/vendor/laravel/framework/src/Illuminate/Routing/Middleware/SubstituteBindings.php(50): Illuminate\\Pipeline\\Pipeline->{closure:Illuminate\\Pipeline\\Pipeline::prepareDestination():178}(Object(Illuminate\\Http\\Request))
#21 /Applications/XAMPP/xamppfiles/htdocs/auth/vendor/laravel/framework/src/Illuminate/Pipeline/Pipeline.php(219): Illuminate\\Routing\\Middleware\\SubstituteBindings->handle(Object(Illuminate\\Http\\Request), Object(Closure))
#22 /Applications/XAMPP/xamppfiles/htdocs/auth/vendor/laravel/framework/src/Illuminate/Auth/Middleware/Authenticate.php(63): Illuminate\\Pipeline\\Pipeline->{closure:{closure:Illuminate\\Pipeline\\Pipeline::carry():194}:195}(Object(Illuminate\\Http\\Request))
#23 /Applications/XAMPP/xamppfiles/htdocs/auth/vendor/laravel/framework/src/Illuminate/Pipeline/Pipeline.php(219): Illuminate\\Auth\\Middleware\\Authenticate->handle(Object(Illuminate\\Http\\Request), Object(Closure))
#24 /Applications/XAMPP/xamppfiles/htdocs/auth/vendor/laravel/framework/src/Illuminate/Foundation/Http/Middleware/VerifyCsrfToken.php(87): Illuminate\\Pipeline\\Pipeline->{closure:{closure:Illuminate\\Pipeline\\Pipeline::carry():194}:195}(Object(Illuminate\\Http\\Request))
#25 /Applications/XAMPP/xamppfiles/htdocs/auth/vendor/laravel/framework/src/Illuminate/Pipeline/Pipeline.php(219): Illuminate\\Foundation\\Http\\Middleware\\VerifyCsrfToken->handle(Object(Illuminate\\Http\\Request), Object(Closure))
#26 /Applications/XAMPP/xamppfiles/htdocs/auth/vendor/laravel/framework/src/Illuminate/View/Middleware/ShareErrorsFromSession.php(48): Illuminate\\Pipeline\\Pipeline->{closure:{closure:Illuminate\\Pipeline\\Pipeline::carry():194}:195}(Object(Illuminate\\Http\\Request))
#27 /Applications/XAMPP/xamppfiles/htdocs/auth/vendor/laravel/framework/src/Illuminate/Pipeline/Pipeline.php(219): Illuminate\\View\\Middleware\\ShareErrorsFromSession->handle(Object(Illuminate\\Http\\Request), Object(Closure))
#28 /Applications/XAMPP/xamppfiles/htdocs/auth/vendor/laravel/framework/src/Illuminate/Session/Middleware/StartSession.php(120): Illuminate\\Pipeline\\Pipeline->{closure:{closure:Illuminate\\Pipeline\\Pipeline::carry():194}:195}(Object(Illuminate\\Http\\Request))
#29 /Applications/XAMPP/xamppfiles/htdocs/auth/vendor/laravel/framework/src/Illuminate/Session/Middleware/StartSession.php(63): Illuminate\\Session\\Middleware\\StartSession->handleStatefulRequest(Object(Illuminate\\Http\\Request), Object(Illuminate\\Session\\Store), Object(Closure))
#30 /Applications/XAMPP/xamppfiles/htdocs/auth/vendor/laravel/framework/src/Illuminate/Pipeline/Pipeline.php(219): Illuminate\\Session\\Middleware\\StartSession->handle(Object(Illuminate\\Http\\Request), Object(Closure))
#31 /Applications/XAMPP/xamppfiles/htdocs/auth/vendor/laravel/framework/src/Illuminate/Cookie/Middleware/AddQueuedCookiesToResponse.php(36): Illuminate\\Pipeline\\Pipeline->{closure:{closure:Illuminate\\Pipeline\\Pipeline::carry():194}:195}(Object(Illuminate\\Http\\Request))
#32 /Applications/XAMPP/xamppfiles/htdocs/auth/vendor/laravel/framework/src/Illuminate/Pipeline/Pipeline.php(219): Illuminate\\Cookie\\Middleware\\AddQueuedCookiesToResponse->handle(Object(Illuminate\\Http\\Request), Object(Closure))
#33 /Applications/XAMPP/xamppfiles/htdocs/auth/vendor/laravel/framework/src/Illuminate/Cookie/Middleware/EncryptCookies.php(74): Illuminate\\Pipeline\\Pipeline->{closure:{closure:Illuminate\\Pipeline\\Pipeline::carry():194}:195}(Object(Illuminate\\Http\\Request))
#34 /Applications/XAMPP/xamppfiles/htdocs/auth/vendor/laravel/framework/src/Illuminate/Pipeline/Pipeline.php(219): Illuminate\\Cookie\\Middleware\\EncryptCookies->handle(Object(Illuminate\\Http\\Request), Object(Closure))
#35 /Applications/XAMPP/xamppfiles/htdocs/auth/vendor/laravel/framework/src/Illuminate/Pipeline/Pipeline.php(137): Illuminate\\Pipeline\\Pipeline->{closure:{closure:Illuminate\\Pipeline\\Pipeline::carry():194}:195}(Object(Illuminate\\Http\\Request))
#36 /Applications/XAMPP/xamppfiles/htdocs/auth/vendor/laravel/framework/src/Illuminate/Routing/Router.php(821): Illuminate\\Pipeline\\Pipeline->then(Object(Closure))
#37 /Applications/XAMPP/xamppfiles/htdocs/auth/vendor/laravel/framework/src/Illuminate/Routing/Router.php(800): Illuminate\\Routing\\Router->runRouteWithinStack(Object(Illuminate\\Routing\\Route), Object(Illuminate\\Http\\Request))
#38 /Applications/XAMPP/xamppfiles/htdocs/auth/vendor/laravel/framework/src/Illuminate/Routing/Router.php(764): Illuminate\\Routing\\Router->runRoute(Object(Illuminate\\Http\\Request), Object(Illuminate\\Routing\\Route))
#39 /Applications/XAMPP/xamppfiles/htdocs/auth/vendor/laravel/framework/src/Illuminate/Routing/Router.php(753): Illuminate\\Routing\\Router->dispatchToRoute(Object(Illuminate\\Http\\Request))
#40 /Applications/XAMPP/xamppfiles/htdocs/auth/vendor/laravel/framework/src/Illuminate/Foundation/Http/Kernel.php(200): Illuminate\\Routing\\Router->dispatch(Object(Illuminate\\Http\\Request))
#41 /Applications/XAMPP/xamppfiles/htdocs/auth/vendor/laravel/framework/src/Illuminate/Pipeline/Pipeline.php(180): Illuminate\\Foundation\\Http\\Kernel->{closure:Illuminate\\Foundation\\Http\\Kernel::dispatchToRouter():197}(Object(Illuminate\\Http\\Request))
#42 /Applications/XAMPP/xamppfiles/htdocs/auth/vendor/laravel/framework/src/Illuminate/Foundation/Http/Middleware/TransformsRequest.php(21): Illuminate\\Pipeline\\Pipeline->{closure:Illuminate\\Pipeline\\Pipeline::prepareDestination():178}(Object(Illuminate\\Http\\Request))
#43 /Applications/XAMPP/xamppfiles/htdocs/auth/vendor/laravel/framework/src/Illuminate/Foundation/Http/Middleware/ConvertEmptyStringsToNull.php(31): Illuminate\\Foundation\\Http\\Middleware\\TransformsRequest->handle(Object(Illuminate\\Http\\Request), Object(Closure))
#44 /Applications/XAMPP/xamppfiles/htdocs/auth/vendor/laravel/framework/src/Illuminate/Pipeline/Pipeline.php(219): Illuminate\\Foundation\\Http\\Middleware\\ConvertEmptyStringsToNull->handle(Object(Illuminate\\Http\\Request), Object(Closure))
#45 /Applications/XAMPP/xamppfiles/htdocs/auth/vendor/laravel/framework/src/Illuminate/Foundation/Http/Middleware/TransformsRequest.php(21): Illuminate\\Pipeline\\Pipeline->{closure:{closure:Illuminate\\Pipeline\\Pipeline::carry():194}:195}(Object(Illuminate\\Http\\Request))
#46 /Applications/XAMPP/xamppfiles/htdocs/auth/vendor/laravel/framework/src/Illuminate/Foundation/Http/Middleware/TrimStrings.php(51): Illuminate\\Foundation\\Http\\Middleware\\TransformsRequest->handle(Object(Illuminate\\Http\\Request), Object(Closure))
#47 /Applications/XAMPP/xamppfiles/htdocs/auth/vendor/laravel/framework/src/Illuminate/Pipeline/Pipeline.php(219): Illuminate\\Foundation\\Http\\Middleware\\TrimStrings->handle(Object(Illuminate\\Http\\Request), Object(Closure))
#48 /Applications/XAMPP/xamppfiles/htdocs/auth/vendor/laravel/framework/src/Illuminate/Http/Middleware/ValidatePostSize.php(27): Illuminate\\Pipeline\\Pipeline->{closure:{closure:Illuminate\\Pipeline\\Pipeline::carry():194}:195}(Object(Illuminate\\Http\\Request))
#49 /Applications/XAMPP/xamppfiles/htdocs/auth/vendor/laravel/framework/src/Illuminate/Pipeline/Pipeline.php(219): Illuminate\\Http\\Middleware\\ValidatePostSize->handle(Object(Illuminate\\Http\\Request), Object(Closure))
#50 /Applications/XAMPP/xamppfiles/htdocs/auth/vendor/laravel/framework/src/Illuminate/Foundation/Http/Middleware/PreventRequestsDuringMaintenance.php(109): Illuminate\\Pipeline\\Pipeline->{closure:{closure:Illuminate\\Pipeline\\Pipeline::carry():194}:195}(Object(Illuminate\\Http\\Request))
#51 /Applications/XAMPP/xamppfiles/htdocs/auth/vendor/laravel/framework/src/Illuminate/Pipeline/Pipeline.php(219): Illuminate\\Foundation\\Http\\Middleware\\PreventRequestsDuringMaintenance->handle(Object(Illuminate\\Http\\Request), Object(Closure))
#52 /Applications/XAMPP/xamppfiles/htdocs/auth/vendor/laravel/framework/src/Illuminate/Http/Middleware/HandleCors.php(61): Illuminate\\Pipeline\\Pipeline->{closure:{closure:Illuminate\\Pipeline\\Pipeline::carry():194}:195}(Object(Illuminate\\Http\\Request))
#53 /Applications/XAMPP/xamppfiles/htdocs/auth/vendor/laravel/framework/src/Illuminate/Pipeline/Pipeline.php(219): Illuminate\\Http\\Middleware\\HandleCors->handle(Object(Illuminate\\Http\\Request), Object(Closure))
#54 /Applications/XAMPP/xamppfiles/htdocs/auth/vendor/laravel/framework/src/Illuminate/Http/Middleware/TrustProxies.php(58): Illuminate\\Pipeline\\Pipeline->{closure:{closure:Illuminate\\Pipeline\\Pipeline::carry():194}:195}(Object(Illuminate\\Http\\Request))
#55 /Applications/XAMPP/xamppfiles/htdocs/auth/vendor/laravel/framework/src/Illuminate/Pipeline/Pipeline.php(219): Illuminate\\Http\\Middleware\\TrustProxies->handle(Object(Illuminate\\Http\\Request), Object(Closure))
#56 /Applications/XAMPP/xamppfiles/htdocs/auth/vendor/laravel/framework/src/Illuminate/Foundation/Http/Middleware/InvokeDeferredCallbacks.php(22): Illuminate\\Pipeline\\Pipeline->{closure:{closure:Illuminate\\Pipeline\\Pipeline::carry():194}:195}(Object(Illuminate\\Http\\Request))
#57 /Applications/XAMPP/xamppfiles/htdocs/auth/vendor/laravel/framework/src/Illuminate/Pipeline/Pipeline.php(219): Illuminate\\Foundation\\Http\\Middleware\\InvokeDeferredCallbacks->handle(Object(Illuminate\\Http\\Request), Object(Closure))
#58 /Applications/XAMPP/xamppfiles/htdocs/auth/vendor/laravel/framework/src/Illuminate/Http/Middleware/ValidatePathEncoding.php(26): Illuminate\\Pipeline\\Pipeline->{closure:{closure:Illuminate\\Pipeline\\Pipeline::carry():194}:195}(Object(Illuminate\\Http\\Request))
#59 /Applications/XAMPP/xamppfiles/htdocs/auth/vendor/laravel/framework/src/Illuminate/Pipeline/Pipeline.php(219): Illuminate\\Http\\Middleware\\ValidatePathEncoding->handle(Object(Illuminate\\Http\\Request), Object(Closure))
#60 /Applications/XAMPP/xamppfiles/htdocs/auth/vendor/laravel/framework/src/Illuminate/Pipeline/Pipeline.php(137): Illuminate\\Pipeline\\Pipeline->{closure:{closure:Illuminate\\Pipeline\\Pipeline::carry():194}:195}(Object(Illuminate\\Http\\Request))
#61 /Applications/XAMPP/xamppfiles/htdocs/auth/vendor/laravel/framework/src/Illuminate/Foundation/Http/Kernel.php(175): Illuminate\\Pipeline\\Pipeline->then(Object(Closure))
#62 /Applications/XAMPP/xamppfiles/htdocs/auth/vendor/laravel/framework/src/Illuminate/Foundation/Http/Kernel.php(144): Illuminate\\Foundation\\Http\\Kernel->sendRequestThroughRouter(Object(Illuminate\\Http\\Request))
#63 /Applications/XAMPP/xamppfiles/htdocs/auth/vendor/laravel/framework/src/Illuminate/Foundation/Application.php(1220): Illuminate\\Foundation\\Http\\Kernel->handle(Object(Illuminate\\Http\\Request))
#64 /Applications/XAMPP/xamppfiles/htdocs/auth/public/index.php(20): Illuminate\\Foundation\\Application->handleRequest(Object(Illuminate\\Http\\Request))
#65 /Applications/XAMPP/xamppfiles/htdocs/auth/vendor/laravel/framework/src/Illuminate/Foundation/resources/server.php(23): require_once('/Applications/X...')
#66 {main}

[previous exception] [object] (ErrorException(code: 0): Undefined property: Illuminate\\View\\Factory::$yieldContent at /Applications/XAMPP/xamppfiles/htdocs/auth/storage/framework/views/4d456c6d643a4708319e19834a515bba.php:8)
[stacktrace]
#0 /Applications/XAMPP/xamppfiles/htdocs/auth/vendor/laravel/framework/src/Illuminate/Foundation/Bootstrap/HandleExceptions.php(258): Illuminate\\Foundation\\Bootstrap\\HandleExceptions->handleError(2, 'Undefined prope...', '/Applications/X...', 8)
#1 /Applications/XAMPP/xamppfiles/htdocs/auth/storage/framework/views/4d456c6d643a4708319e19834a515bba.php(8): Illuminate\\Foundation\\Bootstrap\\HandleExceptions->{closure:Illuminate\\Foundation\\Bootstrap\\HandleExceptions::forwardsTo():257}(2, 'Undefined prope...', '/Applications/X...', 8)
#2 /Applications/XAMPP/xamppfiles/htdocs/auth/vendor/laravel/framework/src/Illuminate/Filesystem/Filesystem.php(123): require('/Applications/X...')
#3 /Applications/XAMPP/xamppfiles/htdocs/auth/vendor/laravel/framework/src/Illuminate/Filesystem/Filesystem.php(124): Illuminate\\Filesystem\\Filesystem::{closure:Illuminate\\Filesystem\\Filesystem::getRequire():120}()
#4 /Applications/XAMPP/xamppfiles/htdocs/auth/vendor/laravel/framework/src/Illuminate/View/Engines/PhpEngine.php(57): Illuminate\\Filesystem\\Filesystem->getRequire('/Applications/X...', Array)
#5 /Applications/XAMPP/xamppfiles/htdocs/auth/vendor/laravel/framework/src/Illuminate/View/Engines/CompilerEngine.php(76): Illuminate\\View\\Engines\\PhpEngine->evaluatePath('/Applications/X...', Array)
#6 /Applications/XAMPP/xamppfiles/htdocs/auth/vendor/laravel/framework/src/Illuminate/View/View.php(208): Illuminate\\View\\Engines\\CompilerEngine->get('/Applications/X...', Array)
#7 /Applications/XAMPP/xamppfiles/htdocs/auth/vendor/laravel/framework/src/Illuminate/View/View.php(191): Illuminate\\View\\View->getContents()
#8 /Applications/XAMPP/xamppfiles/htdocs/auth/vendor/laravel/framework/src/Illuminate/View/View.php(160): Illuminate\\View\\View->renderContents()
#9 /Applications/XAMPP/xamppfiles/htdocs/auth/vendor/laravel/framework/src/Illuminate/View/Concerns/ManagesComponents.php(99): Illuminate\\View\\View->render()
#10 /Applications/XAMPP/xamppfiles/htdocs/auth/storage/framework/views/d63f0d27bb2c0e7763e4aa73dd5de99b.php(39): Illuminate\\View\\Factory->renderComponent()
#11 /Applications/XAMPP/xamppfiles/htdocs/auth/vendor/laravel/framework/src/Illuminate/Filesystem/Filesystem.php(123): require('/Applications/X...')
#12 /Applications/XAMPP/xamppfiles/htdocs/auth/vendor/laravel/framework/src/Illuminate/Filesystem/Filesystem.php(124): Illuminate\\Filesystem\\Filesystem::{closure:Illuminate\\Filesystem\\Filesystem::getRequire():120}()
#13 /Applications/XAMPP/xamppfiles/htdocs/auth/vendor/laravel/framework/src/Illuminate/View/Engines/PhpEngine.php(57): Illuminate\\Filesystem\\Filesystem->getRequire('/Applications/X...', Array)
#14 /Applications/XAMPP/xamppfiles/htdocs/auth/vendor/laravel/framework/src/Illuminate/View/Engines/CompilerEngine.php(76): Illuminate\\View\\Engines\\PhpEngine->evaluatePath('/Applications/X...', Array)
#15 /Applications/XAMPP/xamppfiles/htdocs/auth/vendor/laravel/framework/src/Illuminate/View/View.php(208): Illuminate\\View\\Engines\\CompilerEngine->get('/Applications/X...', Array)
#16 /Applications/XAMPP/xamppfiles/htdocs/auth/vendor/laravel/framework/src/Illuminate/View/View.php(191): Illuminate\\View\\View->getContents()
#17 /Applications/XAMPP/xamppfiles/htdocs/auth/vendor/laravel/framework/src/Illuminate/View/View.php(160): Illuminate\\View\\View->renderContents()
#18 /Applications/XAMPP/xamppfiles/htdocs/auth/vendor/laravel/framework/src/Illuminate/Http/Response.php(78): Illuminate\\View\\View->render()
#19 /Applications/XAMPP/xamppfiles/htdocs/auth/vendor/laravel/framework/src/Illuminate/Http/Response.php(34): Illuminate\\Http\\Response->setContent(Object(Illuminate\\View\\View))
#20 /Applications/XAMPP/xamppfiles/htdocs/auth/vendor/laravel/framework/src/Illuminate/Routing/Router.php(939): Illuminate\\Http\\Response->__construct(Object(Illuminate\\View\\View), 200, Array)
#21 /Applications/XAMPP/xamppfiles/htdocs/auth/vendor/laravel/framework/src/Illuminate/Routing/Router.php(906): Illuminate\\Routing\\Router::toResponse(Object(Illuminate\\Http\\Request), Object(Illuminate\\View\\View))
#22 /Applications/XAMPP/xamppfiles/htdocs/auth/vendor/laravel/framework/src/Illuminate/Routing/Router.php(821): Illuminate\\Routing\\Router->prepareResponse(Object(Illuminate\\Http\\Request), Object(Illuminate\\View\\View))
#23 /Applications/XAMPP/xamppfiles/htdocs/auth/vendor/laravel/framework/src/Illuminate/Pipeline/Pipeline.php(180): Illuminate\\Routing\\Router->{closure:Illuminate\\Routing\\Router::runRouteWithinStack():821}(Object(Illuminate\\Http\\Request))
#24 /Applications/XAMPP/xamppfiles/htdocs/auth/vendor/laravel/framework/src/Illuminate/Routing/Middleware/SubstituteBindings.php(50): Illuminate\\Pipeline\\Pipeline->{closure:Illuminate\\Pipeline\\Pipeline::prepareDestination():178}(Object(Illuminate\\Http\\Request))
#25 /Applications/XAMPP/xamppfiles/htdocs/auth/vendor/laravel/framework/src/Illuminate/Pipeline/Pipeline.php(219): Illuminate\\Routing\\Middleware\\SubstituteBindings->handle(Object(Illuminate\\Http\\Request), Object(Closure))
#26 /Applications/XAMPP/xamppfiles/htdocs/auth/vendor/laravel/framework/src/Illuminate/Auth/Middleware/Authenticate.php(63): Illuminate\\Pipeline\\Pipeline->{closure:{closure:Illuminate\\Pipeline\\Pipeline::carry():194}:195}(Object(Illuminate\\Http\\Request))
#27 /Applications/XAMPP/xamppfiles/htdocs/auth/vendor/laravel/framework/src/Illuminate/Pipeline/Pipeline.php(219): Illuminate\\Auth\\Middleware\\Authenticate->handle(Object(Illuminate\\Http\\Request), Object(Closure))
#28 /Applications/XAMPP/xamppfiles/htdocs/auth/vendor/laravel/framework/src/Illuminate/Foundation/Http/Middleware/VerifyCsrfToken.php(87): Illuminate\\Pipeline\\Pipeline->{closure:{closure:Illuminate\\Pipeline\\Pipeline::carry():194}:195}(Object(Illuminate\\Http\\Request))
#29 /Applications/XAMPP/xamppfiles/htdocs/auth/vendor/laravel/framework/src/Illuminate/Pipeline/Pipeline.php(219): Illuminate\\Foundation\\Http\\Middleware\\VerifyCsrfToken->handle(Object(Illuminate\\Http\\Request), Object(Closure))
#30 /Applications/XAMPP/xamppfiles/htdocs/auth/vendor/laravel/framework/src/Illuminate/View/Middleware/ShareErrorsFromSession.php(48): Illuminate\\Pipeline\\Pipeline->{closure:{closure:Illuminate\\Pipeline\\Pipeline::carry():194}:195}(Object(Illuminate\\Http\\Request))
#31 /Applications/XAMPP/xamppfiles/htdocs/auth/vendor/laravel/framework/src/Illuminate/Pipeline/Pipeline.php(219): Illuminate\\View\\Middleware\\ShareErrorsFromSession->handle(Object(Illuminate\\Http\\Request), Object(Closure))
#32 /Applications/XAMPP/xamppfiles/htdocs/auth/vendor/laravel/framework/src/Illuminate/Session/Middleware/StartSession.php(120): Illuminate\\Pipeline\\Pipeline->{closure:{closure:Illuminate\\Pipeline\\Pipeline::carry():194}:195}(Object(Illuminate\\Http\\Request))
#33 /Applications/XAMPP/xamppfiles/htdocs/auth/vendor/laravel/framework/src/Illuminate/Session/Middleware/StartSession.php(63): Illuminate\\Session\\Middleware\\StartSession->handleStatefulRequest(Object(Illuminate\\Http\\Request), Object(Illuminate\\Session\\Store), Object(Closure))
#34 /Applications/XAMPP/xamppfiles/htdocs/auth/vendor/laravel/framework/src/Illuminate/Pipeline/Pipeline.php(219): Illuminate\\Session\\Middleware\\StartSession->handle(Object(Illuminate\\Http\\Request), Object(Closure))
#35 /Applications/XAMPP/xamppfiles/htdocs/auth/vendor/laravel/framework/src/Illuminate/Cookie/Middleware/AddQueuedCookiesToResponse.php(36): Illuminate\\Pipeline\\Pipeline->{closure:{closure:Illuminate\\Pipeline\\Pipeline::carry():194}:195}(Object(Illuminate\\Http\\Request))
#36 /Applications/XAMPP/xamppfiles/htdocs/auth/vendor/laravel/framework/src/Illuminate/Pipeline/Pipeline.php(219): Illuminate\\Cookie\\Middleware\\AddQueuedCookiesToResponse->handle(Object(Illuminate\\Http\\Request), Object(Closure))
#37 /Applications/XAMPP/xamppfiles/htdocs/auth/vendor/laravel/framework/src/Illuminate/Cookie/Middleware/EncryptCookies.php(74): Illuminate\\Pipeline\\Pipeline->{closure:{closure:Illuminate\\Pipeline\\Pipeline::carry():194}:195}(Object(Illuminate\\Http\\Request))
#38 /Applications/XAMPP/xamppfiles/htdocs/auth/vendor/laravel/framework/src/Illuminate/Pipeline/Pipeline.php(219): Illuminate\\Cookie\\Middleware\\EncryptCookies->handle(Object(Illuminate\\Http\\Request), Object(Closure))
#39 /Applications/XAMPP/xamppfiles/htdocs/auth/vendor/laravel/framework/src/Illuminate/Pipeline/Pipeline.php(137): Illuminate\\Pipeline\\Pipeline->{closure:{closure:Illuminate\\Pipeline\\Pipeline::carry():194}:195}(Object(Illuminate\\Http\\Request))
#40 /Applications/XAMPP/xamppfiles/htdocs/auth/vendor/laravel/framework/src/Illuminate/Routing/Router.php(821): Illuminate\\Pipeline\\Pipeline->then(Object(Closure))
#41 /Applications/XAMPP/xamppfiles/htdocs/auth/vendor/laravel/framework/src/Illuminate/Routing/Router.php(800): Illuminate\\Routing\\Router->runRouteWithinStack(Object(Illuminate\\Routing\\Route), Object(Illuminate\\Http\\Request))
#42 /Applications/XAMPP/xamppfiles/htdocs/auth/vendor/laravel/framework/src/Illuminate/Routing/Router.php(764): Illuminate\\Routing\\Router->runRoute(Object(Illuminate\\Http\\Request), Object(Illuminate\\Routing\\Route))
#43 /Applications/XAMPP/xamppfiles/htdocs/auth/vendor/laravel/framework/src/Illuminate/Routing/Router.php(753): Illuminate\\Routing\\Router->dispatchToRoute(Object(Illuminate\\Http\\Request))
#44 /Applications/XAMPP/xamppfiles/htdocs/auth/vendor/laravel/framework/src/Illuminate/Foundation/Http/Kernel.php(200): Illuminate\\Routing\\Router->dispatch(Object(Illuminate\\Http\\Request))
#45 /Applications/XAMPP/xamppfiles/htdocs/auth/vendor/laravel/framework/src/Illuminate/Pipeline/Pipeline.php(180): Illuminate\\Foundation\\Http\\Kernel->{closure:Illuminate\\Foundation\\Http\\Kernel::dispatchToRouter():197}(Object(Illuminate\\Http\\Request))
#46 /Applications/XAMPP/xamppfiles/htdocs/auth/vendor/laravel/framework/src/Illuminate/Foundation/Http/Middleware/TransformsRequest.php(21): Illuminate\\Pipeline\\Pipeline->{closure:Illuminate\\Pipeline\\Pipeline::prepareDestination():178}(Object(Illuminate\\Http\\Request))
#47 /Applications/XAMPP/xamppfiles/htdocs/auth/vendor/laravel/framework/src/Illuminate/Foundation/Http/Middleware/ConvertEmptyStringsToNull.php(31): Illuminate\\Foundation\\Http\\Middleware\\TransformsRequest->handle(Object(Illuminate\\Http\\Request), Object(Closure))
#48 /Applications/XAMPP/xamppfiles/htdocs/auth/vendor/laravel/framework/src/Illuminate/Pipeline/Pipeline.php(219): Illuminate\\Foundation\\Http\\Middleware\\ConvertEmptyStringsToNull->handle(Object(Illuminate\\Http\\Request), Object(Closure))
#49 /Applications/XAMPP/xamppfiles/htdocs/auth/vendor/laravel/framework/src/Illuminate/Foundation/Http/Middleware/TransformsRequest.php(21): Illuminate\\Pipeline\\Pipeline->{closure:{closure:Illuminate\\Pipeline\\Pipeline::carry():194}:195}(Object(Illuminate\\Http\\Request))
#50 /Applications/XAMPP/xamppfiles/htdocs/auth/vendor/laravel/framework/src/Illuminate/Foundation/Http/Middleware/TrimStrings.php(51): Illuminate\\Foundation\\Http\\Middleware\\TransformsRequest->handle(Object(Illuminate\\Http\\Request), Object(Closure))
#51 /Applications/XAMPP/xamppfiles/htdocs/auth/vendor/laravel/framework/src/Illuminate/Pipeline/Pipeline.php(219): Illuminate\\Foundation\\Http\\Middleware\\TrimStrings->handle(Object(Illuminate\\Http\\Request), Object(Closure))
#52 /Applications/XAMPP/xamppfiles/htdocs/auth/vendor/laravel/framework/src/Illuminate/Http/Middleware/ValidatePostSize.php(27): Illuminate\\Pipeline\\Pipeline->{closure:{closure:Illuminate\\Pipeline\\Pipeline::carry():194}:195}(Object(Illuminate\\Http\\Request))
#53 /Applications/XAMPP/xamppfiles/htdocs/auth/vendor/laravel/framework/src/Illuminate/Pipeline/Pipeline.php(219): Illuminate\\Http\\Middleware\\ValidatePostSize->handle(Object(Illuminate\\Http\\Request), Object(Closure))
#54 /Applications/XAMPP/xamppfiles/htdocs/auth/vendor/laravel/framework/src/Illuminate/Foundation/Http/Middleware/PreventRequestsDuringMaintenance.php(109): Illuminate\\Pipeline\\Pipeline->{closure:{closure:Illuminate\\Pipeline\\Pipeline::carry():194}:195}(Object(Illuminate\\Http\\Request))
#55 /Applications/XAMPP/xamppfiles/htdocs/auth/vendor/laravel/framework/src/Illuminate/Pipeline/Pipeline.php(219): Illuminate\\Foundation\\Http\\Middleware\\PreventRequestsDuringMaintenance->handle(Object(Illuminate\\Http\\Request), Object(Closure))
#56 /Applications/XAMPP/xamppfiles/htdocs/auth/vendor/laravel/framework/src/Illuminate/Http/Middleware/HandleCors.php(61): Illuminate\\Pipeline\\Pipeline->{closure:{closure:Illuminate\\Pipeline\\Pipeline::carry():194}:195}(Object(Illuminate\\Http\\Request))
#57 /Applications/XAMPP/xamppfiles/htdocs/auth/vendor/laravel/framework/src/Illuminate/Pipeline/Pipeline.php(219): Illuminate\\Http\\Middleware\\HandleCors->handle(Object(Illuminate\\Http\\Request), Object(Closure))
#58 /Applications/XAMPP/xamppfiles/htdocs/auth/vendor/laravel/framework/src/Illuminate/Http/Middleware/TrustProxies.php(58): Illuminate\\Pipeline\\Pipeline->{closure:{closure:Illuminate\\Pipeline\\Pipeline::carry():194}:195}(Object(Illuminate\\Http\\Request))
#59 /Applications/XAMPP/xamppfiles/htdocs/auth/vendor/laravel/framework/src/Illuminate/Pipeline/Pipeline.php(219): Illuminate\\Http\\Middleware\\TrustProxies->handle(Object(Illuminate\\Http\\Request), Object(Closure))
#60 /Applications/XAMPP/xamppfiles/htdocs/auth/vendor/laravel/framework/src/Illuminate/Foundation/Http/Middleware/InvokeDeferredCallbacks.php(22): Illuminate\\Pipeline\\Pipeline->{closure:{closure:Illuminate\\Pipeline\\Pipeline::carry():194}:195}(Object(Illuminate\\Http\\Request))
#61 /Applications/XAMPP/xamppfiles/htdocs/auth/vendor/laravel/framework/src/Illuminate/Pipeline/Pipeline.php(219): Illuminate\\Foundation\\Http\\Middleware\\InvokeDeferredCallbacks->handle(Object(Illuminate\\Http\\Request), Object(Closure))
#62 /Applications/XAMPP/xamppfiles/htdocs/auth/vendor/laravel/framework/src/Illuminate/Http/Middleware/ValidatePathEncoding.php(26): Illuminate\\Pipeline\\Pipeline->{closure:{closure:Illuminate\\Pipeline\\Pipeline::carry():194}:195}(Object(Illuminate\\Http\\Request))
#63 /Applications/XAMPP/xamppfiles/htdocs/auth/vendor/laravel/framework/src/Illuminate/Pipeline/Pipeline.php(219): Illuminate\\Http\\Middleware\\ValidatePathEncoding->handle(Object(Illuminate\\Http\\Request), Object(Closure))
#64 /Applications/XAMPP/xamppfiles/htdocs/auth/vendor/laravel/framework/src/Illuminate/Pipeline/Pipeline.php(137): Illuminate\\Pipeline\\Pipeline->{closure:{closure:Illuminate\\Pipeline\\Pipeline::carry():194}:195}(Object(Illuminate\\Http\\Request))
#65 /Applications/XAMPP/xamppfiles/htdocs/auth/vendor/laravel/framework/src/Illuminate/Foundation/Http/Kernel.php(175): Illuminate\\Pipeline\\Pipeline->then(Object(Closure))
#66 /Applications/XAMPP/xamppfiles/htdocs/auth/vendor/laravel/framework/src/Illuminate/Foundation/Http/Kernel.php(144): Illuminate\\Foundation\\Http\\Kernel->sendRequestThroughRouter(Object(Illuminate\\Http\\Request))
#67 /Applications/XAMPP/xamppfiles/htdocs/auth/vendor/laravel/framework/src/Illuminate/Foundation/Application.php(1220): Illuminate\\Foundation\\Http\\Kernel->handle(Object(Illuminate\\Http\\Request))
#68 /Applications/XAMPP/xamppfiles/htdocs/auth/public/index.php(20): Illuminate\\Foundation\\Application->handleRequest(Object(Illuminate\\Http\\Request))
#69 /Applications/XAMPP/xamppfiles/htdocs/auth/vendor/laravel/framework/src/Illuminate/Foundation/resources/server.php(23): require_once('/Applications/X...')
#70 {main}
"} 
[2026-02-05 20:47:19] local.ERROR: Undefined constant "open" (View: /Applications/XAMPP/xamppfiles/htdocs/auth/resources/views/layouts/navigation.blade.php) (View: /Applications/XAMPP/xamppfiles/htdocs/auth/resources/views/layouts/navigation.blade.php) (View: /Applications/XAMPP/xamppfiles/htdocs/auth/resources/views/layouts/navigation.blade.php) {"userId":2,"exception":"[object] (Illuminate\\View\\ViewException(code: 0): Undefined constant \"open\" (View: /Applications/XAMPP/xamppfiles/htdocs/auth/resources/views/layouts/navigation.blade.php) (View: /Applications/XAMPP/xamppfiles/htdocs/auth/resources/views/layouts/navigation.blade.php) (View: /Applications/XAMPP/xamppfiles/htdocs/auth/resources/views/layouts/navigation.blade.php) at /Applications/XAMPP/xamppfiles/htdocs/auth/storage/framework/views/90ec811567e91a67561b3ac1b7032958.php:143)
[stacktrace]
#0 /Applications/XAMPP/xamppfiles/htdocs/auth/vendor/laravel/framework/src/Illuminate/View/Engines/PhpEngine.php(59): Illuminate\\View\\Engines\\CompilerEngine->handleViewException(Object(Illuminate\\View\\ViewException), 1)
#1 /Applications/XAMPP/xamppfiles/htdocs/auth/vendor/laravel/framework/src/Illuminate/View/Engines/CompilerEngine.php(76): Illuminate\\View\\Engines\\PhpEngine->evaluatePath('/Applications/X...', Array)
#2 /Applications/XAMPP/xamppfiles/htdocs/auth/vendor/laravel/framework/src/Illuminate/View/View.php(208): Illuminate\\View\\Engines\\CompilerEngine->get('/Applications/X...', Array)
#3 /Applications/XAMPP/xamppfiles/htdocs/auth/vendor/laravel/framework/src/Illuminate/View/View.php(191): Illuminate\\View\\View->getContents()
#4 /Applications/XAMPP/xamppfiles/htdocs/auth/vendor/laravel/framework/src/Illuminate/View/View.php(160): Illuminate\\View\\View->renderContents()
#5 /Applications/XAMPP/xamppfiles/htdocs/auth/vendor/laravel/framework/src/Illuminate/Http/Response.php(78): Illuminate\\View\\View->render()
#6 /Applications/XAMPP/xamppfiles/htdocs/auth/vendor/laravel/framework/src/Illuminate/Http/Response.php(34): Illuminate\\Http\\Response->setContent(Object(Illuminate\\View\\View))
#7 /Applications/XAMPP/xamppfiles/htdocs/auth/vendor/laravel/framework/src/Illuminate/Routing/Router.php(939): Illuminate\\Http\\Response->__construct(Object(Illuminate\\View\\View), 200, Array)
#8 /Applications/XAMPP/xamppfiles/htdocs/auth/vendor/laravel/framework/src/Illuminate/Routing/Router.php(906): Illuminate\\Routing\\Router::toResponse(Object(Illuminate\\Http\\Request), Object(Illuminate\\View\\View))
#9 /Applications/XAMPP/xamppfiles/htdocs/auth/vendor/laravel/framework/src/Illuminate/Routing/Router.php(821): Illuminate\\Routing\\Router->prepareResponse(Object(Illuminate\\Http\\Request), Object(Illuminate\\View\\View))
#10 /Applications/XAMPP/xamppfiles/htdocs/auth/vendor/laravel/framework/src/Illuminate/Pipeline/Pipeline.php(180): Illuminate\\Routing\\Router->{closure:Illuminate\\Routing\\Router::runRouteWithinStack():821}(Object(Illuminate\\Http\\Request))
#11 /Applications/XAMPP/xamppfiles/htdocs/auth/vendor/laravel/framework/src/Illuminate/Routing/Middleware/SubstituteBindings.php(50): Illuminate\\Pipeline\\Pipeline->{closure:Illuminate\\Pipeline\\Pipeline::prepareDestination():178}(Object(Illuminate\\Http\\Request))
#12 /Applications/XAMPP/xamppfiles/htdocs/auth/vendor/laravel/framework/src/Illuminate/Pipeline/Pipeline.php(219): Illuminate\\Routing\\Middleware\\SubstituteBindings->handle(Object(Illuminate\\Http\\Request), Object(Closure))
#13 /Applications/XAMPP/xamppfiles/htdocs/auth/vendor/laravel/framework/src/Illuminate/Auth/Middleware/Authenticate.php(63): Illuminate\\Pipeline\\Pipeline->{closure:{closure:Illuminate\\Pipeline\\Pipeline::carry():194}:195}(Object(Illuminate\\Http\\Request))
#14 /Applications/XAMPP/xamppfiles/htdocs/auth/vendor/laravel/framework/src/Illuminate/Pipeline/Pipeline.php(219): Illuminate\\Auth\\Middleware\\Authenticate->handle(Object(Illuminate\\Http\\Request), Object(Closure))
#15 /Applications/XAMPP/xamppfiles/htdocs/auth/vendor/laravel/framework/src/Illuminate/Foundation/Http/Middleware/VerifyCsrfToken.php(87): Illuminate\\Pipeline\\Pipeline->{closure:{closure:Illuminate\\Pipeline\\Pipeline::carry():194}:195}(Object(Illuminate\\Http\\Request))
#16 /Applications/XAMPP/xamppfiles/htdocs/auth/vendor/laravel/framework/src/Illuminate/Pipeline/Pipeline.php(219): Illuminate\\Foundation\\Http\\Middleware\\VerifyCsrfToken->handle(Object(Illuminate\\Http\\Request), Object(Closure))
#17 /Applications/XAMPP/xamppfiles/htdocs/auth/vendor/laravel/framework/src/Illuminate/View/Middleware/ShareErrorsFromSession.php(48): Illuminate\\Pipeline\\Pipeline->{closure:{closure:Illuminate\\Pipeline\\Pipeline::carry():194}:195}(Object(Illuminate\\Http\\Request))
#18 /Applications/XAMPP/xamppfiles/htdocs/auth/vendor/laravel/framework/src/Illuminate/Pipeline/Pipeline.php(219): Illuminate\\View\\Middleware\\ShareErrorsFromSession->handle(Object(Illuminate\\Http\\Request), Object(Closure))
#19 /Applications/XAMPP/xamppfiles/htdocs/auth/vendor/laravel/framework/src/Illuminate/Session/Middleware/StartSession.php(120): Illuminate\\Pipeline\\Pipeline->{closure:{closure:Illuminate\\Pipeline\\Pipeline::carry():194}:195}(Object(Illuminate\\Http\\Request))
#20 /Applications/XAMPP/xamppfiles/htdocs/auth/vendor/laravel/framework/src/Illuminate/Session/Middleware/StartSession.php(63): Illuminate\\Session\\Middleware\\StartSession->handleStatefulRequest(Object(Illuminate\\Http\\Request), Object(Illuminate\\Session\\Store), Object(Closure))
#21 /Applications/XAMPP/xamppfiles/htdocs/auth/vendor/laravel/framework/src/Illuminate/Pipeline/Pipeline.php(219): Illuminate\\Session\\Middleware\\StartSession->handle(Object(Illuminate\\Http\\Request), Object(Closure))
#22 /Applications/XAMPP/xamppfiles/htdocs/auth/vendor/laravel/framework/src/Illuminate/Cookie/Middleware/AddQueuedCookiesToResponse.php(36): Illuminate\\Pipeline\\Pipeline->{closure:{closure:Illuminate\\Pipeline\\Pipeline::carry():194}:195}(Object(Illuminate\\Http\\Request))
#23 /Applications/XAMPP/xamppfiles/htdocs/auth/vendor/laravel/framework/src/Illuminate/Pipeline/Pipeline.php(219): Illuminate\\Cookie\\Middleware\\AddQueuedCookiesToResponse->handle(Object(Illuminate\\Http\\Request), Object(Closure))
#24 /Applications/XAMPP/xamppfiles/htdocs/auth/vendor/laravel/framework/src/Illuminate/Cookie/Middleware/EncryptCookies.php(74): Illuminate\\Pipeline\\Pipeline->{closure:{closure:Illuminate\\Pipeline\\Pipeline::carry():194}:195}(Object(Illuminate\\Http\\Request))
#25 /Applications/XAMPP/xamppfiles/htdocs/auth/vendor/laravel/framework/src/Illuminate/Pipeline/Pipeline.php(219): Illuminate\\Cookie\\Middleware\\EncryptCookies->handle(Object(Illuminate\\Http\\Request), Object(Closure))
#26 /Applications/XAMPP/xamppfiles/htdocs/auth/vendor/laravel/framework/src/Illuminate/Pipeline/Pipeline.php(137): Illuminate\\Pipeline\\Pipeline->{closure:{closure:Illuminate\\Pipeline\\Pipeline::carry():194}:195}(Object(Illuminate\\Http\\Request))
#27 /Applications/XAMPP/xamppfiles/htdocs/auth/vendor/laravel/framework/src/Illuminate/Routing/Router.php(821): Illuminate\\Pipeline\\Pipeline->then(Object(Closure))
#28 /Applications/XAMPP/xamppfiles/htdocs/auth/vendor/laravel/framework/src/Illuminate/Routing/Router.php(800): Illuminate\\Routing\\Router->runRouteWithinStack(Object(Illuminate\\Routing\\Route), Object(Illuminate\\Http\\Request))
#29 /Applications/XAMPP/xamppfiles/htdocs/auth/vendor/laravel/framework/src/Illuminate/Routing/Router.php(764): Illuminate\\Routing\\Router->runRoute(Object(Illuminate\\Http\\Request), Object(Illuminate\\Routing\\Route))
#30 /Applications/XAMPP/xamppfiles/htdocs/auth/vendor/laravel/framework/src/Illuminate/Routing/Router.php(753): Illuminate\\Routing\\Router->dispatchToRoute(Object(Illuminate\\Http\\Request))
#31 /Applications/XAMPP/xamppfiles/htdocs/auth/vendor/laravel/framework/src/Illuminate/Foundation/Http/Kernel.php(200): Illuminate\\Routing\\Router->dispatch(Object(Illuminate\\Http\\Request))
#32 /Applications/XAMPP/xamppfiles/htdocs/auth/vendor/laravel/framework/src/Illuminate/Pipeline/Pipeline.php(180): Illuminate\\Foundation\\Http\\Kernel->{closure:Illuminate\\Foundation\\Http\\Kernel::dispatchToRouter():197}(Object(Illuminate\\Http\\Request))
#33 /Applications/XAMPP/xamppfiles/htdocs/auth/vendor/laravel/framework/src/Illuminate/Foundation/Http/Middleware/TransformsRequest.php(21): Illuminate\\Pipeline\\Pipeline->{closure:Illuminate\\Pipeline\\Pipeline::prepareDestination():178}(Object(Illuminate\\Http\\Request))
#34 /Applications/XAMPP/xamppfiles/htdocs/auth/vendor/laravel/framework/src/Illuminate/Foundation/Http/Middleware/ConvertEmptyStringsToNull.php(31): Illuminate\\Foundation\\Http\\Middleware\\TransformsRequest->handle(Object(Illuminate\\Http\\Request), Object(Closure))
#35 /Applications/XAMPP/xamppfiles/htdocs/auth/vendor/laravel/framework/src/Illuminate/Pipeline/Pipeline.php(219): Illuminate\\Foundation\\Http\\Middleware\\ConvertEmptyStringsToNull->handle(Object(Illuminate\\Http\\Request), Object(Closure))
#36 /Applications/XAMPP/xamppfiles/htdocs/auth/vendor/laravel/framework/src/Illuminate/Foundation/Http/Middleware/TransformsRequest.php(21): Illuminate\\Pipeline\\Pipeline->{closure:{closure:Illuminate\\Pipeline\\Pipeline::carry():194}:195}(Object(Illuminate\\Http\\Request))
#37 /Applications/XAMPP/xamppfiles/htdocs/auth/vendor/laravel/framework/src/Illuminate/Foundation/Http/Middleware/TrimStrings.php(51): Illuminate\\Foundation\\Http\\Middleware\\TransformsRequest->handle(Object(Illuminate\\Http\\Request), Object(Closure))
#38 /Applications/XAMPP/xamppfiles/htdocs/auth/vendor/laravel/framework/src/Illuminate/Pipeline/Pipeline.php(219): Illuminate\\Foundation\\Http\\Middleware\\TrimStrings->handle(Object(Illuminate\\Http\\Request), Object(Closure))
#39 /Applications/XAMPP/xamppfiles/htdocs/auth/vendor/laravel/framework/src/Illuminate/Http/Middleware/ValidatePostSize.php(27): Illuminate\\Pipeline\\Pipeline->{closure:{closure:Illuminate\\Pipeline\\Pipeline::carry():194}:195}(Object(Illuminate\\Http\\Request))
#40 /Applications/XAMPP/xamppfiles/htdocs/auth/vendor/laravel/framework/src/Illuminate/Pipeline/Pipeline.php(219): Illuminate\\Http\\Middleware\\ValidatePostSize->handle(Object(Illuminate\\Http\\Request), Object(Closure))
#41 /Applications/XAMPP/xamppfiles/htdocs/auth/vendor/laravel/framework/src/Illuminate/Foundation/Http/Middleware/PreventRequestsDuringMaintenance.php(109): Illuminate\\Pipeline\\Pipeline->{closure:{closure:Illuminate\\Pipeline\\Pipeline::carry():194}:195}(Object(Illuminate\\Http\\Request))
#42 /Applications/XAMPP/xamppfiles/htdocs/auth/vendor/laravel/framework/src/Illuminate/Pipeline/Pipeline.php(219): Illuminate\\Foundation\\Http\\Middleware\\PreventRequestsDuringMaintenance->handle(Object(Illuminate\\Http\\Request), Object(Closure))
#43 /Applications/XAMPP/xamppfiles/htdocs/auth/vendor/laravel/framework/src/Illuminate/Http/Middleware/HandleCors.php(61): Illuminate\\Pipeline\\Pipeline->{closure:{closure:Illuminate\\Pipeline\\Pipeline::carry():194}:195}(Object(Illuminate\\Http\\Request))
#44 /Applications/XAMPP/xamppfiles/htdocs/auth/vendor/laravel/framework/src/Illuminate/Pipeline/Pipeline.php(219): Illuminate\\Http\\Middleware\\HandleCors->handle(Object(Illuminate\\Http\\Request), Object(Closure))
#45 /Applications/XAMPP/xamppfiles/htdocs/auth/vendor/laravel/framework/src/Illuminate/Http/Middleware/TrustProxies.php(58): Illuminate\\Pipeline\\Pipeline->{closure:{closure:Illuminate\\Pipeline\\Pipeline::carry():194}:195}(Object(Illuminate\\Http\\Request))
#46 /Applications/XAMPP/xamppfiles/htdocs/auth/vendor/laravel/framework/src/Illuminate/Pipeline/Pipeline.php(219): Illuminate\\Http\\Middleware\\TrustProxies->handle(Object(Illuminate\\Http\\Request), Object(Closure))
#47 /Applications/XAMPP/xamppfiles/htdocs/auth/vendor/laravel/framework/src/Illuminate/Foundation/Http/Middleware/InvokeDeferredCallbacks.php(22): Illuminate\\Pipeline\\Pipeline->{closure:{closure:Illuminate\\Pipeline\\Pipeline::carry():194}:195}(Object(Illuminate\\Http\\Request))
#48 /Applications/XAMPP/xamppfiles/htdocs/auth/vendor/laravel/framework/src/Illuminate/Pipeline/Pipeline.php(219): Illuminate\\Foundation\\Http\\Middleware\\InvokeDeferredCallbacks->handle(Object(Illuminate\\Http\\Request), Object(Closure))
#49 /Applications/XAMPP/xamppfiles/htdocs/auth/vendor/laravel/framework/src/Illuminate/Http/Middleware/ValidatePathEncoding.php(26): Illuminate\\Pipeline\\Pipeline->{closure:{closure:Illuminate\\Pipeline\\Pipeline::carry():194}:195}(Object(Illuminate\\Http\\Request))
#50 /Applications/XAMPP/xamppfiles/htdocs/auth/vendor/laravel/framework/src/Illuminate/Pipeline/Pipeline.php(219): Illuminate\\Http\\Middleware\\ValidatePathEncoding->handle(Object(Illuminate\\Http\\Request), Object(Closure))
#51 /Applications/XAMPP/xamppfiles/htdocs/auth/vendor/laravel/framework/src/Illuminate/Pipeline/Pipeline.php(137): Illuminate\\Pipeline\\Pipeline->{closure:{closure:Illuminate\\Pipeline\\Pipeline::carry():194}:195}(Object(Illuminate\\Http\\Request))
#52 /Applications/XAMPP/xamppfiles/htdocs/auth/vendor/laravel/framework/src/Illuminate/Foundation/Http/Kernel.php(175): Illuminate\\Pipeline\\Pipeline->then(Object(Closure))
#53 /Applications/XAMPP/xamppfiles/htdocs/auth/vendor/laravel/framework/src/Illuminate/Foundation/Http/Kernel.php(144): Illuminate\\Foundation\\Http\\Kernel->sendRequestThroughRouter(Object(Illuminate\\Http\\Request))
#54 /Applications/XAMPP/xamppfiles/htdocs/auth/vendor/laravel/framework/src/Illuminate/Foundation/Application.php(1220): Illuminate\\Foundation\\Http\\Kernel->handle(Object(Illuminate\\Http\\Request))
#55 /Applications/XAMPP/xamppfiles/htdocs/auth/public/index.php(20): Illuminate\\Foundation\\Application->handleRequest(Object(Illuminate\\Http\\Request))
#56 /Applications/XAMPP/xamppfiles/htdocs/auth/vendor/laravel/framework/src/Illuminate/Foundation/resources/server.php(23): require_once('/Applications/X...')
#57 {main}

[previous exception] [object] (Illuminate\\View\\ViewException(code: 0): Undefined constant \"open\" (View: /Applications/XAMPP/xamppfiles/htdocs/auth/resources/views/layouts/navigation.blade.php) (View: /Applications/XAMPP/xamppfiles/htdocs/auth/resources/views/layouts/navigation.blade.php) at /Applications/XAMPP/xamppfiles/htdocs/auth/storage/framework/views/90ec811567e91a67561b3ac1b7032958.php:143)
[stacktrace]
#0 /Applications/XAMPP/xamppfiles/htdocs/auth/vendor/laravel/framework/src/Illuminate/View/Engines/PhpEngine.php(59): Illuminate\\View\\Engines\\CompilerEngine->handleViewException(Object(Illuminate\\View\\ViewException), 2)
#1 /Applications/XAMPP/xamppfiles/htdocs/auth/vendor/laravel/framework/src/Illuminate/View/Engines/CompilerEngine.php(76): Illuminate\\View\\Engines\\PhpEngine->evaluatePath('/Applications/X...', Array)
#2 /Applications/XAMPP/xamppfiles/htdocs/auth/vendor/laravel/framework/src/Illuminate/View/View.php(208): Illuminate\\View\\Engines\\CompilerEngine->get('/Applications/X...', Array)
#3 /Applications/XAMPP/xamppfiles/htdocs/auth/vendor/laravel/framework/src/Illuminate/View/View.php(191): Illuminate\\View\\View->getContents()
#4 /Applications/XAMPP/xamppfiles/htdocs/auth/vendor/laravel/framework/src/Illuminate/View/View.php(160): Illuminate\\View\\View->renderContents()
#5 /Applications/XAMPP/xamppfiles/htdocs/auth/vendor/laravel/framework/src/Illuminate/View/Concerns/ManagesComponents.php(99): Illuminate\\View\\View->render()
#6 /Applications/XAMPP/xamppfiles/htdocs/auth/storage/framework/views/d63f0d27bb2c0e7763e4aa73dd5de99b.php(39): Illuminate\\View\\Factory->renderComponent()
#7 /Applications/XAMPP/xamppfiles/htdocs/auth/vendor/laravel/framework/src/Illuminate/Filesystem/Filesystem.php(123): require('/Applications/X...')
#8 /Applications/XAMPP/xamppfiles/htdocs/auth/vendor/laravel/framework/src/Illuminate/Filesystem/Filesystem.php(124): Illuminate\\Filesystem\\Filesystem::{closure:Illuminate\\Filesystem\\Filesystem::getRequire():120}()
#9 /Applications/XAMPP/xamppfiles/htdocs/auth/vendor/laravel/framework/src/Illuminate/View/Engines/PhpEngine.php(57): Illuminate\\Filesystem\\Filesystem->getRequire('/Applications/X...', Array)
#10 /Applications/XAMPP/xamppfiles/htdocs/auth/vendor/laravel/framework/src/Illuminate/View/Engines/CompilerEngine.php(76): Illuminate\\View\\Engines\\PhpEngine->evaluatePath('/Applications/X...', Array)
#11 /Applications/XAMPP/xamppfiles/htdocs/auth/vendor/laravel/framework/src/Illuminate/View/View.php(208): Illuminate\\View\\Engines\\CompilerEngine->get('/Applications/X...', Array)
#12 /Applications/XAMPP/xamppfiles/htdocs/auth/vendor/laravel/framework/src/Illuminate/View/View.php(191): Illuminate\\View\\View->getContents()
#13 /Applications/XAMPP/xamppfiles/htdocs/auth/vendor/laravel/framework/src/Illuminate/View/View.php(160): Illuminate\\View\\View->renderContents()
#14 /Applications/XAMPP/xamppfiles/htdocs/auth/vendor/laravel/framework/src/Illuminate/Http/Response.php(78): Illuminate\\View\\View->render()
#15 /Applications/XAMPP/xamppfiles/htdocs/auth/vendor/laravel/framework/src/Illuminate/Http/Response.php(34): Illuminate\\Http\\Response->setContent(Object(Illuminate\\View\\View))
#16 /Applications/XAMPP/xamppfiles/htdocs/auth/vendor/laravel/framework/src/Illuminate/Routing/Router.php(939): Illuminate\\Http\\Response->__construct(Object(Illuminate\\View\\View), 200, Array)
#17 /Applications/XAMPP/xamppfiles/htdocs/auth/vendor/laravel/framework/src/Illuminate/Routing/Router.php(906): Illuminate\\Routing\\Router::toResponse(Object(Illuminate\\Http\\Request), Object(Illuminate\\View\\View))
#18 /Applications/XAMPP/xamppfiles/htdocs/auth/vendor/laravel/framework/src/Illuminate/Routing/Router.php(821): Illuminate\\Routing\\Router->prepareResponse(Object(Illuminate\\Http\\Request), Object(Illuminate\\View\\View))
#19 /Applications/XAMPP/xamppfiles/htdocs/auth/vendor/laravel/framework/src/Illuminate/Pipeline/Pipeline.php(180): Illuminate\\Routing\\Router->{closure:Illuminate\\Routing\\Router::runRouteWithinStack():821}(Object(Illuminate\\Http\\Request))
#20 /Applications/XAMPP/xamppfiles/htdocs/auth/vendor/laravel/framework/src/Illuminate/Routing/Middleware/SubstituteBindings.php(50): Illuminate\\Pipeline\\Pipeline->{closure:Illuminate\\Pipeline\\Pipeline::prepareDestination():178}(Object(Illuminate\\Http\\Request))
#21 /Applications/XAMPP/xamppfiles/htdocs/auth/vendor/laravel/framework/src/Illuminate/Pipeline/Pipeline.php(219): Illuminate\\Routing\\Middleware\\SubstituteBindings->handle(Object(Illuminate\\Http\\Request), Object(Closure))
#22 /Applications/XAMPP/xamppfiles/htdocs/auth/vendor/laravel/framework/src/Illuminate/Auth/Middleware/Authenticate.php(63): Illuminate\\Pipeline\\Pipeline->{closure:{closure:Illuminate\\Pipeline\\Pipeline::carry():194}:195}(Object(Illuminate\\Http\\Request))
#23 /Applications/XAMPP/xamppfiles/htdocs/auth/vendor/laravel/framework/src/Illuminate/Pipeline/Pipeline.php(219): Illuminate\\Auth\\Middleware\\Authenticate->handle(Object(Illuminate\\Http\\Request), Object(Closure))
#24 /Applications/XAMPP/xamppfiles/htdocs/auth/vendor/laravel/framework/src/Illuminate/Foundation/Http/Middleware/VerifyCsrfToken.php(87): Illuminate\\Pipeline\\Pipeline->{closure:{closure:Illuminate\\Pipeline\\Pipeline::carry():194}:195}(Object(Illuminate\\Http\\Request))
#25 /Applications/XAMPP/xamppfiles/htdocs/auth/vendor/laravel/framework/src/Illuminate/Pipeline/Pipeline.php(219): Illuminate\\Foundation\\Http\\Middleware\\VerifyCsrfToken->handle(Object(Illuminate\\Http\\Request), Object(Closure))
#26 /Applications/XAMPP/xamppfiles/htdocs/auth/vendor/laravel/framework/src/Illuminate/View/Middleware/ShareErrorsFromSession.php(48): Illuminate\\Pipeline\\Pipeline->{closure:{closure:Illuminate\\Pipeline\\Pipeline::carry():194}:195}(Object(Illuminate\\Http\\Request))
#27 /Applications/XAMPP/xamppfiles/htdocs/auth/vendor/laravel/framework/src/Illuminate/Pipeline/Pipeline.php(219): Illuminate\\View\\Middleware\\ShareErrorsFromSession->handle(Object(Illuminate\\Http\\Request), Object(Closure))
#28 /Applications/XAMPP/xamppfiles/htdocs/auth/vendor/laravel/framework/src/Illuminate/Session/Middleware/StartSession.php(120): Illuminate\\Pipeline\\Pipeline->{closure:{closure:Illuminate\\Pipeline\\Pipeline::carry():194}:195}(Object(Illuminate\\Http\\Request))
#29 /Applications/XAMPP/xamppfiles/htdocs/auth/vendor/laravel/framework/src/Illuminate/Session/Middleware/StartSession.php(63): Illuminate\\Session\\Middleware\\StartSession->handleStatefulRequest(Object(Illuminate\\Http\\Request), Object(Illuminate\\Session\\Store), Object(Closure))
#30 /Applications/XAMPP/xamppfiles/htdocs/auth/vendor/laravel/framework/src/Illuminate/Pipeline/Pipeline.php(219): Illuminate\\Session\\Middleware\\StartSession->handle(Object(Illuminate\\Http\\Request), Object(Closure))
#31 /Applications/XAMPP/xamppfiles/htdocs/auth/vendor/laravel/framework/src/Illuminate/Cookie/Middleware/AddQueuedCookiesToResponse.php(36): Illuminate\\Pipeline\\Pipeline->{closure:{closure:Illuminate\\Pipeline\\Pipeline::carry():194}:195}(Object(Illuminate\\Http\\Request))
#32 /Applications/XAMPP/xamppfiles/htdocs/auth/vendor/laravel/framework/src/Illuminate/Pipeline/Pipeline.php(219): Illuminate\\Cookie\\Middleware\\AddQueuedCookiesToResponse->handle(Object(Illuminate\\Http\\Request), Object(Closure))
#33 /Applications/XAMPP/xamppfiles/htdocs/auth/vendor/laravel/framework/src/Illuminate/Cookie/Middleware/EncryptCookies.php(74): Illuminate\\Pipeline\\Pipeline->{closure:{closure:Illuminate\\Pipeline\\Pipeline::carry():194}:195}(Object(Illuminate\\Http\\Request))
#34 /Applications/XAMPP/xamppfiles/htdocs/auth/vendor/laravel/framework/src/Illuminate/Pipeline/Pipeline.php(219): Illuminate\\Cookie\\Middleware\\EncryptCookies->handle(Object(Illuminate\\Http\\Request), Object(Closure))
#35 /Applications/XAMPP/xamppfiles/htdocs/auth/vendor/laravel/framework/src/Illuminate/Pipeline/Pipeline.php(137): Illuminate\\Pipeline\\Pipeline->{closure:{closure:Illuminate\\Pipeline\\Pipeline::carry():194}:195}(Object(Illuminate\\Http\\Request))
#36 /Applications/XAMPP/xamppfiles/htdocs/auth/vendor/laravel/framework/src/Illuminate/Routing/Router.php(821): Illuminate\\Pipeline\\Pipeline->then(Object(Closure))
#37 /Applications/XAMPP/xamppfiles/htdocs/auth/vendor/laravel/framework/src/Illuminate/Routing/Router.php(800): Illuminate\\Routing\\Router->runRouteWithinStack(Object(Illuminate\\Routing\\Route), Object(Illuminate\\Http\\Request))
#38 /Applications/XAMPP/xamppfiles/htdocs/auth/vendor/laravel/framework/src/Illuminate/Routing/Router.php(764): Illuminate\\Routing\\Router->runRoute(Object(Illuminate\\Http\\Request), Object(Illuminate\\Routing\\Route))
#39 /Applications/XAMPP/xamppfiles/htdocs/auth/vendor/laravel/framework/src/Illuminate/Routing/Router.php(753): Illuminate\\Routing\\Router->dispatchToRoute(Object(Illuminate\\Http\\Request))
#40 /Applications/XAMPP/xamppfiles/htdocs/auth/vendor/laravel/framework/src/Illuminate/Foundation/Http/Kernel.php(200): Illuminate\\Routing\\Router->dispatch(Object(Illuminate\\Http\\Request))
#41 /Applications/XAMPP/xamppfiles/htdocs/auth/vendor/laravel/framework/src/Illuminate/Pipeline/Pipeline.php(180): Illuminate\\Foundation\\Http\\Kernel->{closure:Illuminate\\Foundation\\Http\\Kernel::dispatchToRouter():197}(Object(Illuminate\\Http\\Request))
#42 /Applications/XAMPP/xamppfiles/htdocs/auth/vendor/laravel/framework/src/Illuminate/Foundation/Http/Middleware/TransformsRequest.php(21): Illuminate\\Pipeline\\Pipeline->{closure:Illuminate\\Pipeline\\Pipeline::prepareDestination():178}(Object(Illuminate\\Http\\Request))
#43 /Applications/XAMPP/xamppfiles/htdocs/auth/vendor/laravel/framework/src/Illuminate/Foundation/Http/Middleware/ConvertEmptyStringsToNull.php(31): Illuminate\\Foundation\\Http\\Middleware\\TransformsRequest->handle(Object(Illuminate\\Http\\Request), Object(Closure))
#44 /Applications/XAMPP/xamppfiles/htdocs/auth/vendor/laravel/framework/src/Illuminate/Pipeline/Pipeline.php(219): Illuminate\\Foundation\\Http\\Middleware\\ConvertEmptyStringsToNull->handle(Object(Illuminate\\Http\\Request), Object(Closure))
#45 /Applications/XAMPP/xamppfiles/htdocs/auth/vendor/laravel/framework/src/Illuminate/Foundation/Http/Middleware/TransformsRequest.php(21): Illuminate\\Pipeline\\Pipeline->{closure:{closure:Illuminate\\Pipeline\\Pipeline::carry():194}:195}(Object(Illuminate\\Http\\Request))
#46 /Applications/XAMPP/xamppfiles/htdocs/auth/vendor/laravel/framework/src/Illuminate/Foundation/Http/Middleware/TrimStrings.php(51): Illuminate\\Foundation\\Http\\Middleware\\TransformsRequest->handle(Object(Illuminate\\Http\\Request), Object(Closure))
#47 /Applications/XAMPP/xamppfiles/htdocs/auth/vendor/laravel/framework/src/Illuminate/Pipeline/Pipeline.php(219): Illuminate\\Foundation\\Http\\Middleware\\TrimStrings->handle(Object(Illuminate\\Http\\Request), Object(Closure))
#48 /Applications/XAMPP/xamppfiles/htdocs/auth/vendor/laravel/framework/src/Illuminate/Http/Middleware/ValidatePostSize.php(27): Illuminate\\Pipeline\\Pipeline->{closure:{closure:Illuminate\\Pipeline\\Pipeline::carry():194}:195}(Object(Illuminate\\Http\\Request))
#49 /Applications/XAMPP/xamppfiles/htdocs/auth/vendor/laravel/framework/src/Illuminate/Pipeline/Pipeline.php(219): Illuminate\\Http\\Middleware\\ValidatePostSize->handle(Object(Illuminate\\Http\\Request), Object(Closure))
#50 /Applications/XAMPP/xamppfiles/htdocs/auth/vendor/laravel/framework/src/Illuminate/Foundation/Http/Middleware/PreventRequestsDuringMaintenance.php(109): Illuminate\\Pipeline\\Pipeline->{closure:{closure:Illuminate\\Pipeline\\Pipeline::carry():194}:195}(Object(Illuminate\\Http\\Request))
#51 /Applications/XAMPP/xamppfiles/htdocs/auth/vendor/laravel/framework/src/Illuminate/Pipeline/Pipeline.php(219): Illuminate\\Foundation\\Http\\Middleware\\PreventRequestsDuringMaintenance->handle(Object(Illuminate\\Http\\Request), Object(Closure))
#52 /Applications/XAMPP/xamppfiles/htdocs/auth/vendor/laravel/framework/src/Illuminate/Http/Middleware/HandleCors.php(61): Illuminate\\Pipeline\\Pipeline->{closure:{closure:Illuminate\\Pipeline\\Pipeline::carry():194}:195}(Object(Illuminate\\Http\\Request))
#53 /Applications/XAMPP/xamppfiles/htdocs/auth/vendor/laravel/framework/src/Illuminate/Pipeline/Pipeline.php(219): Illuminate\\Http\\Middleware\\HandleCors->handle(Object(Illuminate\\Http\\Request), Object(Closure))
#54 /Applications/XAMPP/xamppfiles/htdocs/auth/vendor/laravel/framework/src/Illuminate/Http/Middleware/TrustProxies.php(58): Illuminate\\Pipeline\\Pipeline->{closure:{closure:Illuminate\\Pipeline\\Pipeline::carry():194}:195}(Object(Illuminate\\Http\\Request))
#55 /Applications/XAMPP/xamppfiles/htdocs/auth/vendor/laravel/framework/src/Illuminate/Pipeline/Pipeline.php(219): Illuminate\\Http\\Middleware\\TrustProxies->handle(Object(Illuminate\\Http\\Request), Object(Closure))
#56 /Applications/XAMPP/xamppfiles/htdocs/auth/vendor/laravel/framework/src/Illuminate/Foundation/Http/Middleware/InvokeDeferredCallbacks.php(22): Illuminate\\Pipeline\\Pipeline->{closure:{closure:Illuminate\\Pipeline\\Pipeline::carry():194}:195}(Object(Illuminate\\Http\\Request))
#57 /Applications/XAMPP/xamppfiles/htdocs/auth/vendor/laravel/framework/src/Illuminate/Pipeline/Pipeline.php(219): Illuminate\\Foundation\\Http\\Middleware\\InvokeDeferredCallbacks->handle(Object(Illuminate\\Http\\Request), Object(Closure))
#58 /Applications/XAMPP/xamppfiles/htdocs/auth/vendor/laravel/framework/src/Illuminate/Http/Middleware/ValidatePathEncoding.php(26): Illuminate\\Pipeline\\Pipeline->{closure:{closure:Illuminate\\Pipeline\\Pipeline::carry():194}:195}(Object(Illuminate\\Http\\Request))
#59 /Applications/XAMPP/xamppfiles/htdocs/auth/vendor/laravel/framework/src/Illuminate/Pipeline/Pipeline.php(219): Illuminate\\Http\\Middleware\\ValidatePathEncoding->handle(Object(Illuminate\\Http\\Request), Object(Closure))
#60 /Applications/XAMPP/xamppfiles/htdocs/auth/vendor/laravel/framework/src/Illuminate/Pipeline/Pipeline.php(137): Illuminate\\Pipeline\\Pipeline->{closure:{closure:Illuminate\\Pipeline\\Pipeline::carry():194}:195}(Object(Illuminate\\Http\\Request))
#61 /Applications/XAMPP/xamppfiles/htdocs/auth/vendor/laravel/framework/src/Illuminate/Foundation/Http/Kernel.php(175): Illuminate\\Pipeline\\Pipeline->then(Object(Closure))
#62 /Applications/XAMPP/xamppfiles/htdocs/auth/vendor/laravel/framework/src/Illuminate/Foundation/Http/Kernel.php(144): Illuminate\\Foundation\\Http\\Kernel->sendRequestThroughRouter(Object(Illuminate\\Http\\Request))
#63 /Applications/XAMPP/xamppfiles/htdocs/auth/vendor/laravel/framework/src/Illuminate/Foundation/Application.php(1220): Illuminate\\Foundation\\Http\\Kernel->handle(Object(Illuminate\\Http\\Request))
#64 /Applications/XAMPP/xamppfiles/htdocs/auth/public/index.php(20): Illuminate\\Foundation\\Application->handleRequest(Object(Illuminate\\Http\\Request))
#65 /Applications/XAMPP/xamppfiles/htdocs/auth/vendor/laravel/framework/src/Illuminate/Foundation/resources/server.php(23): require_once('/Applications/X...')
#66 {main}

[previous exception] [object] (Illuminate\\View\\ViewException(code: 0): Undefined constant \"open\" (View: /Applications/XAMPP/xamppfiles/htdocs/auth/resources/views/layouts/navigation.blade.php) at /Applications/XAMPP/xamppfiles/htdocs/auth/storage/framework/views/90ec811567e91a67561b3ac1b7032958.php:143)
[stacktrace]
#0 /Applications/XAMPP/xamppfiles/htdocs/auth/vendor/laravel/framework/src/Illuminate/View/Engines/PhpEngine.php(59): Illuminate\\View\\Engines\\CompilerEngine->handleViewException(Object(Error), 3)
#1 /Applications/XAMPP/xamppfiles/htdocs/auth/vendor/laravel/framework/src/Illuminate/View/Engines/CompilerEngine.php(76): Illuminate\\View\\Engines\\PhpEngine->evaluatePath('/Applications/X...', Array)
#2 /Applications/XAMPP/xamppfiles/htdocs/auth/vendor/laravel/framework/src/Illuminate/View/View.php(208): Illuminate\\View\\Engines\\CompilerEngine->get('/Applications/X...', Array)
#3 /Applications/XAMPP/xamppfiles/htdocs/auth/vendor/laravel/framework/src/Illuminate/View/View.php(191): Illuminate\\View\\View->getContents()
#4 /Applications/XAMPP/xamppfiles/htdocs/auth/vendor/laravel/framework/src/Illuminate/View/View.php(160): Illuminate\\View\\View->renderContents()
#5 /Applications/XAMPP/xamppfiles/htdocs/auth/storage/framework/views/4d456c6d643a4708319e19834a515bba.php(21): Illuminate\\View\\View->render()
#6 /Applications/XAMPP/xamppfiles/htdocs/auth/vendor/laravel/framework/src/Illuminate/Filesystem/Filesystem.php(123): require('/Applications/X...')
#7 /Applications/XAMPP/xamppfiles/htdocs/auth/vendor/laravel/framework/src/Illuminate/Filesystem/Filesystem.php(124): Illuminate\\Filesystem\\Filesystem::{closure:Illuminate\\Filesystem\\Filesystem::getRequire():120}()
#8 /Applications/XAMPP/xamppfiles/htdocs/auth/vendor/laravel/framework/src/Illuminate/View/Engines/PhpEngine.php(57): Illuminate\\Filesystem\\Filesystem->getRequire('/Applications/X...', Array)
#9 /Applications/XAMPP/xamppfiles/htdocs/auth/vendor/laravel/framework/src/Illuminate/View/Engines/CompilerEngine.php(76): Illuminate\\View\\Engines\\PhpEngine->evaluatePath('/Applications/X...', Array)
#10 /Applications/XAMPP/xamppfiles/htdocs/auth/vendor/laravel/framework/src/Illuminate/View/View.php(208): Illuminate\\View\\Engines\\CompilerEngine->get('/Applications/X...', Array)
#11 /Applications/XAMPP/xamppfiles/htdocs/auth/vendor/laravel/framework/src/Illuminate/View/View.php(191): Illuminate\\View\\View->getContents()
#12 /Applications/XAMPP/xamppfiles/htdocs/auth/vendor/laravel/framework/src/Illuminate/View/View.php(160): Illuminate\\View\\View->renderContents()
#13 /Applications/XAMPP/xamppfiles/htdocs/auth/vendor/laravel/framework/src/Illuminate/View/Concerns/ManagesComponents.php(99): Illuminate\\View\\View->render()
#14 /Applications/XAMPP/xamppfiles/htdocs/auth/storage/framework/views/d63f0d27bb2c0e7763e4aa73dd5de99b.php(39): Illuminate\\View\\Factory->renderComponent()
#15 /Applications/XAMPP/xamppfiles/htdocs/auth/vendor/laravel/framework/src/Illuminate/Filesystem/Filesystem.php(123): require('/Applications/X...')
#16 /Applications/XAMPP/xamppfiles/htdocs/auth/vendor/laravel/framework/src/Illuminate/Filesystem/Filesystem.php(124): Illuminate\\Filesystem\\Filesystem::{closure:Illuminate\\Filesystem\\Filesystem::getRequire():120}()
#17 /Applications/XAMPP/xamppfiles/htdocs/auth/vendor/laravel/framework/src/Illuminate/View/Engines/PhpEngine.php(57): Illuminate\\Filesystem\\Filesystem->getRequire('/Applications/X...', Array)
#18 /Applications/XAMPP/xamppfiles/htdocs/auth/vendor/laravel/framework/src/Illuminate/View/Engines/CompilerEngine.php(76): Illuminate\\View\\Engines\\PhpEngine->evaluatePath('/Applications/X...', Array)
#19 /Applications/XAMPP/xamppfiles/htdocs/auth/vendor/laravel/framework/src/Illuminate/View/View.php(208): Illuminate\\View\\Engines\\CompilerEngine->get('/Applications/X...', Array)
#20 /Applications/XAMPP/xamppfiles/htdocs/auth/vendor/laravel/framework/src/Illuminate/View/View.php(191): Illuminate\\View\\View->getContents()
#21 /Applications/XAMPP/xamppfiles/htdocs/auth/vendor/laravel/framework/src/Illuminate/View/View.php(160): Illuminate\\View\\View->renderContents()
#22 /Applications/XAMPP/xamppfiles/htdocs/auth/vendor/laravel/framework/src/Illuminate/Http/Response.php(78): Illuminate\\View\\View->render()
#23 /Applications/XAMPP/xamppfiles/htdocs/auth/vendor/laravel/framework/src/Illuminate/Http/Response.php(34): Illuminate\\Http\\Response->setContent(Object(Illuminate\\View\\View))
#24 /Applications/XAMPP/xamppfiles/htdocs/auth/vendor/laravel/framework/src/Illuminate/Routing/Router.php(939): Illuminate\\Http\\Response->__construct(Object(Illuminate\\View\\View), 200, Array)
#25 /Applications/XAMPP/xamppfiles/htdocs/auth/vendor/laravel/framework/src/Illuminate/Routing/Router.php(906): Illuminate\\Routing\\Router::toResponse(Object(Illuminate\\Http\\Request), Object(Illuminate\\View\\View))
#26 /Applications/XAMPP/xamppfiles/htdocs/auth/vendor/laravel/framework/src/Illuminate/Routing/Router.php(821): Illuminate\\Routing\\Router->prepareResponse(Object(Illuminate\\Http\\Request), Object(Illuminate\\View\\View))
#27 /Applications/XAMPP/xamppfiles/htdocs/auth/vendor/laravel/framework/src/Illuminate/Pipeline/Pipeline.php(180): Illuminate\\Routing\\Router->{closure:Illuminate\\Routing\\Router::runRouteWithinStack():821}(Object(Illuminate\\Http\\Request))
#28 /Applications/XAMPP/xamppfiles/htdocs/auth/vendor/laravel/framework/src/Illuminate/Routing/Middleware/SubstituteBindings.php(50): Illuminate\\Pipeline\\Pipeline->{closure:Illuminate\\Pipeline\\Pipeline::prepareDestination():178}(Object(Illuminate\\Http\\Request))
#29 /Applications/XAMPP/xamppfiles/htdocs/auth/vendor/laravel/framework/src/Illuminate/Pipeline/Pipeline.php(219): Illuminate\\Routing\\Middleware\\SubstituteBindings->handle(Object(Illuminate\\Http\\Request), Object(Closure))
#30 /Applications/XAMPP/xamppfiles/htdocs/auth/vendor/laravel/framework/src/Illuminate/Auth/Middleware/Authenticate.php(63): Illuminate\\Pipeline\\Pipeline->{closure:{closure:Illuminate\\Pipeline\\Pipeline::carry():194}:195}(Object(Illuminate\\Http\\Request))
#31 /Applications/XAMPP/xamppfiles/htdocs/auth/vendor/laravel/framework/src/Illuminate/Pipeline/Pipeline.php(219): Illuminate\\Auth\\Middleware\\Authenticate->handle(Object(Illuminate\\Http\\Request), Object(Closure))
#32 /Applications/XAMPP/xamppfiles/htdocs/auth/vendor/laravel/framework/src/Illuminate/Foundation/Http/Middleware/VerifyCsrfToken.php(87): Illuminate\\Pipeline\\Pipeline->{closure:{closure:Illuminate\\Pipeline\\Pipeline::carry():194}:195}(Object(Illuminate\\Http\\Request))
#33 /Applications/XAMPP/xamppfiles/htdocs/auth/vendor/laravel/framework/src/Illuminate/Pipeline/Pipeline.php(219): Illuminate\\Foundation\\Http\\Middleware\\VerifyCsrfToken->handle(Object(Illuminate\\Http\\Request), Object(Closure))
#34 /Applications/XAMPP/xamppfiles/htdocs/auth/vendor/laravel/framework/src/Illuminate/View/Middleware/ShareErrorsFromSession.php(48): Illuminate\\Pipeline\\Pipeline->{closure:{closure:Illuminate\\Pipeline\\Pipeline::carry():194}:195}(Object(Illuminate\\Http\\Request))
#35 /Applications/XAMPP/xamppfiles/htdocs/auth/vendor/laravel/framework/src/Illuminate/Pipeline/Pipeline.php(219): Illuminate\\View\\Middleware\\ShareErrorsFromSession->handle(Object(Illuminate\\Http\\Request), Object(Closure))
#36 /Applications/XAMPP/xamppfiles/htdocs/auth/vendor/laravel/framework/src/Illuminate/Session/Middleware/StartSession.php(120): Illuminate\\Pipeline\\Pipeline->{closure:{closure:Illuminate\\Pipeline\\Pipeline::carry():194}:195}(Object(Illuminate\\Http\\Request))
#37 /Applications/XAMPP/xamppfiles/htdocs/auth/vendor/laravel/framework/src/Illuminate/Session/Middleware/StartSession.php(63): Illuminate\\Session\\Middleware\\StartSession->handleStatefulRequest(Object(Illuminate\\Http\\Request), Object(Illuminate\\Session\\Store), Object(Closure))
#38 /Applications/XAMPP/xamppfiles/htdocs/auth/vendor/laravel/framework/src/Illuminate/Pipeline/Pipeline.php(219): Illuminate\\Session\\Middleware\\StartSession->handle(Object(Illuminate\\Http\\Request), Object(Closure))
#39 /Applications/XAMPP/xamppfiles/htdocs/auth/vendor/laravel/framework/src/Illuminate/Cookie/Middleware/AddQueuedCookiesToResponse.php(36): Illuminate\\Pipeline\\Pipeline->{closure:{closure:Illuminate\\Pipeline\\Pipeline::carry():194}:195}(Object(Illuminate\\Http\\Request))
#40 /Applications/XAMPP/xamppfiles/htdocs/auth/vendor/laravel/framework/src/Illuminate/Pipeline/Pipeline.php(219): Illuminate\\Cookie\\Middleware\\AddQueuedCookiesToResponse->handle(Object(Illuminate\\Http\\Request), Object(Closure))
#41 /Applications/XAMPP/xamppfiles/htdocs/auth/vendor/laravel/framework/src/Illuminate/Cookie/Middleware/EncryptCookies.php(74): Illuminate\\Pipeline\\Pipeline->{closure:{closure:Illuminate\\Pipeline\\Pipeline::carry():194}:195}(Object(Illuminate\\Http\\Request))
#42 /Applications/XAMPP/xamppfiles/htdocs/auth/vendor/laravel/framework/src/Illuminate/Pipeline/Pipeline.php(219): Illuminate\\Cookie\\Middleware\\EncryptCookies->handle(Object(Illuminate\\Http\\Request), Object(Closure))
#43 /Applications/XAMPP/xamppfiles/htdocs/auth/vendor/laravel/framework/src/Illuminate/Pipeline/Pipeline.php(137): Illuminate\\Pipeline\\Pipeline->{closure:{closure:Illuminate\\Pipeline\\Pipeline::carry():194}:195}(Object(Illuminate\\Http\\Request))
#44 /Applications/XAMPP/xamppfiles/htdocs/auth/vendor/laravel/framework/src/Illuminate/Routing/Router.php(821): Illuminate\\Pipeline\\Pipeline->then(Object(Closure))
#45 /Applications/XAMPP/xamppfiles/htdocs/auth/vendor/laravel/framework/src/Illuminate/Routing/Router.php(800): Illuminate\\Routing\\Router->runRouteWithinStack(Object(Illuminate\\Routing\\Route), Object(Illuminate\\Http\\Request))
#46 /Applications/XAMPP/xamppfiles/htdocs/auth/vendor/laravel/framework/src/Illuminate/Routing/Router.php(764): Illuminate\\Routing\\Router->runRoute(Object(Illuminate\\Http\\Request), Object(Illuminate\\Routing\\Route))
#47 /Applications/XAMPP/xamppfiles/htdocs/auth/vendor/laravel/framework/src/Illuminate/Routing/Router.php(753): Illuminate\\Routing\\Router->dispatchToRoute(Object(Illuminate\\Http\\Request))
#48 /Applications/XAMPP/xamppfiles/htdocs/auth/vendor/laravel/framework/src/Illuminate/Foundation/Http/Kernel.php(200): Illuminate\\Routing\\Router->dispatch(Object(Illuminate\\Http\\Request))
#49 /Applications/XAMPP/xamppfiles/htdocs/auth/vendor/laravel/framework/src/Illuminate/Pipeline/Pipeline.php(180): Illuminate\\Foundation\\Http\\Kernel->{closure:Illuminate\\Foundation\\Http\\Kernel::dispatchToRouter():197}(Object(Illuminate\\Http\\Request))
#50 /Applications/XAMPP/xamppfiles/htdocs/auth/vendor/laravel/framework/src/Illuminate/Foundation/Http/Middleware/TransformsRequest.php(21): Illuminate\\Pipeline\\Pipeline->{closure:Illuminate\\Pipeline\\Pipeline::prepareDestination():178}(Object(Illuminate\\Http\\Request))
#51 /Applications/XAMPP/xamppfiles/htdocs/auth/vendor/laravel/framework/src/Illuminate/Foundation/Http/Middleware/ConvertEmptyStringsToNull.php(31): Illuminate\\Foundation\\Http\\Middleware\\TransformsRequest->handle(Object(Illuminate\\Http\\Request), Object(Closure))
#52 /Applications/XAMPP/xamppfiles/htdocs/auth/vendor/laravel/framework/src/Illuminate/Pipeline/Pipeline.php(219): Illuminate\\Foundation\\Http\\Middleware\\ConvertEmptyStringsToNull->handle(Object(Illuminate\\Http\\Request), Object(Closure))
#53 /Applications/XAMPP/xamppfiles/htdocs/auth/vendor/laravel/framework/src/Illuminate/Foundation/Http/Middleware/TransformsRequest.php(21): Illuminate\\Pipeline\\Pipeline->{closure:{closure:Illuminate\\Pipeline\\Pipeline::carry():194}:195}(Object(Illuminate\\Http\\Request))
#54 /Applications/XAMPP/xamppfiles/htdocs/auth/vendor/laravel/framework/src/Illuminate/Foundation/Http/Middleware/TrimStrings.php(51): Illuminate\\Foundation\\Http\\Middleware\\TransformsRequest->handle(Object(Illuminate\\Http\\Request), Object(Closure))
#55 /Applications/XAMPP/xamppfiles/htdocs/auth/vendor/laravel/framework/src/Illuminate/Pipeline/Pipeline.php(219): Illuminate\\Foundation\\Http\\Middleware\\TrimStrings->handle(Object(Illuminate\\Http\\Request), Object(Closure))
#56 /Applications/XAMPP/xamppfiles/htdocs/auth/vendor/laravel/framework/src/Illuminate/Http/Middleware/ValidatePostSize.php(27): Illuminate\\Pipeline\\Pipeline->{closure:{closure:Illuminate\\Pipeline\\Pipeline::carry():194}:195}(Object(Illuminate\\Http\\Request))
#57 /Applications/XAMPP/xamppfiles/htdocs/auth/vendor/laravel/framework/src/Illuminate/Pipeline/Pipeline.php(219): Illuminate\\Http\\Middleware\\ValidatePostSize->handle(Object(Illuminate\\Http\\Request), Object(Closure))
#58 /Applications/XAMPP/xamppfiles/htdocs/auth/vendor/laravel/framework/src/Illuminate/Foundation/Http/Middleware/PreventRequestsDuringMaintenance.php(109): Illuminate\\Pipeline\\Pipeline->{closure:{closure:Illuminate\\Pipeline\\Pipeline::carry():194}:195}(Object(Illuminate\\Http\\Request))
#59 /Applications/XAMPP/xamppfiles/htdocs/auth/vendor/laravel/framework/src/Illuminate/Pipeline/Pipeline.php(219): Illuminate\\Foundation\\Http\\Middleware\\PreventRequestsDuringMaintenance->handle(Object(Illuminate\\Http\\Request), Object(Closure))
#60 /Applications/XAMPP/xamppfiles/htdocs/auth/vendor/laravel/framework/src/Illuminate/Http/Middleware/HandleCors.php(61): Illuminate\\Pipeline\\Pipeline->{closure:{closure:Illuminate\\Pipeline\\Pipeline::carry():194}:195}(Object(Illuminate\\Http\\Request))
#61 /Applications/XAMPP/xamppfiles/htdocs/auth/vendor/laravel/framework/src/Illuminate/Pipeline/Pipeline.php(219): Illuminate\\Http\\Middleware\\HandleCors->handle(Object(Illuminate\\Http\\Request), Object(Closure))
#62 /Applications/XAMPP/xamppfiles/htdocs/auth/vendor/laravel/framework/src/Illuminate/Http/Middleware/TrustProxies.php(58): Illuminate\\Pipeline\\Pipeline->{closure:{closure:Illuminate\\Pipeline\\Pipeline::carry():194}:195}(Object(Illuminate\\Http\\Request))
#63 /Applications/XAMPP/xamppfiles/htdocs/auth/vendor/laravel/framework/src/Illuminate/Pipeline/Pipeline.php(219): Illuminate\\Http\\Middleware\\TrustProxies->handle(Object(Illuminate\\Http\\Request), Object(Closure))
#64 /Applications/XAMPP/xamppfiles/htdocs/auth/vendor/laravel/framework/src/Illuminate/Foundation/Http/Middleware/InvokeDeferredCallbacks.php(22): Illuminate\\Pipeline\\Pipeline->{closure:{closure:Illuminate\\Pipeline\\Pipeline::carry():194}:195}(Object(Illuminate\\Http\\Request))
#65 /Applications/XAMPP/xamppfiles/htdocs/auth/vendor/laravel/framework/src/Illuminate/Pipeline/Pipeline.php(219): Illuminate\\Foundation\\Http\\Middleware\\InvokeDeferredCallbacks->handle(Object(Illuminate\\Http\\Request), Object(Closure))
#66 /Applications/XAMPP/xamppfiles/htdocs/auth/vendor/laravel/framework/src/Illuminate/Http/Middleware/ValidatePathEncoding.php(26): Illuminate\\Pipeline\\Pipeline->{closure:{closure:Illuminate\\Pipeline\\Pipeline::carry():194}:195}(Object(Illuminate\\Http\\Request))
#67 /Applications/XAMPP/xamppfiles/htdocs/auth/vendor/laravel/framework/src/Illuminate/Pipeline/Pipeline.php(219): Illuminate\\Http\\Middleware\\ValidatePathEncoding->handle(Object(Illuminate\\Http\\Request), Object(Closure))
#68 /Applications/XAMPP/xamppfiles/htdocs/auth/vendor/laravel/framework/src/Illuminate/Pipeline/Pipeline.php(137): Illuminate\\Pipeline\\Pipeline->{closure:{closure:Illuminate\\Pipeline\\Pipeline::carry():194}:195}(Object(Illuminate\\Http\\Request))
#69 /Applications/XAMPP/xamppfiles/htdocs/auth/vendor/laravel/framework/src/Illuminate/Foundation/Http/Kernel.php(175): Illuminate\\Pipeline\\Pipeline->then(Object(Closure))
#70 /Applications/XAMPP/xamppfiles/htdocs/auth/vendor/laravel/framework/src/Illuminate/Foundation/Http/Kernel.php(144): Illuminate\\Foundation\\Http\\Kernel->sendRequestThroughRouter(Object(Illuminate\\Http\\Request))
#71 /Applications/XAMPP/xamppfiles/htdocs/auth/vendor/laravel/framework/src/Illuminate/Foundation/Application.php(1220): Illuminate\\Foundation\\Http\\Kernel->handle(Object(Illuminate\\Http\\Request))
#72 /Applications/XAMPP/xamppfiles/htdocs/auth/public/index.php(20): Illuminate\\Foundation\\Application->handleRequest(Object(Illuminate\\Http\\Request))
#73 /Applications/XAMPP/xamppfiles/htdocs/auth/vendor/laravel/framework/src/Illuminate/Foundation/resources/server.php(23): require_once('/Applications/X...')
#74 {main}

[previous exception] [object] (Error(code: 0): Undefined constant \"open\" at /Applications/XAMPP/xamppfiles/htdocs/auth/storage/framework/views/90ec811567e91a67561b3ac1b7032958.php:143)
[stacktrace]
#0 /Applications/XAMPP/xamppfiles/htdocs/auth/vendor/laravel/framework/src/Illuminate/Filesystem/Filesystem.php(123): require()
#1 /Applications/XAMPP/xamppfiles/htdocs/auth/vendor/laravel/framework/src/Illuminate/Filesystem/Filesystem.php(124): Illuminate\\Filesystem\\Filesystem::{closure:Illuminate\\Filesystem\\Filesystem::getRequire():120}()
#2 /Applications/XAMPP/xamppfiles/htdocs/auth/vendor/laravel/framework/src/Illuminate/View/Engines/PhpEngine.php(57): Illuminate\\Filesystem\\Filesystem->getRequire('/Applications/X...', Array)
#3 /Applications/XAMPP/xamppfiles/htdocs/auth/vendor/laravel/framework/src/Illuminate/View/Engines/CompilerEngine.php(76): Illuminate\\View\\Engines\\PhpEngine->evaluatePath('/Applications/X...', Array)
#4 /Applications/XAMPP/xamppfiles/htdocs/auth/vendor/laravel/framework/src/Illuminate/View/View.php(208): Illuminate\\View\\Engines\\CompilerEngine->get('/Applications/X...', Array)
#5 /Applications/XAMPP/xamppfiles/htdocs/auth/vendor/laravel/framework/src/Illuminate/View/View.php(191): Illuminate\\View\\View->getContents()
#6 /Applications/XAMPP/xamppfiles/htdocs/auth/vendor/laravel/framework/src/Illuminate/View/View.php(160): Illuminate\\View\\View->renderContents()
#7 /Applications/XAMPP/xamppfiles/htdocs/auth/storage/framework/views/4d456c6d643a4708319e19834a515bba.php(21): Illuminate\\View\\View->render()
#8 /Applications/XAMPP/xamppfiles/htdocs/auth/vendor/laravel/framework/src/Illuminate/Filesystem/Filesystem.php(123): require('/Applications/X...')
#9 /Applications/XAMPP/xamppfiles/htdocs/auth/vendor/laravel/framework/src/Illuminate/Filesystem/Filesystem.php(124): Illuminate\\Filesystem\\Filesystem::{closure:Illuminate\\Filesystem\\Filesystem::getRequire():120}()
#10 /Applications/XAMPP/xamppfiles/htdocs/auth/vendor/laravel/framework/src/Illuminate/View/Engines/PhpEngine.php(57): Illuminate\\Filesystem\\Filesystem->getRequire('/Applications/X...', Array)
#11 /Applications/XAMPP/xamppfiles/htdocs/auth/vendor/laravel/framework/src/Illuminate/View/Engines/CompilerEngine.php(76): Illuminate\\View\\Engines\\PhpEngine->evaluatePath('/Applications/X...', Array)
#12 /Applications/XAMPP/xamppfiles/htdocs/auth/vendor/laravel/framework/src/Illuminate/View/View.php(208): Illuminate\\View\\Engines\\CompilerEngine->get('/Applications/X...', Array)
#13 /Applications/XAMPP/xamppfiles/htdocs/auth/vendor/laravel/framework/src/Illuminate/View/View.php(191): Illuminate\\View\\View->getContents()
#14 /Applications/XAMPP/xamppfiles/htdocs/auth/vendor/laravel/framework/src/Illuminate/View/View.php(160): Illuminate\\View\\View->renderContents()
#15 /Applications/XAMPP/xamppfiles/htdocs/auth/vendor/laravel/framework/src/Illuminate/View/Concerns/ManagesComponents.php(99): Illuminate\\View\\View->render()
#16 /Applications/XAMPP/xamppfiles/htdocs/auth/storage/framework/views/d63f0d27bb2c0e7763e4aa73dd5de99b.php(39): Illuminate\\View\\Factory->renderComponent()
#17 /Applications/XAMPP/xamppfiles/htdocs/auth/vendor/laravel/framework/src/Illuminate/Filesystem/Filesystem.php(123): require('/Applications/X...')
#18 /Applications/XAMPP/xamppfiles/htdocs/auth/vendor/laravel/framework/src/Illuminate/Filesystem/Filesystem.php(124): Illuminate\\Filesystem\\Filesystem::{closure:Illuminate\\Filesystem\\Filesystem::getRequire():120}()
#19 /Applications/XAMPP/xamppfiles/htdocs/auth/vendor/laravel/framework/src/Illuminate/View/Engines/PhpEngine.php(57): Illuminate\\Filesystem\\Filesystem->getRequire('/Applications/X...', Array)
#20 /Applications/XAMPP/xamppfiles/htdocs/auth/vendor/laravel/framework/src/Illuminate/View/Engines/CompilerEngine.php(76): Illuminate\\View\\Engines\\PhpEngine->evaluatePath('/Applications/X...', Array)
#21 /Applications/XAMPP/xamppfiles/htdocs/auth/vendor/laravel/framework/src/Illuminate/View/View.php(208): Illuminate\\View\\Engines\\CompilerEngine->get('/Applications/X...', Array)
#22 /Applications/XAMPP/xamppfiles/htdocs/auth/vendor/laravel/framework/src/Illuminate/View/View.php(191): Illuminate\\View\\View->getContents()
#23 /Applications/XAMPP/xamppfiles/htdocs/auth/vendor/laravel/framework/src/Illuminate/View/View.php(160): Illuminate\\View\\View->renderContents()
#24 /Applications/XAMPP/xamppfiles/htdocs/auth/vendor/laravel/framework/src/Illuminate/Http/Response.php(78): Illuminate\\View\\View->render()
#25 /Applications/XAMPP/xamppfiles/htdocs/auth/vendor/laravel/framework/src/Illuminate/Http/Response.php(34): Illuminate\\Http\\Response->setContent(Object(Illuminate\\View\\View))
#26 /Applications/XAMPP/xamppfiles/htdocs/auth/vendor/laravel/framework/src/Illuminate/Routing/Router.php(939): Illuminate\\Http\\Response->__construct(Object(Illuminate\\View\\View), 200, Array)
#27 /Applications/XAMPP/xamppfiles/htdocs/auth/vendor/laravel/framework/src/Illuminate/Routing/Router.php(906): Illuminate\\Routing\\Router::toResponse(Object(Illuminate\\Http\\Request), Object(Illuminate\\View\\View))
#28 /Applications/XAMPP/xamppfiles/htdocs/auth/vendor/laravel/framework/src/Illuminate/Routing/Router.php(821): Illuminate\\Routing\\Router->prepareResponse(Object(Illuminate\\Http\\Request), Object(Illuminate\\View\\View))
#29 /Applications/XAMPP/xamppfiles/htdocs/auth/vendor/laravel/framework/src/Illuminate/Pipeline/Pipeline.php(180): Illuminate\\Routing\\Router->{closure:Illuminate\\Routing\\Router::runRouteWithinStack():821}(Object(Illuminate\\Http\\Request))
#30 /Applications/XAMPP/xamppfiles/htdocs/auth/vendor/laravel/framework/src/Illuminate/Routing/Middleware/SubstituteBindings.php(50): Illuminate\\Pipeline\\Pipeline->{closure:Illuminate\\Pipeline\\Pipeline::prepareDestination():178}(Object(Illuminate\\Http\\Request))
#31 /Applications/XAMPP/xamppfiles/htdocs/auth/vendor/laravel/framework/src/Illuminate/Pipeline/Pipeline.php(219): Illuminate\\Routing\\Middleware\\SubstituteBindings->handle(Object(Illuminate\\Http\\Request), Object(Closure))
#32 /Applications/XAMPP/xamppfiles/htdocs/auth/vendor/laravel/framework/src/Illuminate/Auth/Middleware/Authenticate.php(63): Illuminate\\Pipeline\\Pipeline->{closure:{closure:Illuminate\\Pipeline\\Pipeline::carry():194}:195}(Object(Illuminate\\Http\\Request))
#33 /Applications/XAMPP/xamppfiles/htdocs/auth/vendor/laravel/framework/src/Illuminate/Pipeline/Pipeline.php(219): Illuminate\\Auth\\Middleware\\Authenticate->handle(Object(Illuminate\\Http\\Request), Object(Closure))
#34 /Applications/XAMPP/xamppfiles/htdocs/auth/vendor/laravel/framework/src/Illuminate/Foundation/Http/Middleware/VerifyCsrfToken.php(87): Illuminate\\Pipeline\\Pipeline->{closure:{closure:Illuminate\\Pipeline\\Pipeline::carry():194}:195}(Object(Illuminate\\Http\\Request))
#35 /Applications/XAMPP/xamppfiles/htdocs/auth/vendor/laravel/framework/src/Illuminate/Pipeline/Pipeline.php(219): Illuminate\\Foundation\\Http\\Middleware\\VerifyCsrfToken->handle(Object(Illuminate\\Http\\Request), Object(Closure))
#36 /Applications/XAMPP/xamppfiles/htdocs/auth/vendor/laravel/framework/src/Illuminate/View/Middleware/ShareErrorsFromSession.php(48): Illuminate\\Pipeline\\Pipeline->{closure:{closure:Illuminate\\Pipeline\\Pipeline::carry():194}:195}(Object(Illuminate\\Http\\Request))
#37 /Applications/XAMPP/xamppfiles/htdocs/auth/vendor/laravel/framework/src/Illuminate/Pipeline/Pipeline.php(219): Illuminate\\View\\Middleware\\ShareErrorsFromSession->handle(Object(Illuminate\\Http\\Request), Object(Closure))
#38 /Applications/XAMPP/xamppfiles/htdocs/auth/vendor/laravel/framework/src/Illuminate/Session/Middleware/StartSession.php(120): Illuminate\\Pipeline\\Pipeline->{closure:{closure:Illuminate\\Pipeline\\Pipeline::carry():194}:195}(Object(Illuminate\\Http\\Request))
#39 /Applications/XAMPP/xamppfiles/htdocs/auth/vendor/laravel/framework/src/Illuminate/Session/Middleware/StartSession.php(63): Illuminate\\Session\\Middleware\\StartSession->handleStatefulRequest(Object(Illuminate\\Http\\Request), Object(Illuminate\\Session\\Store), Object(Closure))
#40 /Applications/XAMPP/xamppfiles/htdocs/auth/vendor/laravel/framework/src/Illuminate/Pipeline/Pipeline.php(219): Illuminate\\Session\\Middleware\\StartSession->handle(Object(Illuminate\\Http\\Request), Object(Closure))
#41 /Applications/XAMPP/xamppfiles/htdocs/auth/vendor/laravel/framework/src/Illuminate/Cookie/Middleware/AddQueuedCookiesToResponse.php(36): Illuminate\\Pipeline\\Pipeline->{closure:{closure:Illuminate\\Pipeline\\Pipeline::carry():194}:195}(Object(Illuminate\\Http\\Request))
#42 /Applications/XAMPP/xamppfiles/htdocs/auth/vendor/laravel/framework/src/Illuminate/Pipeline/Pipeline.php(219): Illuminate\\Cookie\\Middleware\\AddQueuedCookiesToResponse->handle(Object(Illuminate\\Http\\Request), Object(Closure))
#43 /Applications/XAMPP/xamppfiles/htdocs/auth/vendor/laravel/framework/src/Illuminate/Cookie/Middleware/EncryptCookies.php(74): Illuminate\\Pipeline\\Pipeline->{closure:{closure:Illuminate\\Pipeline\\Pipeline::carry():194}:195}(Object(Illuminate\\Http\\Request))
#44 /Applications/XAMPP/xamppfiles/htdocs/auth/vendor/laravel/framework/src/Illuminate/Pipeline/Pipeline.php(219): Illuminate\\Cookie\\Middleware\\EncryptCookies->handle(Object(Illuminate\\Http\\Request), Object(Closure))
#45 /Applications/XAMPP/xamppfiles/htdocs/auth/vendor/laravel/framework/src/Illuminate/Pipeline/Pipeline.php(137): Illuminate\\Pipeline\\Pipeline->{closure:{closure:Illuminate\\Pipeline\\Pipeline::carry():194}:195}(Object(Illuminate\\Http\\Request))
#46 /Applications/XAMPP/xamppfiles/htdocs/auth/vendor/laravel/framework/src/Illuminate/Routing/Router.php(821): Illuminate\\Pipeline\\Pipeline->then(Object(Closure))
#47 /Applications/XAMPP/xamppfiles/htdocs/auth/vendor/laravel/framework/src/Illuminate/Routing/Router.php(800): Illuminate\\Routing\\Router->runRouteWithinStack(Object(Illuminate\\Routing\\Route), Object(Illuminate\\Http\\Request))
#48 /Applications/XAMPP/xamppfiles/htdocs/auth/vendor/laravel/framework/src/Illuminate/Routing/Router.php(764): Illuminate\\Routing\\Router->runRoute(Object(Illuminate\\Http\\Request), Object(Illuminate\\Routing\\Route))
#49 /Applications/XAMPP/xamppfiles/htdocs/auth/vendor/laravel/framework/src/Illuminate/Routing/Router.php(753): Illuminate\\Routing\\Router->dispatchToRoute(Object(Illuminate\\Http\\Request))
#50 /Applications/XAMPP/xamppfiles/htdocs/auth/vendor/laravel/framework/src/Illuminate/Foundation/Http/Kernel.php(200): Illuminate\\Routing\\Router->dispatch(Object(Illuminate\\Http\\Request))
#51 /Applications/XAMPP/xamppfiles/htdocs/auth/vendor/laravel/framework/src/Illuminate/Pipeline/Pipeline.php(180): Illuminate\\Foundation\\Http\\Kernel->{closure:Illuminate\\Foundation\\Http\\Kernel::dispatchToRouter():197}(Object(Illuminate\\Http\\Request))
#52 /Applications/XAMPP/xamppfiles/htdocs/auth/vendor/laravel/framework/src/Illuminate/Foundation/Http/Middleware/TransformsRequest.php(21): Illuminate\\Pipeline\\Pipeline->{closure:Illuminate\\Pipeline\\Pipeline::prepareDestination():178}(Object(Illuminate\\Http\\Request))
#53 /Applications/XAMPP/xamppfiles/htdocs/auth/vendor/laravel/framework/src/Illuminate/Foundation/Http/Middleware/ConvertEmptyStringsToNull.php(31): Illuminate\\Foundation\\Http\\Middleware\\TransformsRequest->handle(Object(Illuminate\\Http\\Request), Object(Closure))
#54 /Applications/XAMPP/xamppfiles/htdocs/auth/vendor/laravel/framework/src/Illuminate/Pipeline/Pipeline.php(219): Illuminate\\Foundation\\Http\\Middleware\\ConvertEmptyStringsToNull->handle(Object(Illuminate\\Http\\Request), Object(Closure))
#55 /Applications/XAMPP/xamppfiles/htdocs/auth/vendor/laravel/framework/src/Illuminate/Foundation/Http/Middleware/TransformsRequest.php(21): Illuminate\\Pipeline\\Pipeline->{closure:{closure:Illuminate\\Pipeline\\Pipeline::carry():194}:195}(Object(Illuminate\\Http\\Request))
#56 /Applications/XAMPP/xamppfiles/htdocs/auth/vendor/laravel/framework/src/Illuminate/Foundation/Http/Middleware/TrimStrings.php(51): Illuminate\\Foundation\\Http\\Middleware\\TransformsRequest->handle(Object(Illuminate\\Http\\Request), Object(Closure))
#57 /Applications/XAMPP/xamppfiles/htdocs/auth/vendor/laravel/framework/src/Illuminate/Pipeline/Pipeline.php(219): Illuminate\\Foundation\\Http\\Middleware\\TrimStrings->handle(Object(Illuminate\\Http\\Request), Object(Closure))
#58 /Applications/XAMPP/xamppfiles/htdocs/auth/vendor/laravel/framework/src/Illuminate/Http/Middleware/ValidatePostSize.php(27): Illuminate\\Pipeline\\Pipeline->{closure:{closure:Illuminate\\Pipeline\\Pipeline::carry():194}:195}(Object(Illuminate\\Http\\Request))
#59 /Applications/XAMPP/xamppfiles/htdocs/auth/vendor/laravel/framework/src/Illuminate/Pipeline/Pipeline.php(219): Illuminate\\Http\\Middleware\\ValidatePostSize->handle(Object(Illuminate\\Http\\Request), Object(Closure))
#60 /Applications/XAMPP/xamppfiles/htdocs/auth/vendor/laravel/framework/src/Illuminate/Foundation/Http/Middleware/PreventRequestsDuringMaintenance.php(109): Illuminate\\Pipeline\\Pipeline->{closure:{closure:Illuminate\\Pipeline\\Pipeline::carry():194}:195}(Object(Illuminate\\Http\\Request))
#61 /Applications/XAMPP/xamppfiles/htdocs/auth/vendor/laravel/framework/src/Illuminate/Pipeline/Pipeline.php(219): Illuminate\\Foundation\\Http\\Middleware\\PreventRequestsDuringMaintenance->handle(Object(Illuminate\\Http\\Request), Object(Closure))
#62 /Applications/XAMPP/xamppfiles/htdocs/auth/vendor/laravel/framework/src/Illuminate/Http/Middleware/HandleCors.php(61): Illuminate\\Pipeline\\Pipeline->{closure:{closure:Illuminate\\Pipeline\\Pipeline::carry():194}:195}(Object(Illuminate\\Http\\Request))
#63 /Applications/XAMPP/xamppfiles/htdocs/auth/vendor/laravel/framework/src/Illuminate/Pipeline/Pipeline.php(219): Illuminate\\Http\\Middleware\\HandleCors->handle(Object(Illuminate\\Http\\Request), Object(Closure))
#64 /Applications/XAMPP/xamppfiles/htdocs/auth/vendor/laravel/framework/src/Illuminate/Http/Middleware/TrustProxies.php(58): Illuminate\\Pipeline\\Pipeline->{closure:{closure:Illuminate\\Pipeline\\Pipeline::carry():194}:195}(Object(Illuminate\\Http\\Request))
#65 /Applications/XAMPP/xamppfiles/htdocs/auth/vendor/laravel/framework/src/Illuminate/Pipeline/Pipeline.php(219): Illuminate\\Http\\Middleware\\TrustProxies->handle(Object(Illuminate\\Http\\Request), Object(Closure))
#66 /Applications/XAMPP/xamppfiles/htdocs/auth/vendor/laravel/framework/src/Illuminate/Foundation/Http/Middleware/InvokeDeferredCallbacks.php(22): Illuminate\\Pipeline\\Pipeline->{closure:{closure:Illuminate\\Pipeline\\Pipeline::carry():194}:195}(Object(Illuminate\\Http\\Request))
#67 /Applications/XAMPP/xamppfiles/htdocs/auth/vendor/laravel/framework/src/Illuminate/Pipeline/Pipeline.php(219): Illuminate\\Foundation\\Http\\Middleware\\InvokeDeferredCallbacks->handle(Object(Illuminate\\Http\\Request), Object(Closure))
#68 /Applications/XAMPP/xamppfiles/htdocs/auth/vendor/laravel/framework/src/Illuminate/Http/Middleware/ValidatePathEncoding.php(26): Illuminate\\Pipeline\\Pipeline->{closure:{closure:Illuminate\\Pipeline\\Pipeline::carry():194}:195}(Object(Illuminate\\Http\\Request))
#69 /Applications/XAMPP/xamppfiles/htdocs/auth/vendor/laravel/framework/src/Illuminate/Pipeline/Pipeline.php(219): Illuminate\\Http\\Middleware\\ValidatePathEncoding->handle(Object(Illuminate\\Http\\Request), Object(Closure))
#70 /Applications/XAMPP/xamppfiles/htdocs/auth/vendor/laravel/framework/src/Illuminate/Pipeline/Pipeline.php(137): Illuminate\\Pipeline\\Pipeline->{closure:{closure:Illuminate\\Pipeline\\Pipeline::carry():194}:195}(Object(Illuminate\\Http\\Request))
#71 /Applications/XAMPP/xamppfiles/htdocs/auth/vendor/laravel/framework/src/Illuminate/Foundation/Http/Kernel.php(175): Illuminate\\Pipeline\\Pipeline->then(Object(Closure))
#72 /Applications/XAMPP/xamppfiles/htdocs/auth/vendor/laravel/framework/src/Illuminate/Foundation/Http/Kernel.php(144): Illuminate\\Foundation\\Http\\Kernel->sendRequestThroughRouter(Object(Illuminate\\Http\\Request))
#73 /Applications/XAMPP/xamppfiles/htdocs/auth/vendor/laravel/framework/src/Illuminate/Foundation/Application.php(1220): Illuminate\\Foundation\\Http\\Kernel->handle(Object(Illuminate\\Http\\Request))
#74 /Applications/XAMPP/xamppfiles/htdocs/auth/public/index.php(20): Illuminate\\Foundation\\Application->handleRequest(Object(Illuminate\\Http\\Request))
#75 /Applications/XAMPP/xamppfiles/htdocs/auth/vendor/laravel/framework/src/Illuminate/Foundation/resources/server.php(23): require_once('/Applications/X...')
#76 {main}
"} 
[2026-02-10 10:43:11] local.ERROR: Call to undefined method App\Models\User::tags() {"userId":3,"exception":"[object] (BadMethodCallException(code: 0): Call to undefined method App\\Models\\User::tags() at /Applications/XAMPP/xamppfiles/htdocs/auth/vendor/laravel/framework/src/Illuminate/Support/Traits/ForwardsCalls.php:67)
[stacktrace]
#0 /Applications/XAMPP/xamppfiles/htdocs/auth/vendor/laravel/framework/src/Illuminate/Support/Traits/ForwardsCalls.php(36): Illuminate\\Database\\Eloquent\\Model::throwBadMethodCallException('tags')
#1 /Applications/XAMPP/xamppfiles/htdocs/auth/vendor/laravel/framework/src/Illuminate/Database/Eloquent/Model.php(2540): Illuminate\\Database\\Eloquent\\Model->forwardCallTo(Object(Illuminate\\Database\\Eloquent\\Builder), 'tags', Array)
#2 /Applications/XAMPP/xamppfiles/htdocs/auth/app/Http/Controllers/LinkController.php(39): Illuminate\\Database\\Eloquent\\Model->__call('tags', Array)
#3 /Applications/XAMPP/xamppfiles/htdocs/auth/vendor/laravel/framework/src/Illuminate/Routing/ControllerDispatcher.php(46): App\\Http\\Controllers\\LinkController->index(Object(Illuminate\\Http\\Request))
#4 /Applications/XAMPP/xamppfiles/htdocs/auth/vendor/laravel/framework/src/Illuminate/Routing/Route.php(265): Illuminate\\Routing\\ControllerDispatcher->dispatch(Object(Illuminate\\Routing\\Route), Object(App\\Http\\Controllers\\LinkController), 'index')
#5 /Applications/XAMPP/xamppfiles/htdocs/auth/vendor/laravel/framework/src/Illuminate/Routing/Route.php(211): Illuminate\\Routing\\Route->runController()
#6 /Applications/XAMPP/xamppfiles/htdocs/auth/vendor/laravel/framework/src/Illuminate/Routing/Router.php(822): Illuminate\\Routing\\Route->run()
#7 /Applications/XAMPP/xamppfiles/htdocs/auth/vendor/laravel/framework/src/Illuminate/Pipeline/Pipeline.php(180): Illuminate\\Routing\\Router->{closure:Illuminate\\Routing\\Router::runRouteWithinStack():821}(Object(Illuminate\\Http\\Request))
#8 /Applications/XAMPP/xamppfiles/htdocs/auth/vendor/laravel/framework/src/Illuminate/Routing/Middleware/SubstituteBindings.php(50): Illuminate\\Pipeline\\Pipeline->{closure:Illuminate\\Pipeline\\Pipeline::prepareDestination():178}(Object(Illuminate\\Http\\Request))
#9 /Applications/XAMPP/xamppfiles/htdocs/auth/vendor/laravel/framework/src/Illuminate/Pipeline/Pipeline.php(219): Illuminate\\Routing\\Middleware\\SubstituteBindings->handle(Object(Illuminate\\Http\\Request), Object(Closure))
#10 /Applications/XAMPP/xamppfiles/htdocs/auth/vendor/laravel/framework/src/Illuminate/Auth/Middleware/Authenticate.php(63): Illuminate\\Pipeline\\Pipeline->{closure:{closure:Illuminate\\Pipeline\\Pipeline::carry():194}:195}(Object(Illuminate\\Http\\Request))
#11 /Applications/XAMPP/xamppfiles/htdocs/auth/vendor/laravel/framework/src/Illuminate/Pipeline/Pipeline.php(219): Illuminate\\Auth\\Middleware\\Authenticate->handle(Object(Illuminate\\Http\\Request), Object(Closure))
#12 /Applications/XAMPP/xamppfiles/htdocs/auth/vendor/laravel/framework/src/Illuminate/Foundation/Http/Middleware/VerifyCsrfToken.php(87): Illuminate\\Pipeline\\Pipeline->{closure:{closure:Illuminate\\Pipeline\\Pipeline::carry():194}:195}(Object(Illuminate\\Http\\Request))
#13 /Applications/XAMPP/xamppfiles/htdocs/auth/vendor/laravel/framework/src/Illuminate/Pipeline/Pipeline.php(219): Illuminate\\Foundation\\Http\\Middleware\\VerifyCsrfToken->handle(Object(Illuminate\\Http\\Request), Object(Closure))
#14 /Applications/XAMPP/xamppfiles/htdocs/auth/vendor/laravel/framework/src/Illuminate/View/Middleware/ShareErrorsFromSession.php(48): Illuminate\\Pipeline\\Pipeline->{closure:{closure:Illuminate\\Pipeline\\Pipeline::carry():194}:195}(Object(Illuminate\\Http\\Request))
#15 /Applications/XAMPP/xamppfiles/htdocs/auth/vendor/laravel/framework/src/Illuminate/Pipeline/Pipeline.php(219): Illuminate\\View\\Middleware\\ShareErrorsFromSession->handle(Object(Illuminate\\Http\\Request), Object(Closure))
#16 /Applications/XAMPP/xamppfiles/htdocs/auth/vendor/laravel/framework/src/Illuminate/Session/Middleware/StartSession.php(120): Illuminate\\Pipeline\\Pipeline->{closure:{closure:Illuminate\\Pipeline\\Pipeline::carry():194}:195}(Object(Illuminate\\Http\\Request))
#17 /Applications/XAMPP/xamppfiles/htdocs/auth/vendor/laravel/framework/src/Illuminate/Session/Middleware/StartSession.php(63): Illuminate\\Session\\Middleware\\StartSession->handleStatefulRequest(Object(Illuminate\\Http\\Request), Object(Illuminate\\Session\\Store), Object(Closure))
#18 /Applications/XAMPP/xamppfiles/htdocs/auth/vendor/laravel/framework/src/Illuminate/Pipeline/Pipeline.php(219): Illuminate\\Session\\Middleware\\StartSession->handle(Object(Illuminate\\Http\\Request), Object(Closure))
#19 /Applications/XAMPP/xamppfiles/htdocs/auth/vendor/laravel/framework/src/Illuminate/Cookie/Middleware/AddQueuedCookiesToResponse.php(36): Illuminate\\Pipeline\\Pipeline->{closure:{closure:Illuminate\\Pipeline\\Pipeline::carry():194}:195}(Object(Illuminate\\Http\\Request))
#20 /Applications/XAMPP/xamppfiles/htdocs/auth/vendor/laravel/framework/src/Illuminate/Pipeline/Pipeline.php(219): Illuminate\\Cookie\\Middleware\\AddQueuedCookiesToResponse->handle(Object(Illuminate\\Http\\Request), Object(Closure))
#21 /Applications/XAMPP/xamppfiles/htdocs/auth/vendor/laravel/framework/src/Illuminate/Cookie/Middleware/EncryptCookies.php(74): Illuminate\\Pipeline\\Pipeline->{closure:{closure:Illuminate\\Pipeline\\Pipeline::carry():194}:195}(Object(Illuminate\\Http\\Request))
#22 /Applications/XAMPP/xamppfiles/htdocs/auth/vendor/laravel/framework/src/Illuminate/Pipeline/Pipeline.php(219): Illuminate\\Cookie\\Middleware\\EncryptCookies->handle(Object(Illuminate\\Http\\Request), Object(Closure))
#23 /Applications/XAMPP/xamppfiles/htdocs/auth/vendor/laravel/framework/src/Illuminate/Pipeline/Pipeline.php(137): Illuminate\\Pipeline\\Pipeline->{closure:{closure:Illuminate\\Pipeline\\Pipeline::carry():194}:195}(Object(Illuminate\\Http\\Request))
#24 /Applications/XAMPP/xamppfiles/htdocs/auth/vendor/laravel/framework/src/Illuminate/Routing/Router.php(821): Illuminate\\Pipeline\\Pipeline->then(Object(Closure))
#25 /Applications/XAMPP/xamppfiles/htdocs/auth/vendor/laravel/framework/src/Illuminate/Routing/Router.php(800): Illuminate\\Routing\\Router->runRouteWithinStack(Object(Illuminate\\Routing\\Route), Object(Illuminate\\Http\\Request))
#26 /Applications/XAMPP/xamppfiles/htdocs/auth/vendor/laravel/framework/src/Illuminate/Routing/Router.php(764): Illuminate\\Routing\\Router->runRoute(Object(Illuminate\\Http\\Request), Object(Illuminate\\Routing\\Route))
#27 /Applications/XAMPP/xamppfiles/htdocs/auth/vendor/laravel/framework/src/Illuminate/Routing/Router.php(753): Illuminate\\Routing\\Router->dispatchToRoute(Object(Illuminate\\Http\\Request))
#28 /Applications/XAMPP/xamppfiles/htdocs/auth/vendor/laravel/framework/src/Illuminate/Foundation/Http/Kernel.php(200): Illuminate\\Routing\\Router->dispatch(Object(Illuminate\\Http\\Request))
#29 /Applications/XAMPP/xamppfiles/htdocs/auth/vendor/laravel/framework/src/Illuminate/Pipeline/Pipeline.php(180): Illuminate\\Foundation\\Http\\Kernel->{closure:Illuminate\\Foundation\\Http\\Kernel::dispatchToRouter():197}(Object(Illuminate\\Http\\Request))
#30 /Applications/XAMPP/xamppfiles/htdocs/auth/vendor/laravel/framework/src/Illuminate/Foundation/Http/Middleware/TransformsRequest.php(21): Illuminate\\Pipeline\\Pipeline->{closure:Illuminate\\Pipeline\\Pipeline::prepareDestination():178}(Object(Illuminate\\Http\\Request))
#31 /Applications/XAMPP/xamppfiles/htdocs/auth/vendor/laravel/framework/src/Illuminate/Foundation/Http/Middleware/ConvertEmptyStringsToNull.php(31): Illuminate\\Foundation\\Http\\Middleware\\TransformsRequest->handle(Object(Illuminate\\Http\\Request), Object(Closure))
#32 /Applications/XAMPP/xamppfiles/htdocs/auth/vendor/laravel/framework/src/Illuminate/Pipeline/Pipeline.php(219): Illuminate\\Foundation\\Http\\Middleware\\ConvertEmptyStringsToNull->handle(Object(Illuminate\\Http\\Request), Object(Closure))
#33 /Applications/XAMPP/xamppfiles/htdocs/auth/vendor/laravel/framework/src/Illuminate/Foundation/Http/Middleware/TransformsRequest.php(21): Illuminate\\Pipeline\\Pipeline->{closure:{closure:Illuminate\\Pipeline\\Pipeline::carry():194}:195}(Object(Illuminate\\Http\\Request))
#34 /Applications/XAMPP/xamppfiles/htdocs/auth/vendor/laravel/framework/src/Illuminate/Foundation/Http/Middleware/TrimStrings.php(51): Illuminate\\Foundation\\Http\\Middleware\\TransformsRequest->handle(Object(Illuminate\\Http\\Request), Object(Closure))
#35 /Applications/XAMPP/xamppfiles/htdocs/auth/vendor/laravel/framework/src/Illuminate/Pipeline/Pipeline.php(219): Illuminate\\Foundation\\Http\\Middleware\\TrimStrings->handle(Object(Illuminate\\Http\\Request), Object(Closure))
#36 /Applications/XAMPP/xamppfiles/htdocs/auth/vendor/laravel/framework/src/Illuminate/Http/Middleware/ValidatePostSize.php(27): Illuminate\\Pipeline\\Pipeline->{closure:{closure:Illuminate\\Pipeline\\Pipeline::carry():194}:195}(Object(Illuminate\\Http\\Request))
#37 /Applications/XAMPP/xamppfiles/htdocs/auth/vendor/laravel/framework/src/Illuminate/Pipeline/Pipeline.php(219): Illuminate\\Http\\Middleware\\ValidatePostSize->handle(Object(Illuminate\\Http\\Request), Object(Closure))
#38 /Applications/XAMPP/xamppfiles/htdocs/auth/vendor/laravel/framework/src/Illuminate/Foundation/Http/Middleware/PreventRequestsDuringMaintenance.php(109): Illuminate\\Pipeline\\Pipeline->{closure:{closure:Illuminate\\Pipeline\\Pipeline::carry():194}:195}(Object(Illuminate\\Http\\Request))
#39 /Applications/XAMPP/xamppfiles/htdocs/auth/vendor/laravel/framework/src/Illuminate/Pipeline/Pipeline.php(219): Illuminate\\Foundation\\Http\\Middleware\\PreventRequestsDuringMaintenance->handle(Object(Illuminate\\Http\\Request), Object(Closure))
#40 /Applications/XAMPP/xamppfiles/htdocs/auth/vendor/laravel/framework/src/Illuminate/Http/Middleware/HandleCors.php(61): Illuminate\\Pipeline\\Pipeline->{closure:{closure:Illuminate\\Pipeline\\Pipeline::carry():194}:195}(Object(Illuminate\\Http\\Request))
#41 /Applications/XAMPP/xamppfiles/htdocs/auth/vendor/laravel/framework/src/Illuminate/Pipeline/Pipeline.php(219): Illuminate\\Http\\Middleware\\HandleCors->handle(Object(Illuminate\\Http\\Request), Object(Closure))
#42 /Applications/XAMPP/xamppfiles/htdocs/auth/vendor/laravel/framework/src/Illuminate/Http/Middleware/TrustProxies.php(58): Illuminate\\Pipeline\\Pipeline->{closure:{closure:Illuminate\\Pipeline\\Pipeline::carry():194}:195}(Object(Illuminate\\Http\\Request))
#43 /Applications/XAMPP/xamppfiles/htdocs/auth/vendor/laravel/framework/src/Illuminate/Pipeline/Pipeline.php(219): Illuminate\\Http\\Middleware\\TrustProxies->handle(Object(Illuminate\\Http\\Request), Object(Closure))
#44 /Applications/XAMPP/xamppfiles/htdocs/auth/vendor/laravel/framework/src/Illuminate/Foundation/Http/Middleware/InvokeDeferredCallbacks.php(22): Illuminate\\Pipeline\\Pipeline->{closure:{closure:Illuminate\\Pipeline\\Pipeline::carry():194}:195}(Object(Illuminate\\Http\\Request))
#45 /Applications/XAMPP/xamppfiles/htdocs/auth/vendor/laravel/framework/src/Illuminate/Pipeline/Pipeline.php(219): Illuminate\\Foundation\\Http\\Middleware\\InvokeDeferredCallbacks->handle(Object(Illuminate\\Http\\Request), Object(Closure))
#46 /Applications/XAMPP/xamppfiles/htdocs/auth/vendor/laravel/framework/src/Illuminate/Http/Middleware/ValidatePathEncoding.php(26): Illuminate\\Pipeline\\Pipeline->{closure:{closure:Illuminate\\Pipeline\\Pipeline::carry():194}:195}(Object(Illuminate\\Http\\Request))
#47 /Applications/XAMPP/xamppfiles/htdocs/auth/vendor/laravel/framework/src/Illuminate/Pipeline/Pipeline.php(219): Illuminate\\Http\\Middleware\\ValidatePathEncoding->handle(Object(Illuminate\\Http\\Request), Object(Closure))
#48 /Applications/XAMPP/xamppfiles/htdocs/auth/vendor/laravel/framework/src/Illuminate/Pipeline/Pipeline.php(137): Illuminate\\Pipeline\\Pipeline->{closure:{closure:Illuminate\\Pipeline\\Pipeline::carry():194}:195}(Object(Illuminate\\Http\\Request))
#49 /Applications/XAMPP/xamppfiles/htdocs/auth/vendor/laravel/framework/src/Illuminate/Foundation/Http/Kernel.php(175): Illuminate\\Pipeline\\Pipeline->then(Object(Closure))
#50 /Applications/XAMPP/xamppfiles/htdocs/auth/vendor/laravel/framework/src/Illuminate/Foundation/Http/Kernel.php(144): Illuminate\\Foundation\\Http\\Kernel->sendRequestThroughRouter(Object(Illuminate\\Http\\Request))
#51 /Applications/XAMPP/xamppfiles/htdocs/auth/vendor/laravel/framework/src/Illuminate/Foundation/Application.php(1220): Illuminate\\Foundation\\Http\\Kernel->handle(Object(Illuminate\\Http\\Request))
#52 /Applications/XAMPP/xamppfiles/htdocs/auth/public/index.php(20): Illuminate\\Foundation\\Application->handleRequest(Object(Illuminate\\Http\\Request))
#53 /Applications/XAMPP/xamppfiles/htdocs/auth/vendor/laravel/framework/src/Illuminate/Foundation/resources/server.php(23): require_once('/Applications/X...')
#54 {main}
"} 
[2026-02-10 10:44:02] local.ERROR: SQLSTATE[42S22]: Column not found: 1054 Unknown column 'tags.user_id' in 'where clause' (Connection: mysql, Host: 127.0.0.1, Port: 3306, Database: odin, SQL: select `tags`.*, (select count(*) from `links` inner join `link_tag` on `links`.`id` = `link_tag`.`link_id` where `tags`.`id` = `link_tag`.`tag_id`) as `links_count` from `tags` where `tags`.`user_id` = 3 and `tags`.`user_id` is not null order by `name` asc) {"userId":3,"exception":"[object] (Illuminate\\Database\\QueryException(code: 42S22): SQLSTATE[42S22]: Column not found: 1054 Unknown column 'tags.user_id' in 'where clause' (Connection: mysql, Host: 127.0.0.1, Port: 3306, Database: odin, SQL: select `tags`.*, (select count(*) from `links` inner join `link_tag` on `links`.`id` = `link_tag`.`link_id` where `tags`.`id` = `link_tag`.`tag_id`) as `links_count` from `tags` where `tags`.`user_id` = 3 and `tags`.`user_id` is not null order by `name` asc) at /Applications/XAMPP/xamppfiles/htdocs/auth/vendor/laravel/framework/src/Illuminate/Database/Connection.php:838)
[stacktrace]
#0 /Applications/XAMPP/xamppfiles/htdocs/auth/vendor/laravel/framework/src/Illuminate/Database/Connection.php(794): Illuminate\\Database\\Connection->runQueryCallback('select `tags`.*...', Array, Object(Closure))
#1 /Applications/XAMPP/xamppfiles/htdocs/auth/vendor/laravel/framework/src/Illuminate/Database/Connection.php(411): Illuminate\\Database\\Connection->run('select `tags`.*...', Array, Object(Closure))
#2 /Applications/XAMPP/xamppfiles/htdocs/auth/vendor/laravel/framework/src/Illuminate/Database/Query/Builder.php(3389): Illuminate\\Database\\Connection->select('select `tags`.*...', Array, true)
#3 /Applications/XAMPP/xamppfiles/htdocs/auth/vendor/laravel/framework/src/Illuminate/Database/Query/Builder.php(3374): Illuminate\\Database\\Query\\Builder->runSelect()
#4 /Applications/XAMPP/xamppfiles/htdocs/auth/vendor/laravel/framework/src/Illuminate/Database/Query/Builder.php(3964): Illuminate\\Database\\Query\\Builder->{closure:Illuminate\\Database\\Query\\Builder::get():3373}()
#5 /Applications/XAMPP/xamppfiles/htdocs/auth/vendor/laravel/framework/src/Illuminate/Database/Query/Builder.php(3373): Illuminate\\Database\\Query\\Builder->onceWithColumns(Array, Object(Closure))
#6 /Applications/XAMPP/xamppfiles/htdocs/auth/vendor/laravel/framework/src/Illuminate/Database/Eloquent/Builder.php(902): Illuminate\\Database\\Query\\Builder->get(Array)
#7 /Applications/XAMPP/xamppfiles/htdocs/auth/vendor/laravel/framework/src/Illuminate/Database/Eloquent/Builder.php(884): Illuminate\\Database\\Eloquent\\Builder->getModels(Array)
#8 /Applications/XAMPP/xamppfiles/htdocs/auth/vendor/laravel/framework/src/Illuminate/Database/Eloquent/Relations/Relation.php(212): Illuminate\\Database\\Eloquent\\Builder->get(Array)
#9 /Applications/XAMPP/xamppfiles/htdocs/auth/app/Http/Controllers/LinkController.php(39): Illuminate\\Database\\Eloquent\\Relations\\Relation->get()
#10 /Applications/XAMPP/xamppfiles/htdocs/auth/vendor/laravel/framework/src/Illuminate/Routing/ControllerDispatcher.php(46): App\\Http\\Controllers\\LinkController->index(Object(Illuminate\\Http\\Request))
#11 /Applications/XAMPP/xamppfiles/htdocs/auth/vendor/laravel/framework/src/Illuminate/Routing/Route.php(265): Illuminate\\Routing\\ControllerDispatcher->dispatch(Object(Illuminate\\Routing\\Route), Object(App\\Http\\Controllers\\LinkController), 'index')
#12 /Applications/XAMPP/xamppfiles/htdocs/auth/vendor/laravel/framework/src/Illuminate/Routing/Route.php(211): Illuminate\\Routing\\Route->runController()
#13 /Applications/XAMPP/xamppfiles/htdocs/auth/vendor/laravel/framework/src/Illuminate/Routing/Router.php(822): Illuminate\\Routing\\Route->run()
#14 /Applications/XAMPP/xamppfiles/htdocs/auth/vendor/laravel/framework/src/Illuminate/Pipeline/Pipeline.php(180): Illuminate\\Routing\\Router->{closure:Illuminate\\Routing\\Router::runRouteWithinStack():821}(Object(Illuminate\\Http\\Request))
#15 /Applications/XAMPP/xamppfiles/htdocs/auth/vendor/laravel/framework/src/Illuminate/Routing/Middleware/SubstituteBindings.php(50): Illuminate\\Pipeline\\Pipeline->{closure:Illuminate\\Pipeline\\Pipeline::prepareDestination():178}(Object(Illuminate\\Http\\Request))
#16 /Applications/XAMPP/xamppfiles/htdocs/auth/vendor/laravel/framework/src/Illuminate/Pipeline/Pipeline.php(219): Illuminate\\Routing\\Middleware\\SubstituteBindings->handle(Object(Illuminate\\Http\\Request), Object(Closure))
#17 /Applications/XAMPP/xamppfiles/htdocs/auth/vendor/laravel/framework/src/Illuminate/Auth/Middleware/Authenticate.php(63): Illuminate\\Pipeline\\Pipeline->{closure:{closure:Illuminate\\Pipeline\\Pipeline::carry():194}:195}(Object(Illuminate\\Http\\Request))
#18 /Applications/XAMPP/xamppfiles/htdocs/auth/vendor/laravel/framework/src/Illuminate/Pipeline/Pipeline.php(219): Illuminate\\Auth\\Middleware\\Authenticate->handle(Object(Illuminate\\Http\\Request), Object(Closure))
#19 /Applications/XAMPP/xamppfiles/htdocs/auth/vendor/laravel/framework/src/Illuminate/Foundation/Http/Middleware/VerifyCsrfToken.php(87): Illuminate\\Pipeline\\Pipeline->{closure:{closure:Illuminate\\Pipeline\\Pipeline::carry():194}:195}(Object(Illuminate\\Http\\Request))
#20 /Applications/XAMPP/xamppfiles/htdocs/auth/vendor/laravel/framework/src/Illuminate/Pipeline/Pipeline.php(219): Illuminate\\Foundation\\Http\\Middleware\\VerifyCsrfToken->handle(Object(Illuminate\\Http\\Request), Object(Closure))
#21 /Applications/XAMPP/xamppfiles/htdocs/auth/vendor/laravel/framework/src/Illuminate/View/Middleware/ShareErrorsFromSession.php(48): Illuminate\\Pipeline\\Pipeline->{closure:{closure:Illuminate\\Pipeline\\Pipeline::carry():194}:195}(Object(Illuminate\\Http\\Request))
#22 /Applications/XAMPP/xamppfiles/htdocs/auth/vendor/laravel/framework/src/Illuminate/Pipeline/Pipeline.php(219): Illuminate\\View\\Middleware\\ShareErrorsFromSession->handle(Object(Illuminate\\Http\\Request), Object(Closure))
#23 /Applications/XAMPP/xamppfiles/htdocs/auth/vendor/laravel/framework/src/Illuminate/Session/Middleware/StartSession.php(120): Illuminate\\Pipeline\\Pipeline->{closure:{closure:Illuminate\\Pipeline\\Pipeline::carry():194}:195}(Object(Illuminate\\Http\\Request))
#24 /Applications/XAMPP/xamppfiles/htdocs/auth/vendor/laravel/framework/src/Illuminate/Session/Middleware/StartSession.php(63): Illuminate\\Session\\Middleware\\StartSession->handleStatefulRequest(Object(Illuminate\\Http\\Request), Object(Illuminate\\Session\\Store), Object(Closure))
#25 /Applications/XAMPP/xamppfiles/htdocs/auth/vendor/laravel/framework/src/Illuminate/Pipeline/Pipeline.php(219): Illuminate\\Session\\Middleware\\StartSession->handle(Object(Illuminate\\Http\\Request), Object(Closure))
#26 /Applications/XAMPP/xamppfiles/htdocs/auth/vendor/laravel/framework/src/Illuminate/Cookie/Middleware/AddQueuedCookiesToResponse.php(36): Illuminate\\Pipeline\\Pipeline->{closure:{closure:Illuminate\\Pipeline\\Pipeline::carry():194}:195}(Object(Illuminate\\Http\\Request))
#27 /Applications/XAMPP/xamppfiles/htdocs/auth/vendor/laravel/framework/src/Illuminate/Pipeline/Pipeline.php(219): Illuminate\\Cookie\\Middleware\\AddQueuedCookiesToResponse->handle(Object(Illuminate\\Http\\Request), Object(Closure))
#28 /Applications/XAMPP/xamppfiles/htdocs/auth/vendor/laravel/framework/src/Illuminate/Cookie/Middleware/EncryptCookies.php(74): Illuminate\\Pipeline\\Pipeline->{closure:{closure:Illuminate\\Pipeline\\Pipeline::carry():194}:195}(Object(Illuminate\\Http\\Request))
#29 /Applications/XAMPP/xamppfiles/htdocs/auth/vendor/laravel/framework/src/Illuminate/Pipeline/Pipeline.php(219): Illuminate\\Cookie\\Middleware\\EncryptCookies->handle(Object(Illuminate\\Http\\Request), Object(Closure))
#30 /Applications/XAMPP/xamppfiles/htdocs/auth/vendor/laravel/framework/src/Illuminate/Pipeline/Pipeline.php(137): Illuminate\\Pipeline\\Pipeline->{closure:{closure:Illuminate\\Pipeline\\Pipeline::carry():194}:195}(Object(Illuminate\\Http\\Request))
#31 /Applications/XAMPP/xamppfiles/htdocs/auth/vendor/laravel/framework/src/Illuminate/Routing/Router.php(821): Illuminate\\Pipeline\\Pipeline->then(Object(Closure))
#32 /Applications/XAMPP/xamppfiles/htdocs/auth/vendor/laravel/framework/src/Illuminate/Routing/Router.php(800): Illuminate\\Routing\\Router->runRouteWithinStack(Object(Illuminate\\Routing\\Route), Object(Illuminate\\Http\\Request))
#33 /Applications/XAMPP/xamppfiles/htdocs/auth/vendor/laravel/framework/src/Illuminate/Routing/Router.php(764): Illuminate\\Routing\\Router->runRoute(Object(Illuminate\\Http\\Request), Object(Illuminate\\Routing\\Route))
#34 /Applications/XAMPP/xamppfiles/htdocs/auth/vendor/laravel/framework/src/Illuminate/Routing/Router.php(753): Illuminate\\Routing\\Router->dispatchToRoute(Object(Illuminate\\Http\\Request))
#35 /Applications/XAMPP/xamppfiles/htdocs/auth/vendor/laravel/framework/src/Illuminate/Foundation/Http/Kernel.php(200): Illuminate\\Routing\\Router->dispatch(Object(Illuminate\\Http\\Request))
#36 /Applications/XAMPP/xamppfiles/htdocs/auth/vendor/laravel/framework/src/Illuminate/Pipeline/Pipeline.php(180): Illuminate\\Foundation\\Http\\Kernel->{closure:Illuminate\\Foundation\\Http\\Kernel::dispatchToRouter():197}(Object(Illuminate\\Http\\Request))
#37 /Applications/XAMPP/xamppfiles/htdocs/auth/vendor/laravel/framework/src/Illuminate/Foundation/Http/Middleware/TransformsRequest.php(21): Illuminate\\Pipeline\\Pipeline->{closure:Illuminate\\Pipeline\\Pipeline::prepareDestination():178}(Object(Illuminate\\Http\\Request))
#38 /Applications/XAMPP/xamppfiles/htdocs/auth/vendor/laravel/framework/src/Illuminate/Foundation/Http/Middleware/ConvertEmptyStringsToNull.php(31): Illuminate\\Foundation\\Http\\Middleware\\TransformsRequest->handle(Object(Illuminate\\Http\\Request), Object(Closure))
#39 /Applications/XAMPP/xamppfiles/htdocs/auth/vendor/laravel/framework/src/Illuminate/Pipeline/Pipeline.php(219): Illuminate\\Foundation\\Http\\Middleware\\ConvertEmptyStringsToNull->handle(Object(Illuminate\\Http\\Request), Object(Closure))
#40 /Applications/XAMPP/xamppfiles/htdocs/auth/vendor/laravel/framework/src/Illuminate/Foundation/Http/Middleware/TransformsRequest.php(21): Illuminate\\Pipeline\\Pipeline->{closure:{closure:Illuminate\\Pipeline\\Pipeline::carry():194}:195}(Object(Illuminate\\Http\\Request))
#41 /Applications/XAMPP/xamppfiles/htdocs/auth/vendor/laravel/framework/src/Illuminate/Foundation/Http/Middleware/TrimStrings.php(51): Illuminate\\Foundation\\Http\\Middleware\\TransformsRequest->handle(Object(Illuminate\\Http\\Request), Object(Closure))
#42 /Applications/XAMPP/xamppfiles/htdocs/auth/vendor/laravel/framework/src/Illuminate/Pipeline/Pipeline.php(219): Illuminate\\Foundation\\Http\\Middleware\\TrimStrings->handle(Object(Illuminate\\Http\\Request), Object(Closure))
#43 /Applications/XAMPP/xamppfiles/htdocs/auth/vendor/laravel/framework/src/Illuminate/Http/Middleware/ValidatePostSize.php(27): Illuminate\\Pipeline\\Pipeline->{closure:{closure:Illuminate\\Pipeline\\Pipeline::carry():194}:195}(Object(Illuminate\\Http\\Request))
#44 /Applications/XAMPP/xamppfiles/htdocs/auth/vendor/laravel/framework/src/Illuminate/Pipeline/Pipeline.php(219): Illuminate\\Http\\Middleware\\ValidatePostSize->handle(Object(Illuminate\\Http\\Request), Object(Closure))
#45 /Applications/XAMPP/xamppfiles/htdocs/auth/vendor/laravel/framework/src/Illuminate/Foundation/Http/Middleware/PreventRequestsDuringMaintenance.php(109): Illuminate\\Pipeline\\Pipeline->{closure:{closure:Illuminate\\Pipeline\\Pipeline::carry():194}:195}(Object(Illuminate\\Http\\Request))
#46 /Applications/XAMPP/xamppfiles/htdocs/auth/vendor/laravel/framework/src/Illuminate/Pipeline/Pipeline.php(219): Illuminate\\Foundation\\Http\\Middleware\\PreventRequestsDuringMaintenance->handle(Object(Illuminate\\Http\\Request), Object(Closure))
#47 /Applications/XAMPP/xamppfiles/htdocs/auth/vendor/laravel/framework/src/Illuminate/Http/Middleware/HandleCors.php(61): Illuminate\\Pipeline\\Pipeline->{closure:{closure:Illuminate\\Pipeline\\Pipeline::carry():194}:195}(Object(Illuminate\\Http\\Request))
#48 /Applications/XAMPP/xamppfiles/htdocs/auth/vendor/laravel/framework/src/Illuminate/Pipeline/Pipeline.php(219): Illuminate\\Http\\Middleware\\HandleCors->handle(Object(Illuminate\\Http\\Request), Object(Closure))
#49 /Applications/XAMPP/xamppfiles/htdocs/auth/vendor/laravel/framework/src/Illuminate/Http/Middleware/TrustProxies.php(58): Illuminate\\Pipeline\\Pipeline->{closure:{closure:Illuminate\\Pipeline\\Pipeline::carry():194}:195}(Object(Illuminate\\Http\\Request))
#50 /Applications/XAMPP/xamppfiles/htdocs/auth/vendor/laravel/framework/src/Illuminate/Pipeline/Pipeline.php(219): Illuminate\\Http\\Middleware\\TrustProxies->handle(Object(Illuminate\\Http\\Request), Object(Closure))
#51 /Applications/XAMPP/xamppfiles/htdocs/auth/vendor/laravel/framework/src/Illuminate/Foundation/Http/Middleware/InvokeDeferredCallbacks.php(22): Illuminate\\Pipeline\\Pipeline->{closure:{closure:Illuminate\\Pipeline\\Pipeline::carry():194}:195}(Object(Illuminate\\Http\\Request))
#52 /Applications/XAMPP/xamppfiles/htdocs/auth/vendor/laravel/framework/src/Illuminate/Pipeline/Pipeline.php(219): Illuminate\\Foundation\\Http\\Middleware\\InvokeDeferredCallbacks->handle(Object(Illuminate\\Http\\Request), Object(Closure))
#53 /Applications/XAMPP/xamppfiles/htdocs/auth/vendor/laravel/framework/src/Illuminate/Http/Middleware/ValidatePathEncoding.php(26): Illuminate\\Pipeline\\Pipeline->{closure:{closure:Illuminate\\Pipeline\\Pipeline::carry():194}:195}(Object(Illuminate\\Http\\Request))
#54 /Applications/XAMPP/xamppfiles/htdocs/auth/vendor/laravel/framework/src/Illuminate/Pipeline/Pipeline.php(219): Illuminate\\Http\\Middleware\\ValidatePathEncoding->handle(Object(Illuminate\\Http\\Request), Object(Closure))
#55 /Applications/XAMPP/xamppfiles/htdocs/auth/vendor/laravel/framework/src/Illuminate/Pipeline/Pipeline.php(137): Illuminate\\Pipeline\\Pipeline->{closure:{closure:Illuminate\\Pipeline\\Pipeline::carry():194}:195}(Object(Illuminate\\Http\\Request))
#56 /Applications/XAMPP/xamppfiles/htdocs/auth/vendor/laravel/framework/src/Illuminate/Foundation/Http/Kernel.php(175): Illuminate\\Pipeline\\Pipeline->then(Object(Closure))
#57 /Applications/XAMPP/xamppfiles/htdocs/auth/vendor/laravel/framework/src/Illuminate/Foundation/Http/Kernel.php(144): Illuminate\\Foundation\\Http\\Kernel->sendRequestThroughRouter(Object(Illuminate\\Http\\Request))
#58 /Applications/XAMPP/xamppfiles/htdocs/auth/vendor/laravel/framework/src/Illuminate/Foundation/Application.php(1220): Illuminate\\Foundation\\Http\\Kernel->handle(Object(Illuminate\\Http\\Request))
#59 /Applications/XAMPP/xamppfiles/htdocs/auth/public/index.php(20): Illuminate\\Foundation\\Application->handleRequest(Object(Illuminate\\Http\\Request))
#60 /Applications/XAMPP/xamppfiles/htdocs/auth/vendor/laravel/framework/src/Illuminate/Foundation/resources/server.php(23): require_once('/Applications/X...')
#61 {main}

[previous exception] [object] (PDOException(code: 42S22): SQLSTATE[42S22]: Column not found: 1054 Unknown column 'tags.user_id' in 'where clause' at /Applications/XAMPP/xamppfiles/htdocs/auth/vendor/laravel/framework/src/Illuminate/Database/Connection.php:420)
[stacktrace]
#0 /Applications/XAMPP/xamppfiles/htdocs/auth/vendor/laravel/framework/src/Illuminate/Database/Connection.php(420): PDO->prepare('select `tags`.*...')
#1 /Applications/XAMPP/xamppfiles/htdocs/auth/vendor/laravel/framework/src/Illuminate/Database/Connection.php(827): Illuminate\\Database\\Connection->{closure:Illuminate\\Database\\Connection::select():411}('select `tags`.*...', Array)
#2 /Applications/XAMPP/xamppfiles/htdocs/auth/vendor/laravel/framework/src/Illuminate/Database/Connection.php(794): Illuminate\\Database\\Connection->runQueryCallback('select `tags`.*...', Array, Object(Closure))
#3 /Applications/XAMPP/xamppfiles/htdocs/auth/vendor/laravel/framework/src/Illuminate/Database/Connection.php(411): Illuminate\\Database\\Connection->run('select `tags`.*...', Array, Object(Closure))
#4 /Applications/XAMPP/xamppfiles/htdocs/auth/vendor/laravel/framework/src/Illuminate/Database/Query/Builder.php(3389): Illuminate\\Database\\Connection->select('select `tags`.*...', Array, true)
#5 /Applications/XAMPP/xamppfiles/htdocs/auth/vendor/laravel/framework/src/Illuminate/Database/Query/Builder.php(3374): Illuminate\\Database\\Query\\Builder->runSelect()
#6 /Applications/XAMPP/xamppfiles/htdocs/auth/vendor/laravel/framework/src/Illuminate/Database/Query/Builder.php(3964): Illuminate\\Database\\Query\\Builder->{closure:Illuminate\\Database\\Query\\Builder::get():3373}()
#7 /Applications/XAMPP/xamppfiles/htdocs/auth/vendor/laravel/framework/src/Illuminate/Database/Query/Builder.php(3373): Illuminate\\Database\\Query\\Builder->onceWithColumns(Array, Object(Closure))
#8 /Applications/XAMPP/xamppfiles/htdocs/auth/vendor/laravel/framework/src/Illuminate/Database/Eloquent/Builder.php(902): Illuminate\\Database\\Query\\Builder->get(Array)
#9 /Applications/XAMPP/xamppfiles/htdocs/auth/vendor/laravel/framework/src/Illuminate/Database/Eloquent/Builder.php(884): Illuminate\\Database\\Eloquent\\Builder->getModels(Array)
#10 /Applications/XAMPP/xamppfiles/htdocs/auth/vendor/laravel/framework/src/Illuminate/Database/Eloquent/Relations/Relation.php(212): Illuminate\\Database\\Eloquent\\Builder->get(Array)
#11 /Applications/XAMPP/xamppfiles/htdocs/auth/app/Http/Controllers/LinkController.php(39): Illuminate\\Database\\Eloquent\\Relations\\Relation->get()
#12 /Applications/XAMPP/xamppfiles/htdocs/auth/vendor/laravel/framework/src/Illuminate/Routing/ControllerDispatcher.php(46): App\\Http\\Controllers\\LinkController->index(Object(Illuminate\\Http\\Request))
#13 /Applications/XAMPP/xamppfiles/htdocs/auth/vendor/laravel/framework/src/Illuminate/Routing/Route.php(265): Illuminate\\Routing\\ControllerDispatcher->dispatch(Object(Illuminate\\Routing\\Route), Object(App\\Http\\Controllers\\LinkController), 'index')
#14 /Applications/XAMPP/xamppfiles/htdocs/auth/vendor/laravel/framework/src/Illuminate/Routing/Route.php(211): Illuminate\\Routing\\Route->runController()
#15 /Applications/XAMPP/xamppfiles/htdocs/auth/vendor/laravel/framework/src/Illuminate/Routing/Router.php(822): Illuminate\\Routing\\Route->run()
#16 /Applications/XAMPP/xamppfiles/htdocs/auth/vendor/laravel/framework/src/Illuminate/Pipeline/Pipeline.php(180): Illuminate\\Routing\\Router->{closure:Illuminate\\Routing\\Router::runRouteWithinStack():821}(Object(Illuminate\\Http\\Request))
#17 /Applications/XAMPP/xamppfiles/htdocs/auth/vendor/laravel/framework/src/Illuminate/Routing/Middleware/SubstituteBindings.php(50): Illuminate\\Pipeline\\Pipeline->{closure:Illuminate\\Pipeline\\Pipeline::prepareDestination():178}(Object(Illuminate\\Http\\Request))
#18 /Applications/XAMPP/xamppfiles/htdocs/auth/vendor/laravel/framework/src/Illuminate/Pipeline/Pipeline.php(219): Illuminate\\Routing\\Middleware\\SubstituteBindings->handle(Object(Illuminate\\Http\\Request), Object(Closure))
#19 /Applications/XAMPP/xamppfiles/htdocs/auth/vendor/laravel/framework/src/Illuminate/Auth/Middleware/Authenticate.php(63): Illuminate\\Pipeline\\Pipeline->{closure:{closure:Illuminate\\Pipeline\\Pipeline::carry():194}:195}(Object(Illuminate\\Http\\Request))
#20 /Applications/XAMPP/xamppfiles/htdocs/auth/vendor/laravel/framework/src/Illuminate/Pipeline/Pipeline.php(219): Illuminate\\Auth\\Middleware\\Authenticate->handle(Object(Illuminate\\Http\\Request), Object(Closure))
#21 /Applications/XAMPP/xamppfiles/htdocs/auth/vendor/laravel/framework/src/Illuminate/Foundation/Http/Middleware/VerifyCsrfToken.php(87): Illuminate\\Pipeline\\Pipeline->{closure:{closure:Illuminate\\Pipeline\\Pipeline::carry():194}:195}(Object(Illuminate\\Http\\Request))
#22 /Applications/XAMPP/xamppfiles/htdocs/auth/vendor/laravel/framework/src/Illuminate/Pipeline/Pipeline.php(219): Illuminate\\Foundation\\Http\\Middleware\\VerifyCsrfToken->handle(Object(Illuminate\\Http\\Request), Object(Closure))
#23 /Applications/XAMPP/xamppfiles/htdocs/auth/vendor/laravel/framework/src/Illuminate/View/Middleware/ShareErrorsFromSession.php(48): Illuminate\\Pipeline\\Pipeline->{closure:{closure:Illuminate\\Pipeline\\Pipeline::carry():194}:195}(Object(Illuminate\\Http\\Request))
#24 /Applications/XAMPP/xamppfiles/htdocs/auth/vendor/laravel/framework/src/Illuminate/Pipeline/Pipeline.php(219): Illuminate\\View\\Middleware\\ShareErrorsFromSession->handle(Object(Illuminate\\Http\\Request), Object(Closure))
#25 /Applications/XAMPP/xamppfiles/htdocs/auth/vendor/laravel/framework/src/Illuminate/Session/Middleware/StartSession.php(120): Illuminate\\Pipeline\\Pipeline->{closure:{closure:Illuminate\\Pipeline\\Pipeline::carry():194}:195}(Object(Illuminate\\Http\\Request))
#26 /Applications/XAMPP/xamppfiles/htdocs/auth/vendor/laravel/framework/src/Illuminate/Session/Middleware/StartSession.php(63): Illuminate\\Session\\Middleware\\StartSession->handleStatefulRequest(Object(Illuminate\\Http\\Request), Object(Illuminate\\Session\\Store), Object(Closure))
#27 /Applications/XAMPP/xamppfiles/htdocs/auth/vendor/laravel/framework/src/Illuminate/Pipeline/Pipeline.php(219): Illuminate\\Session\\Middleware\\StartSession->handle(Object(Illuminate\\Http\\Request), Object(Closure))
#28 /Applications/XAMPP/xamppfiles/htdocs/auth/vendor/laravel/framework/src/Illuminate/Cookie/Middleware/AddQueuedCookiesToResponse.php(36): Illuminate\\Pipeline\\Pipeline->{closure:{closure:Illuminate\\Pipeline\\Pipeline::carry():194}:195}(Object(Illuminate\\Http\\Request))
#29 /Applications/XAMPP/xamppfiles/htdocs/auth/vendor/laravel/framework/src/Illuminate/Pipeline/Pipeline.php(219): Illuminate\\Cookie\\Middleware\\AddQueuedCookiesToResponse->handle(Object(Illuminate\\Http\\Request), Object(Closure))
#30 /Applications/XAMPP/xamppfiles/htdocs/auth/vendor/laravel/framework/src/Illuminate/Cookie/Middleware/EncryptCookies.php(74): Illuminate\\Pipeline\\Pipeline->{closure:{closure:Illuminate\\Pipeline\\Pipeline::carry():194}:195}(Object(Illuminate\\Http\\Request))
#31 /Applications/XAMPP/xamppfiles/htdocs/auth/vendor/laravel/framework/src/Illuminate/Pipeline/Pipeline.php(219): Illuminate\\Cookie\\Middleware\\EncryptCookies->handle(Object(Illuminate\\Http\\Request), Object(Closure))
#32 /Applications/XAMPP/xamppfiles/htdocs/auth/vendor/laravel/framework/src/Illuminate/Pipeline/Pipeline.php(137): Illuminate\\Pipeline\\Pipeline->{closure:{closure:Illuminate\\Pipeline\\Pipeline::carry():194}:195}(Object(Illuminate\\Http\\Request))
#33 /Applications/XAMPP/xamppfiles/htdocs/auth/vendor/laravel/framework/src/Illuminate/Routing/Router.php(821): Illuminate\\Pipeline\\Pipeline->then(Object(Closure))
#34 /Applications/XAMPP/xamppfiles/htdocs/auth/vendor/laravel/framework/src/Illuminate/Routing/Router.php(800): Illuminate\\Routing\\Router->runRouteWithinStack(Object(Illuminate\\Routing\\Route), Object(Illuminate\\Http\\Request))
#35 /Applications/XAMPP/xamppfiles/htdocs/auth/vendor/laravel/framework/src/Illuminate/Routing/Router.php(764): Illuminate\\Routing\\Router->runRoute(Object(Illuminate\\Http\\Request), Object(Illuminate\\Routing\\Route))
#36 /Applications/XAMPP/xamppfiles/htdocs/auth/vendor/laravel/framework/src/Illuminate/Routing/Router.php(753): Illuminate\\Routing\\Router->dispatchToRoute(Object(Illuminate\\Http\\Request))
#37 /Applications/XAMPP/xamppfiles/htdocs/auth/vendor/laravel/framework/src/Illuminate/Foundation/Http/Kernel.php(200): Illuminate\\Routing\\Router->dispatch(Object(Illuminate\\Http\\Request))
#38 /Applications/XAMPP/xamppfiles/htdocs/auth/vendor/laravel/framework/src/Illuminate/Pipeline/Pipeline.php(180): Illuminate\\Foundation\\Http\\Kernel->{closure:Illuminate\\Foundation\\Http\\Kernel::dispatchToRouter():197}(Object(Illuminate\\Http\\Request))
#39 /Applications/XAMPP/xamppfiles/htdocs/auth/vendor/laravel/framework/src/Illuminate/Foundation/Http/Middleware/TransformsRequest.php(21): Illuminate\\Pipeline\\Pipeline->{closure:Illuminate\\Pipeline\\Pipeline::prepareDestination():178}(Object(Illuminate\\Http\\Request))
#40 /Applications/XAMPP/xamppfiles/htdocs/auth/vendor/laravel/framework/src/Illuminate/Foundation/Http/Middleware/ConvertEmptyStringsToNull.php(31): Illuminate\\Foundation\\Http\\Middleware\\TransformsRequest->handle(Object(Illuminate\\Http\\Request), Object(Closure))
#41 /Applications/XAMPP/xamppfiles/htdocs/auth/vendor/laravel/framework/src/Illuminate/Pipeline/Pipeline.php(219): Illuminate\\Foundation\\Http\\Middleware\\ConvertEmptyStringsToNull->handle(Object(Illuminate\\Http\\Request), Object(Closure))
#42 /Applications/XAMPP/xamppfiles/htdocs/auth/vendor/laravel/framework/src/Illuminate/Foundation/Http/Middleware/TransformsRequest.php(21): Illuminate\\Pipeline\\Pipeline->{closure:{closure:Illuminate\\Pipeline\\Pipeline::carry():194}:195}(Object(Illuminate\\Http\\Request))
#43 /Applications/XAMPP/xamppfiles/htdocs/auth/vendor/laravel/framework/src/Illuminate/Foundation/Http/Middleware/TrimStrings.php(51): Illuminate\\Foundation\\Http\\Middleware\\TransformsRequest->handle(Object(Illuminate\\Http\\Request), Object(Closure))
#44 /Applications/XAMPP/xamppfiles/htdocs/auth/vendor/laravel/framework/src/Illuminate/Pipeline/Pipeline.php(219): Illuminate\\Foundation\\Http\\Middleware\\TrimStrings->handle(Object(Illuminate\\Http\\Request), Object(Closure))
#45 /Applications/XAMPP/xamppfiles/htdocs/auth/vendor/laravel/framework/src/Illuminate/Http/Middleware/ValidatePostSize.php(27): Illuminate\\Pipeline\\Pipeline->{closure:{closure:Illuminate\\Pipeline\\Pipeline::carry():194}:195}(Object(Illuminate\\Http\\Request))
#46 /Applications/XAMPP/xamppfiles/htdocs/auth/vendor/laravel/framework/src/Illuminate/Pipeline/Pipeline.php(219): Illuminate\\Http\\Middleware\\ValidatePostSize->handle(Object(Illuminate\\Http\\Request), Object(Closure))
#47 /Applications/XAMPP/xamppfiles/htdocs/auth/vendor/laravel/framework/src/Illuminate/Foundation/Http/Middleware/PreventRequestsDuringMaintenance.php(109): Illuminate\\Pipeline\\Pipeline->{closure:{closure:Illuminate\\Pipeline\\Pipeline::carry():194}:195}(Object(Illuminate\\Http\\Request))
#48 /Applications/XAMPP/xamppfiles/htdocs/auth/vendor/laravel/framework/src/Illuminate/Pipeline/Pipeline.php(219): Illuminate\\Foundation\\Http\\Middleware\\PreventRequestsDuringMaintenance->handle(Object(Illuminate\\Http\\Request), Object(Closure))
#49 /Applications/XAMPP/xamppfiles/htdocs/auth/vendor/laravel/framework/src/Illuminate/Http/Middleware/HandleCors.php(61): Illuminate\\Pipeline\\Pipeline->{closure:{closure:Illuminate\\Pipeline\\Pipeline::carry():194}:195}(Object(Illuminate\\Http\\Request))
#50 /Applications/XAMPP/xamppfiles/htdocs/auth/vendor/laravel/framework/src/Illuminate/Pipeline/Pipeline.php(219): Illuminate\\Http\\Middleware\\HandleCors->handle(Object(Illuminate\\Http\\Request), Object(Closure))
#51 /Applications/XAMPP/xamppfiles/htdocs/auth/vendor/laravel/framework/src/Illuminate/Http/Middleware/TrustProxies.php(58): Illuminate\\Pipeline\\Pipeline->{closure:{closure:Illuminate\\Pipeline\\Pipeline::carry():194}:195}(Object(Illuminate\\Http\\Request))
#52 /Applications/XAMPP/xamppfiles/htdocs/auth/vendor/laravel/framework/src/Illuminate/Pipeline/Pipeline.php(219): Illuminate\\Http\\Middleware\\TrustProxies->handle(Object(Illuminate\\Http\\Request), Object(Closure))
#53 /Applications/XAMPP/xamppfiles/htdocs/auth/vendor/laravel/framework/src/Illuminate/Foundation/Http/Middleware/InvokeDeferredCallbacks.php(22): Illuminate\\Pipeline\\Pipeline->{closure:{closure:Illuminate\\Pipeline\\Pipeline::carry():194}:195}(Object(Illuminate\\Http\\Request))
#54 /Applications/XAMPP/xamppfiles/htdocs/auth/vendor/laravel/framework/src/Illuminate/Pipeline/Pipeline.php(219): Illuminate\\Foundation\\Http\\Middleware\\InvokeDeferredCallbacks->handle(Object(Illuminate\\Http\\Request), Object(Closure))
#55 /Applications/XAMPP/xamppfiles/htdocs/auth/vendor/laravel/framework/src/Illuminate/Http/Middleware/ValidatePathEncoding.php(26): Illuminate\\Pipeline\\Pipeline->{closure:{closure:Illuminate\\Pipeline\\Pipeline::carry():194}:195}(Object(Illuminate\\Http\\Request))
#56 /Applications/XAMPP/xamppfiles/htdocs/auth/vendor/laravel/framework/src/Illuminate/Pipeline/Pipeline.php(219): Illuminate\\Http\\Middleware\\ValidatePathEncoding->handle(Object(Illuminate\\Http\\Request), Object(Closure))
#57 /Applications/XAMPP/xamppfiles/htdocs/auth/vendor/laravel/framework/src/Illuminate/Pipeline/Pipeline.php(137): Illuminate\\Pipeline\\Pipeline->{closure:{closure:Illuminate\\Pipeline\\Pipeline::carry():194}:195}(Object(Illuminate\\Http\\Request))
#58 /Applications/XAMPP/xamppfiles/htdocs/auth/vendor/laravel/framework/src/Illuminate/Foundation/Http/Kernel.php(175): Illuminate\\Pipeline\\Pipeline->then(Object(Closure))
#59 /Applications/XAMPP/xamppfiles/htdocs/auth/vendor/laravel/framework/src/Illuminate/Foundation/Http/Kernel.php(144): Illuminate\\Foundation\\Http\\Kernel->sendRequestThroughRouter(Object(Illuminate\\Http\\Request))
#60 /Applications/XAMPP/xamppfiles/htdocs/auth/vendor/laravel/framework/src/Illuminate/Foundation/Application.php(1220): Illuminate\\Foundation\\Http\\Kernel->handle(Object(Illuminate\\Http\\Request))
#61 /Applications/XAMPP/xamppfiles/htdocs/auth/public/index.php(20): Illuminate\\Foundation\\Application->handleRequest(Object(Illuminate\\Http\\Request))
#62 /Applications/XAMPP/xamppfiles/htdocs/auth/vendor/laravel/framework/src/Illuminate/Foundation/resources/server.php(23): require_once('/Applications/X...')
#63 {main}
"} 
[2026-02-10 10:44:09] local.ERROR: SQLSTATE[42S22]: Column not found: 1054 Unknown column 'tags.user_id' in 'where clause' (Connection: mysql, Host: 127.0.0.1, Port: 3306, Database: odin, SQL: select `tags`.*, (select count(*) from `links` inner join `link_tag` on `links`.`id` = `link_tag`.`link_id` where `tags`.`id` = `link_tag`.`tag_id`) as `links_count` from `tags` where `tags`.`user_id` = 3 and `tags`.`user_id` is not null order by `name` asc) {"userId":3,"exception":"[object] (Illuminate\\Database\\QueryException(code: 42S22): SQLSTATE[42S22]: Column not found: 1054 Unknown column 'tags.user_id' in 'where clause' (Connection: mysql, Host: 127.0.0.1, Port: 3306, Database: odin, SQL: select `tags`.*, (select count(*) from `links` inner join `link_tag` on `links`.`id` = `link_tag`.`link_id` where `tags`.`id` = `link_tag`.`tag_id`) as `links_count` from `tags` where `tags`.`user_id` = 3 and `tags`.`user_id` is not null order by `name` asc) at /Applications/XAMPP/xamppfiles/htdocs/auth/vendor/laravel/framework/src/Illuminate/Database/Connection.php:838)
[stacktrace]
#0 /Applications/XAMPP/xamppfiles/htdocs/auth/vendor/laravel/framework/src/Illuminate/Database/Connection.php(794): Illuminate\\Database\\Connection->runQueryCallback('select `tags`.*...', Array, Object(Closure))
#1 /Applications/XAMPP/xamppfiles/htdocs/auth/vendor/laravel/framework/src/Illuminate/Database/Connection.php(411): Illuminate\\Database\\Connection->run('select `tags`.*...', Array, Object(Closure))
#2 /Applications/XAMPP/xamppfiles/htdocs/auth/vendor/laravel/framework/src/Illuminate/Database/Query/Builder.php(3389): Illuminate\\Database\\Connection->select('select `tags`.*...', Array, true)
#3 /Applications/XAMPP/xamppfiles/htdocs/auth/vendor/laravel/framework/src/Illuminate/Database/Query/Builder.php(3374): Illuminate\\Database\\Query\\Builder->runSelect()
#4 /Applications/XAMPP/xamppfiles/htdocs/auth/vendor/laravel/framework/src/Illuminate/Database/Query/Builder.php(3964): Illuminate\\Database\\Query\\Builder->{closure:Illuminate\\Database\\Query\\Builder::get():3373}()
#5 /Applications/XAMPP/xamppfiles/htdocs/auth/vendor/laravel/framework/src/Illuminate/Database/Query/Builder.php(3373): Illuminate\\Database\\Query\\Builder->onceWithColumns(Array, Object(Closure))
#6 /Applications/XAMPP/xamppfiles/htdocs/auth/vendor/laravel/framework/src/Illuminate/Database/Eloquent/Builder.php(902): Illuminate\\Database\\Query\\Builder->get(Array)
#7 /Applications/XAMPP/xamppfiles/htdocs/auth/vendor/laravel/framework/src/Illuminate/Database/Eloquent/Builder.php(884): Illuminate\\Database\\Eloquent\\Builder->getModels(Array)
#8 /Applications/XAMPP/xamppfiles/htdocs/auth/vendor/laravel/framework/src/Illuminate/Database/Eloquent/Relations/Relation.php(212): Illuminate\\Database\\Eloquent\\Builder->get(Array)
#9 /Applications/XAMPP/xamppfiles/htdocs/auth/app/Http/Controllers/LinkController.php(39): Illuminate\\Database\\Eloquent\\Relations\\Relation->get()
#10 /Applications/XAMPP/xamppfiles/htdocs/auth/vendor/laravel/framework/src/Illuminate/Routing/ControllerDispatcher.php(46): App\\Http\\Controllers\\LinkController->index(Object(Illuminate\\Http\\Request))
#11 /Applications/XAMPP/xamppfiles/htdocs/auth/vendor/laravel/framework/src/Illuminate/Routing/Route.php(265): Illuminate\\Routing\\ControllerDispatcher->dispatch(Object(Illuminate\\Routing\\Route), Object(App\\Http\\Controllers\\LinkController), 'index')
#12 /Applications/XAMPP/xamppfiles/htdocs/auth/vendor/laravel/framework/src/Illuminate/Routing/Route.php(211): Illuminate\\Routing\\Route->runController()
#13 /Applications/XAMPP/xamppfiles/htdocs/auth/vendor/laravel/framework/src/Illuminate/Routing/Router.php(822): Illuminate\\Routing\\Route->run()
#14 /Applications/XAMPP/xamppfiles/htdocs/auth/vendor/laravel/framework/src/Illuminate/Pipeline/Pipeline.php(180): Illuminate\\Routing\\Router->{closure:Illuminate\\Routing\\Router::runRouteWithinStack():821}(Object(Illuminate\\Http\\Request))
#15 /Applications/XAMPP/xamppfiles/htdocs/auth/vendor/laravel/framework/src/Illuminate/Routing/Middleware/SubstituteBindings.php(50): Illuminate\\Pipeline\\Pipeline->{closure:Illuminate\\Pipeline\\Pipeline::prepareDestination():178}(Object(Illuminate\\Http\\Request))
#16 /Applications/XAMPP/xamppfiles/htdocs/auth/vendor/laravel/framework/src/Illuminate/Pipeline/Pipeline.php(219): Illuminate\\Routing\\Middleware\\SubstituteBindings->handle(Object(Illuminate\\Http\\Request), Object(Closure))
#17 /Applications/XAMPP/xamppfiles/htdocs/auth/vendor/laravel/framework/src/Illuminate/Auth/Middleware/Authenticate.php(63): Illuminate\\Pipeline\\Pipeline->{closure:{closure:Illuminate\\Pipeline\\Pipeline::carry():194}:195}(Object(Illuminate\\Http\\Request))
#18 /Applications/XAMPP/xamppfiles/htdocs/auth/vendor/laravel/framework/src/Illuminate/Pipeline/Pipeline.php(219): Illuminate\\Auth\\Middleware\\Authenticate->handle(Object(Illuminate\\Http\\Request), Object(Closure))
#19 /Applications/XAMPP/xamppfiles/htdocs/auth/vendor/laravel/framework/src/Illuminate/Foundation/Http/Middleware/VerifyCsrfToken.php(87): Illuminate\\Pipeline\\Pipeline->{closure:{closure:Illuminate\\Pipeline\\Pipeline::carry():194}:195}(Object(Illuminate\\Http\\Request))
#20 /Applications/XAMPP/xamppfiles/htdocs/auth/vendor/laravel/framework/src/Illuminate/Pipeline/Pipeline.php(219): Illuminate\\Foundation\\Http\\Middleware\\VerifyCsrfToken->handle(Object(Illuminate\\Http\\Request), Object(Closure))
#21 /Applications/XAMPP/xamppfiles/htdocs/auth/vendor/laravel/framework/src/Illuminate/View/Middleware/ShareErrorsFromSession.php(48): Illuminate\\Pipeline\\Pipeline->{closure:{closure:Illuminate\\Pipeline\\Pipeline::carry():194}:195}(Object(Illuminate\\Http\\Request))
#22 /Applications/XAMPP/xamppfiles/htdocs/auth/vendor/laravel/framework/src/Illuminate/Pipeline/Pipeline.php(219): Illuminate\\View\\Middleware\\ShareErrorsFromSession->handle(Object(Illuminate\\Http\\Request), Object(Closure))
#23 /Applications/XAMPP/xamppfiles/htdocs/auth/vendor/laravel/framework/src/Illuminate/Session/Middleware/StartSession.php(120): Illuminate\\Pipeline\\Pipeline->{closure:{closure:Illuminate\\Pipeline\\Pipeline::carry():194}:195}(Object(Illuminate\\Http\\Request))
#24 /Applications/XAMPP/xamppfiles/htdocs/auth/vendor/laravel/framework/src/Illuminate/Session/Middleware/StartSession.php(63): Illuminate\\Session\\Middleware\\StartSession->handleStatefulRequest(Object(Illuminate\\Http\\Request), Object(Illuminate\\Session\\Store), Object(Closure))
#25 /Applications/XAMPP/xamppfiles/htdocs/auth/vendor/laravel/framework/src/Illuminate/Pipeline/Pipeline.php(219): Illuminate\\Session\\Middleware\\StartSession->handle(Object(Illuminate\\Http\\Request), Object(Closure))
#26 /Applications/XAMPP/xamppfiles/htdocs/auth/vendor/laravel/framework/src/Illuminate/Cookie/Middleware/AddQueuedCookiesToResponse.php(36): Illuminate\\Pipeline\\Pipeline->{closure:{closure:Illuminate\\Pipeline\\Pipeline::carry():194}:195}(Object(Illuminate\\Http\\Request))
#27 /Applications/XAMPP/xamppfiles/htdocs/auth/vendor/laravel/framework/src/Illuminate/Pipeline/Pipeline.php(219): Illuminate\\Cookie\\Middleware\\AddQueuedCookiesToResponse->handle(Object(Illuminate\\Http\\Request), Object(Closure))
#28 /Applications/XAMPP/xamppfiles/htdocs/auth/vendor/laravel/framework/src/Illuminate/Cookie/Middleware/EncryptCookies.php(74): Illuminate\\Pipeline\\Pipeline->{closure:{closure:Illuminate\\Pipeline\\Pipeline::carry():194}:195}(Object(Illuminate\\Http\\Request))
#29 /Applications/XAMPP/xamppfiles/htdocs/auth/vendor/laravel/framework/src/Illuminate/Pipeline/Pipeline.php(219): Illuminate\\Cookie\\Middleware\\EncryptCookies->handle(Object(Illuminate\\Http\\Request), Object(Closure))
#30 /Applications/XAMPP/xamppfiles/htdocs/auth/vendor/laravel/framework/src/Illuminate/Pipeline/Pipeline.php(137): Illuminate\\Pipeline\\Pipeline->{closure:{closure:Illuminate\\Pipeline\\Pipeline::carry():194}:195}(Object(Illuminate\\Http\\Request))
#31 /Applications/XAMPP/xamppfiles/htdocs/auth/vendor/laravel/framework/src/Illuminate/Routing/Router.php(821): Illuminate\\Pipeline\\Pipeline->then(Object(Closure))
#32 /Applications/XAMPP/xamppfiles/htdocs/auth/vendor/laravel/framework/src/Illuminate/Routing/Router.php(800): Illuminate\\Routing\\Router->runRouteWithinStack(Object(Illuminate\\Routing\\Route), Object(Illuminate\\Http\\Request))
#33 /Applications/XAMPP/xamppfiles/htdocs/auth/vendor/laravel/framework/src/Illuminate/Routing/Router.php(764): Illuminate\\Routing\\Router->runRoute(Object(Illuminate\\Http\\Request), Object(Illuminate\\Routing\\Route))
#34 /Applications/XAMPP/xamppfiles/htdocs/auth/vendor/laravel/framework/src/Illuminate/Routing/Router.php(753): Illuminate\\Routing\\Router->dispatchToRoute(Object(Illuminate\\Http\\Request))
#35 /Applications/XAMPP/xamppfiles/htdocs/auth/vendor/laravel/framework/src/Illuminate/Foundation/Http/Kernel.php(200): Illuminate\\Routing\\Router->dispatch(Object(Illuminate\\Http\\Request))
#36 /Applications/XAMPP/xamppfiles/htdocs/auth/vendor/laravel/framework/src/Illuminate/Pipeline/Pipeline.php(180): Illuminate\\Foundation\\Http\\Kernel->{closure:Illuminate\\Foundation\\Http\\Kernel::dispatchToRouter():197}(Object(Illuminate\\Http\\Request))
#37 /Applications/XAMPP/xamppfiles/htdocs/auth/vendor/laravel/framework/src/Illuminate/Foundation/Http/Middleware/TransformsRequest.php(21): Illuminate\\Pipeline\\Pipeline->{closure:Illuminate\\Pipeline\\Pipeline::prepareDestination():178}(Object(Illuminate\\Http\\Request))
#38 /Applications/XAMPP/xamppfiles/htdocs/auth/vendor/laravel/framework/src/Illuminate/Foundation/Http/Middleware/ConvertEmptyStringsToNull.php(31): Illuminate\\Foundation\\Http\\Middleware\\TransformsRequest->handle(Object(Illuminate\\Http\\Request), Object(Closure))
#39 /Applications/XAMPP/xamppfiles/htdocs/auth/vendor/laravel/framework/src/Illuminate/Pipeline/Pipeline.php(219): Illuminate\\Foundation\\Http\\Middleware\\ConvertEmptyStringsToNull->handle(Object(Illuminate\\Http\\Request), Object(Closure))
#40 /Applications/XAMPP/xamppfiles/htdocs/auth/vendor/laravel/framework/src/Illuminate/Foundation/Http/Middleware/TransformsRequest.php(21): Illuminate\\Pipeline\\Pipeline->{closure:{closure:Illuminate\\Pipeline\\Pipeline::carry():194}:195}(Object(Illuminate\\Http\\Request))
#41 /Applications/XAMPP/xamppfiles/htdocs/auth/vendor/laravel/framework/src/Illuminate/Foundation/Http/Middleware/TrimStrings.php(51): Illuminate\\Foundation\\Http\\Middleware\\TransformsRequest->handle(Object(Illuminate\\Http\\Request), Object(Closure))
#42 /Applications/XAMPP/xamppfiles/htdocs/auth/vendor/laravel/framework/src/Illuminate/Pipeline/Pipeline.php(219): Illuminate\\Foundation\\Http\\Middleware\\TrimStrings->handle(Object(Illuminate\\Http\\Request), Object(Closure))
#43 /Applications/XAMPP/xamppfiles/htdocs/auth/vendor/laravel/framework/src/Illuminate/Http/Middleware/ValidatePostSize.php(27): Illuminate\\Pipeline\\Pipeline->{closure:{closure:Illuminate\\Pipeline\\Pipeline::carry():194}:195}(Object(Illuminate\\Http\\Request))
#44 /Applications/XAMPP/xamppfiles/htdocs/auth/vendor/laravel/framework/src/Illuminate/Pipeline/Pipeline.php(219): Illuminate\\Http\\Middleware\\ValidatePostSize->handle(Object(Illuminate\\Http\\Request), Object(Closure))
#45 /Applications/XAMPP/xamppfiles/htdocs/auth/vendor/laravel/framework/src/Illuminate/Foundation/Http/Middleware/PreventRequestsDuringMaintenance.php(109): Illuminate\\Pipeline\\Pipeline->{closure:{closure:Illuminate\\Pipeline\\Pipeline::carry():194}:195}(Object(Illuminate\\Http\\Request))
#46 /Applications/XAMPP/xamppfiles/htdocs/auth/vendor/laravel/framework/src/Illuminate/Pipeline/Pipeline.php(219): Illuminate\\Foundation\\Http\\Middleware\\PreventRequestsDuringMaintenance->handle(Object(Illuminate\\Http\\Request), Object(Closure))
#47 /Applications/XAMPP/xamppfiles/htdocs/auth/vendor/laravel/framework/src/Illuminate/Http/Middleware/HandleCors.php(61): Illuminate\\Pipeline\\Pipeline->{closure:{closure:Illuminate\\Pipeline\\Pipeline::carry():194}:195}(Object(Illuminate\\Http\\Request))
#48 /Applications/XAMPP/xamppfiles/htdocs/auth/vendor/laravel/framework/src/Illuminate/Pipeline/Pipeline.php(219): Illuminate\\Http\\Middleware\\HandleCors->handle(Object(Illuminate\\Http\\Request), Object(Closure))
#49 /Applications/XAMPP/xamppfiles/htdocs/auth/vendor/laravel/framework/src/Illuminate/Http/Middleware/TrustProxies.php(58): Illuminate\\Pipeline\\Pipeline->{closure:{closure:Illuminate\\Pipeline\\Pipeline::carry():194}:195}(Object(Illuminate\\Http\\Request))
#50 /Applications/XAMPP/xamppfiles/htdocs/auth/vendor/laravel/framework/src/Illuminate/Pipeline/Pipeline.php(219): Illuminate\\Http\\Middleware\\TrustProxies->handle(Object(Illuminate\\Http\\Request), Object(Closure))
#51 /Applications/XAMPP/xamppfiles/htdocs/auth/vendor/laravel/framework/src/Illuminate/Foundation/Http/Middleware/InvokeDeferredCallbacks.php(22): Illuminate\\Pipeline\\Pipeline->{closure:{closure:Illuminate\\Pipeline\\Pipeline::carry():194}:195}(Object(Illuminate\\Http\\Request))
#52 /Applications/XAMPP/xamppfiles/htdocs/auth/vendor/laravel/framework/src/Illuminate/Pipeline/Pipeline.php(219): Illuminate\\Foundation\\Http\\Middleware\\InvokeDeferredCallbacks->handle(Object(Illuminate\\Http\\Request), Object(Closure))
#53 /Applications/XAMPP/xamppfiles/htdocs/auth/vendor/laravel/framework/src/Illuminate/Http/Middleware/ValidatePathEncoding.php(26): Illuminate\\Pipeline\\Pipeline->{closure:{closure:Illuminate\\Pipeline\\Pipeline::carry():194}:195}(Object(Illuminate\\Http\\Request))
#54 /Applications/XAMPP/xamppfiles/htdocs/auth/vendor/laravel/framework/src/Illuminate/Pipeline/Pipeline.php(219): Illuminate\\Http\\Middleware\\ValidatePathEncoding->handle(Object(Illuminate\\Http\\Request), Object(Closure))
#55 /Applications/XAMPP/xamppfiles/htdocs/auth/vendor/laravel/framework/src/Illuminate/Pipeline/Pipeline.php(137): Illuminate\\Pipeline\\Pipeline->{closure:{closure:Illuminate\\Pipeline\\Pipeline::carry():194}:195}(Object(Illuminate\\Http\\Request))
#56 /Applications/XAMPP/xamppfiles/htdocs/auth/vendor/laravel/framework/src/Illuminate/Foundation/Http/Kernel.php(175): Illuminate\\Pipeline\\Pipeline->then(Object(Closure))
#57 /Applications/XAMPP/xamppfiles/htdocs/auth/vendor/laravel/framework/src/Illuminate/Foundation/Http/Kernel.php(144): Illuminate\\Foundation\\Http\\Kernel->sendRequestThroughRouter(Object(Illuminate\\Http\\Request))
#58 /Applications/XAMPP/xamppfiles/htdocs/auth/vendor/laravel/framework/src/Illuminate/Foundation/Application.php(1220): Illuminate\\Foundation\\Http\\Kernel->handle(Object(Illuminate\\Http\\Request))
#59 /Applications/XAMPP/xamppfiles/htdocs/auth/public/index.php(20): Illuminate\\Foundation\\Application->handleRequest(Object(Illuminate\\Http\\Request))
#60 /Applications/XAMPP/xamppfiles/htdocs/auth/vendor/laravel/framework/src/Illuminate/Foundation/resources/server.php(23): require_once('/Applications/X...')
#61 {main}

[previous exception] [object] (PDOException(code: 42S22): SQLSTATE[42S22]: Column not found: 1054 Unknown column 'tags.user_id' in 'where clause' at /Applications/XAMPP/xamppfiles/htdocs/auth/vendor/laravel/framework/src/Illuminate/Database/Connection.php:420)
[stacktrace]
#0 /Applications/XAMPP/xamppfiles/htdocs/auth/vendor/laravel/framework/src/Illuminate/Database/Connection.php(420): PDO->prepare('select `tags`.*...')
#1 /Applications/XAMPP/xamppfiles/htdocs/auth/vendor/laravel/framework/src/Illuminate/Database/Connection.php(827): Illuminate\\Database\\Connection->{closure:Illuminate\\Database\\Connection::select():411}('select `tags`.*...', Array)
#2 /Applications/XAMPP/xamppfiles/htdocs/auth/vendor/laravel/framework/src/Illuminate/Database/Connection.php(794): Illuminate\\Database\\Connection->runQueryCallback('select `tags`.*...', Array, Object(Closure))
#3 /Applications/XAMPP/xamppfiles/htdocs/auth/vendor/laravel/framework/src/Illuminate/Database/Connection.php(411): Illuminate\\Database\\Connection->run('select `tags`.*...', Array, Object(Closure))
#4 /Applications/XAMPP/xamppfiles/htdocs/auth/vendor/laravel/framework/src/Illuminate/Database/Query/Builder.php(3389): Illuminate\\Database\\Connection->select('select `tags`.*...', Array, true)
#5 /Applications/XAMPP/xamppfiles/htdocs/auth/vendor/laravel/framework/src/Illuminate/Database/Query/Builder.php(3374): Illuminate\\Database\\Query\\Builder->runSelect()
#6 /Applications/XAMPP/xamppfiles/htdocs/auth/vendor/laravel/framework/src/Illuminate/Database/Query/Builder.php(3964): Illuminate\\Database\\Query\\Builder->{closure:Illuminate\\Database\\Query\\Builder::get():3373}()
#7 /Applications/XAMPP/xamppfiles/htdocs/auth/vendor/laravel/framework/src/Illuminate/Database/Query/Builder.php(3373): Illuminate\\Database\\Query\\Builder->onceWithColumns(Array, Object(Closure))
#8 /Applications/XAMPP/xamppfiles/htdocs/auth/vendor/laravel/framework/src/Illuminate/Database/Eloquent/Builder.php(902): Illuminate\\Database\\Query\\Builder->get(Array)
#9 /Applications/XAMPP/xamppfiles/htdocs/auth/vendor/laravel/framework/src/Illuminate/Database/Eloquent/Builder.php(884): Illuminate\\Database\\Eloquent\\Builder->getModels(Array)
#10 /Applications/XAMPP/xamppfiles/htdocs/auth/vendor/laravel/framework/src/Illuminate/Database/Eloquent/Relations/Relation.php(212): Illuminate\\Database\\Eloquent\\Builder->get(Array)
#11 /Applications/XAMPP/xamppfiles/htdocs/auth/app/Http/Controllers/LinkController.php(39): Illuminate\\Database\\Eloquent\\Relations\\Relation->get()
#12 /Applications/XAMPP/xamppfiles/htdocs/auth/vendor/laravel/framework/src/Illuminate/Routing/ControllerDispatcher.php(46): App\\Http\\Controllers\\LinkController->index(Object(Illuminate\\Http\\Request))
#13 /Applications/XAMPP/xamppfiles/htdocs/auth/vendor/laravel/framework/src/Illuminate/Routing/Route.php(265): Illuminate\\Routing\\ControllerDispatcher->dispatch(Object(Illuminate\\Routing\\Route), Object(App\\Http\\Controllers\\LinkController), 'index')
#14 /Applications/XAMPP/xamppfiles/htdocs/auth/vendor/laravel/framework/src/Illuminate/Routing/Route.php(211): Illuminate\\Routing\\Route->runController()
#15 /Applications/XAMPP/xamppfiles/htdocs/auth/vendor/laravel/framework/src/Illuminate/Routing/Router.php(822): Illuminate\\Routing\\Route->run()
#16 /Applications/XAMPP/xamppfiles/htdocs/auth/vendor/laravel/framework/src/Illuminate/Pipeline/Pipeline.php(180): Illuminate\\Routing\\Router->{closure:Illuminate\\Routing\\Router::runRouteWithinStack():821}(Object(Illuminate\\Http\\Request))
#17 /Applications/XAMPP/xamppfiles/htdocs/auth/vendor/laravel/framework/src/Illuminate/Routing/Middleware/SubstituteBindings.php(50): Illuminate\\Pipeline\\Pipeline->{closure:Illuminate\\Pipeline\\Pipeline::prepareDestination():178}(Object(Illuminate\\Http\\Request))
#18 /Applications/XAMPP/xamppfiles/htdocs/auth/vendor/laravel/framework/src/Illuminate/Pipeline/Pipeline.php(219): Illuminate\\Routing\\Middleware\\SubstituteBindings->handle(Object(Illuminate\\Http\\Request), Object(Closure))
#19 /Applications/XAMPP/xamppfiles/htdocs/auth/vendor/laravel/framework/src/Illuminate/Auth/Middleware/Authenticate.php(63): Illuminate\\Pipeline\\Pipeline->{closure:{closure:Illuminate\\Pipeline\\Pipeline::carry():194}:195}(Object(Illuminate\\Http\\Request))
#20 /Applications/XAMPP/xamppfiles/htdocs/auth/vendor/laravel/framework/src/Illuminate/Pipeline/Pipeline.php(219): Illuminate\\Auth\\Middleware\\Authenticate->handle(Object(Illuminate\\Http\\Request), Object(Closure))
#21 /Applications/XAMPP/xamppfiles/htdocs/auth/vendor/laravel/framework/src/Illuminate/Foundation/Http/Middleware/VerifyCsrfToken.php(87): Illuminate\\Pipeline\\Pipeline->{closure:{closure:Illuminate\\Pipeline\\Pipeline::carry():194}:195}(Object(Illuminate\\Http\\Request))
#22 /Applications/XAMPP/xamppfiles/htdocs/auth/vendor/laravel/framework/src/Illuminate/Pipeline/Pipeline.php(219): Illuminate\\Foundation\\Http\\Middleware\\VerifyCsrfToken->handle(Object(Illuminate\\Http\\Request), Object(Closure))
#23 /Applications/XAMPP/xamppfiles/htdocs/auth/vendor/laravel/framework/src/Illuminate/View/Middleware/ShareErrorsFromSession.php(48): Illuminate\\Pipeline\\Pipeline->{closure:{closure:Illuminate\\Pipeline\\Pipeline::carry():194}:195}(Object(Illuminate\\Http\\Request))
#24 /Applications/XAMPP/xamppfiles/htdocs/auth/vendor/laravel/framework/src/Illuminate/Pipeline/Pipeline.php(219): Illuminate\\View\\Middleware\\ShareErrorsFromSession->handle(Object(Illuminate\\Http\\Request), Object(Closure))
#25 /Applications/XAMPP/xamppfiles/htdocs/auth/vendor/laravel/framework/src/Illuminate/Session/Middleware/StartSession.php(120): Illuminate\\Pipeline\\Pipeline->{closure:{closure:Illuminate\\Pipeline\\Pipeline::carry():194}:195}(Object(Illuminate\\Http\\Request))
#26 /Applications/XAMPP/xamppfiles/htdocs/auth/vendor/laravel/framework/src/Illuminate/Session/Middleware/StartSession.php(63): Illuminate\\Session\\Middleware\\StartSession->handleStatefulRequest(Object(Illuminate\\Http\\Request), Object(Illuminate\\Session\\Store), Object(Closure))
#27 /Applications/XAMPP/xamppfiles/htdocs/auth/vendor/laravel/framework/src/Illuminate/Pipeline/Pipeline.php(219): Illuminate\\Session\\Middleware\\StartSession->handle(Object(Illuminate\\Http\\Request), Object(Closure))
#28 /Applications/XAMPP/xamppfiles/htdocs/auth/vendor/laravel/framework/src/Illuminate/Cookie/Middleware/AddQueuedCookiesToResponse.php(36): Illuminate\\Pipeline\\Pipeline->{closure:{closure:Illuminate\\Pipeline\\Pipeline::carry():194}:195}(Object(Illuminate\\Http\\Request))
#29 /Applications/XAMPP/xamppfiles/htdocs/auth/vendor/laravel/framework/src/Illuminate/Pipeline/Pipeline.php(219): Illuminate\\Cookie\\Middleware\\AddQueuedCookiesToResponse->handle(Object(Illuminate\\Http\\Request), Object(Closure))
#30 /Applications/XAMPP/xamppfiles/htdocs/auth/vendor/laravel/framework/src/Illuminate/Cookie/Middleware/EncryptCookies.php(74): Illuminate\\Pipeline\\Pipeline->{closure:{closure:Illuminate\\Pipeline\\Pipeline::carry():194}:195}(Object(Illuminate\\Http\\Request))
#31 /Applications/XAMPP/xamppfiles/htdocs/auth/vendor/laravel/framework/src/Illuminate/Pipeline/Pipeline.php(219): Illuminate\\Cookie\\Middleware\\EncryptCookies->handle(Object(Illuminate\\Http\\Request), Object(Closure))
#32 /Applications/XAMPP/xamppfiles/htdocs/auth/vendor/laravel/framework/src/Illuminate/Pipeline/Pipeline.php(137): Illuminate\\Pipeline\\Pipeline->{closure:{closure:Illuminate\\Pipeline\\Pipeline::carry():194}:195}(Object(Illuminate\\Http\\Request))
#33 /Applications/XAMPP/xamppfiles/htdocs/auth/vendor/laravel/framework/src/Illuminate/Routing/Router.php(821): Illuminate\\Pipeline\\Pipeline->then(Object(Closure))
#34 /Applications/XAMPP/xamppfiles/htdocs/auth/vendor/laravel/framework/src/Illuminate/Routing/Router.php(800): Illuminate\\Routing\\Router->runRouteWithinStack(Object(Illuminate\\Routing\\Route), Object(Illuminate\\Http\\Request))
#35 /Applications/XAMPP/xamppfiles/htdocs/auth/vendor/laravel/framework/src/Illuminate/Routing/Router.php(764): Illuminate\\Routing\\Router->runRoute(Object(Illuminate\\Http\\Request), Object(Illuminate\\Routing\\Route))
#36 /Applications/XAMPP/xamppfiles/htdocs/auth/vendor/laravel/framework/src/Illuminate/Routing/Router.php(753): Illuminate\\Routing\\Router->dispatchToRoute(Object(Illuminate\\Http\\Request))
#37 /Applications/XAMPP/xamppfiles/htdocs/auth/vendor/laravel/framework/src/Illuminate/Foundation/Http/Kernel.php(200): Illuminate\\Routing\\Router->dispatch(Object(Illuminate\\Http\\Request))
#38 /Applications/XAMPP/xamppfiles/htdocs/auth/vendor/laravel/framework/src/Illuminate/Pipeline/Pipeline.php(180): Illuminate\\Foundation\\Http\\Kernel->{closure:Illuminate\\Foundation\\Http\\Kernel::dispatchToRouter():197}(Object(Illuminate\\Http\\Request))
#39 /Applications/XAMPP/xamppfiles/htdocs/auth/vendor/laravel/framework/src/Illuminate/Foundation/Http/Middleware/TransformsRequest.php(21): Illuminate\\Pipeline\\Pipeline->{closure:Illuminate\\Pipeline\\Pipeline::prepareDestination():178}(Object(Illuminate\\Http\\Request))
#40 /Applications/XAMPP/xamppfiles/htdocs/auth/vendor/laravel/framework/src/Illuminate/Foundation/Http/Middleware/ConvertEmptyStringsToNull.php(31): Illuminate\\Foundation\\Http\\Middleware\\TransformsRequest->handle(Object(Illuminate\\Http\\Request), Object(Closure))
#41 /Applications/XAMPP/xamppfiles/htdocs/auth/vendor/laravel/framework/src/Illuminate/Pipeline/Pipeline.php(219): Illuminate\\Foundation\\Http\\Middleware\\ConvertEmptyStringsToNull->handle(Object(Illuminate\\Http\\Request), Object(Closure))
#42 /Applications/XAMPP/xamppfiles/htdocs/auth/vendor/laravel/framework/src/Illuminate/Foundation/Http/Middleware/TransformsRequest.php(21): Illuminate\\Pipeline\\Pipeline->{closure:{closure:Illuminate\\Pipeline\\Pipeline::carry():194}:195}(Object(Illuminate\\Http\\Request))
#43 /Applications/XAMPP/xamppfiles/htdocs/auth/vendor/laravel/framework/src/Illuminate/Foundation/Http/Middleware/TrimStrings.php(51): Illuminate\\Foundation\\Http\\Middleware\\TransformsRequest->handle(Object(Illuminate\\Http\\Request), Object(Closure))
#44 /Applications/XAMPP/xamppfiles/htdocs/auth/vendor/laravel/framework/src/Illuminate/Pipeline/Pipeline.php(219): Illuminate\\Foundation\\Http\\Middleware\\TrimStrings->handle(Object(Illuminate\\Http\\Request), Object(Closure))
#45 /Applications/XAMPP/xamppfiles/htdocs/auth/vendor/laravel/framework/src/Illuminate/Http/Middleware/ValidatePostSize.php(27): Illuminate\\Pipeline\\Pipeline->{closure:{closure:Illuminate\\Pipeline\\Pipeline::carry():194}:195}(Object(Illuminate\\Http\\Request))
#46 /Applications/XAMPP/xamppfiles/htdocs/auth/vendor/laravel/framework/src/Illuminate/Pipeline/Pipeline.php(219): Illuminate\\Http\\Middleware\\ValidatePostSize->handle(Object(Illuminate\\Http\\Request), Object(Closure))
#47 /Applications/XAMPP/xamppfiles/htdocs/auth/vendor/laravel/framework/src/Illuminate/Foundation/Http/Middleware/PreventRequestsDuringMaintenance.php(109): Illuminate\\Pipeline\\Pipeline->{closure:{closure:Illuminate\\Pipeline\\Pipeline::carry():194}:195}(Object(Illuminate\\Http\\Request))
#48 /Applications/XAMPP/xamppfiles/htdocs/auth/vendor/laravel/framework/src/Illuminate/Pipeline/Pipeline.php(219): Illuminate\\Foundation\\Http\\Middleware\\PreventRequestsDuringMaintenance->handle(Object(Illuminate\\Http\\Request), Object(Closure))
#49 /Applications/XAMPP/xamppfiles/htdocs/auth/vendor/laravel/framework/src/Illuminate/Http/Middleware/HandleCors.php(61): Illuminate\\Pipeline\\Pipeline->{closure:{closure:Illuminate\\Pipeline\\Pipeline::carry():194}:195}(Object(Illuminate\\Http\\Request))
#50 /Applications/XAMPP/xamppfiles/htdocs/auth/vendor/laravel/framework/src/Illuminate/Pipeline/Pipeline.php(219): Illuminate\\Http\\Middleware\\HandleCors->handle(Object(Illuminate\\Http\\Request), Object(Closure))
#51 /Applications/XAMPP/xamppfiles/htdocs/auth/vendor/laravel/framework/src/Illuminate/Http/Middleware/TrustProxies.php(58): Illuminate\\Pipeline\\Pipeline->{closure:{closure:Illuminate\\Pipeline\\Pipeline::carry():194}:195}(Object(Illuminate\\Http\\Request))
#52 /Applications/XAMPP/xamppfiles/htdocs/auth/vendor/laravel/framework/src/Illuminate/Pipeline/Pipeline.php(219): Illuminate\\Http\\Middleware\\TrustProxies->handle(Object(Illuminate\\Http\\Request), Object(Closure))
#53 /Applications/XAMPP/xamppfiles/htdocs/auth/vendor/laravel/framework/src/Illuminate/Foundation/Http/Middleware/InvokeDeferredCallbacks.php(22): Illuminate\\Pipeline\\Pipeline->{closure:{closure:Illuminate\\Pipeline\\Pipeline::carry():194}:195}(Object(Illuminate\\Http\\Request))
#54 /Applications/XAMPP/xamppfiles/htdocs/auth/vendor/laravel/framework/src/Illuminate/Pipeline/Pipeline.php(219): Illuminate\\Foundation\\Http\\Middleware\\InvokeDeferredCallbacks->handle(Object(Illuminate\\Http\\Request), Object(Closure))
#55 /Applications/XAMPP/xamppfiles/htdocs/auth/vendor/laravel/framework/src/Illuminate/Http/Middleware/ValidatePathEncoding.php(26): Illuminate\\Pipeline\\Pipeline->{closure:{closure:Illuminate\\Pipeline\\Pipeline::carry():194}:195}(Object(Illuminate\\Http\\Request))
#56 /Applications/XAMPP/xamppfiles/htdocs/auth/vendor/laravel/framework/src/Illuminate/Pipeline/Pipeline.php(219): Illuminate\\Http\\Middleware\\ValidatePathEncoding->handle(Object(Illuminate\\Http\\Request), Object(Closure))
#57 /Applications/XAMPP/xamppfiles/htdocs/auth/vendor/laravel/framework/src/Illuminate/Pipeline/Pipeline.php(137): Illuminate\\Pipeline\\Pipeline->{closure:{closure:Illuminate\\Pipeline\\Pipeline::carry():194}:195}(Object(Illuminate\\Http\\Request))
#58 /Applications/XAMPP/xamppfiles/htdocs/auth/vendor/laravel/framework/src/Illuminate/Foundation/Http/Kernel.php(175): Illuminate\\Pipeline\\Pipeline->then(Object(Closure))
#59 /Applications/XAMPP/xamppfiles/htdocs/auth/vendor/laravel/framework/src/Illuminate/Foundation/Http/Kernel.php(144): Illuminate\\Foundation\\Http\\Kernel->sendRequestThroughRouter(Object(Illuminate\\Http\\Request))
#60 /Applications/XAMPP/xamppfiles/htdocs/auth/vendor/laravel/framework/src/Illuminate/Foundation/Application.php(1220): Illuminate\\Foundation\\Http\\Kernel->handle(Object(Illuminate\\Http\\Request))
#61 /Applications/XAMPP/xamppfiles/htdocs/auth/public/index.php(20): Illuminate\\Foundation\\Application->handleRequest(Object(Illuminate\\Http\\Request))
#62 /Applications/XAMPP/xamppfiles/htdocs/auth/vendor/laravel/framework/src/Illuminate/Foundation/resources/server.php(23): require_once('/Applications/X...')
#63 {main}
"} 
[2026-02-10 10:49:58] local.ERROR: The "--trust-project" option does not exist. {"exception":"[object] (Symfony\\Component\\Console\\Exception\\RuntimeException(code: 0): The \"--trust-project\" option does not exist. at /Applications/XAMPP/xamppfiles/htdocs/auth/vendor/symfony/console/Input/ArgvInput.php:226)
[stacktrace]
#0 /Applications/XAMPP/xamppfiles/htdocs/auth/vendor/symfony/console/Input/ArgvInput.php(155): Symfony\\Component\\Console\\Input\\ArgvInput->addLongOption('trust-project', NULL)
#1 /Applications/XAMPP/xamppfiles/htdocs/auth/vendor/symfony/console/Input/ArgvInput.php(88): Symfony\\Component\\Console\\Input\\ArgvInput->parseLongOption('--trust-project')
#2 /Applications/XAMPP/xamppfiles/htdocs/auth/vendor/symfony/console/Input/ArgvInput.php(77): Symfony\\Component\\Console\\Input\\ArgvInput->parseToken('--trust-project', true)
#3 /Applications/XAMPP/xamppfiles/htdocs/auth/vendor/symfony/console/Input/Input.php(53): Symfony\\Component\\Console\\Input\\ArgvInput->parse()
#4 /Applications/XAMPP/xamppfiles/htdocs/auth/vendor/symfony/console/Command/Command.php(295): Symfony\\Component\\Console\\Input\\Input->bind(Object(Symfony\\Component\\Console\\Input\\InputDefinition))
#5 /Applications/XAMPP/xamppfiles/htdocs/auth/vendor/laravel/framework/src/Illuminate/Console/Command.php(180): Symfony\\Component\\Console\\Command\\Command->run(Object(Symfony\\Component\\Console\\Input\\ArgvInput), Object(Illuminate\\Console\\OutputStyle))
#6 /Applications/XAMPP/xamppfiles/htdocs/auth/vendor/symfony/console/Application.php(1102): Illuminate\\Console\\Command->run(Object(Symfony\\Component\\Console\\Input\\ArgvInput), Object(Symfony\\Component\\Console\\Output\\ConsoleOutput))
#7 /Applications/XAMPP/xamppfiles/htdocs/auth/vendor/symfony/console/Application.php(356): Symfony\\Component\\Console\\Application->doRunCommand(Object(Laravel\\Tinker\\Console\\TinkerCommand), Object(Symfony\\Component\\Console\\Input\\ArgvInput), Object(Symfony\\Component\\Console\\Output\\ConsoleOutput))
#8 /Applications/XAMPP/xamppfiles/htdocs/auth/vendor/symfony/console/Application.php(195): Symfony\\Component\\Console\\Application->doRun(Object(Symfony\\Component\\Console\\Input\\ArgvInput), Object(Symfony\\Component\\Console\\Output\\ConsoleOutput))
#9 /Applications/XAMPP/xamppfiles/htdocs/auth/vendor/laravel/framework/src/Illuminate/Foundation/Console/Kernel.php(198): Symfony\\Component\\Console\\Application->run(Object(Symfony\\Component\\Console\\Input\\ArgvInput), Object(Symfony\\Component\\Console\\Output\\ConsoleOutput))
#10 /Applications/XAMPP/xamppfiles/htdocs/auth/vendor/laravel/framework/src/Illuminate/Foundation/Application.php(1235): Illuminate\\Foundation\\Console\\Kernel->handle(Object(Symfony\\Component\\Console\\Input\\ArgvInput), Object(Symfony\\Component\\Console\\Output\\ConsoleOutput))
#11 /Applications/XAMPP/xamppfiles/htdocs/auth/artisan(16): Illuminate\\Foundation\\Application->handleCommand(Object(Symfony\\Component\\Console\\Input\\ArgvInput))
#12 {main}
"} 
[2026-02-10 11:09:01] local.ERROR: Unable to locate a class or view for component [primary-button]. (View: /Applications/XAMPP/xamppfiles/htdocs/auth/resources/views/profile/partials/update-profile-information-form.blade.php) {"userId":3,"exception":"[object] (Illuminate\\View\\ViewException(code: 0): Unable to locate a class or view for component [primary-button]. (View: /Applications/XAMPP/xamppfiles/htdocs/auth/resources/views/profile/partials/update-profile-information-form.blade.php) at /Applications/XAMPP/xamppfiles/htdocs/auth/vendor/laravel/framework/src/Illuminate/View/Compilers/ComponentTagCompiler.php:315)
[stacktrace]
#0 /Applications/XAMPP/xamppfiles/htdocs/auth/vendor/laravel/framework/src/Illuminate/View/Engines/PhpEngine.php(59): Illuminate\\View\\Engines\\CompilerEngine->handleViewException(Object(InvalidArgumentException), 1)
#1 /Applications/XAMPP/xamppfiles/htdocs/auth/vendor/laravel/framework/src/Illuminate/View/Engines/CompilerEngine.php(76): Illuminate\\View\\Engines\\PhpEngine->evaluatePath('/Applications/X...', Array)
#2 /Applications/XAMPP/xamppfiles/htdocs/auth/vendor/laravel/framework/src/Illuminate/View/View.php(208): Illuminate\\View\\Engines\\CompilerEngine->get('/Applications/X...', Array)
#3 /Applications/XAMPP/xamppfiles/htdocs/auth/vendor/laravel/framework/src/Illuminate/View/View.php(191): Illuminate\\View\\View->getContents()
#4 /Applications/XAMPP/xamppfiles/htdocs/auth/vendor/laravel/framework/src/Illuminate/View/View.php(160): Illuminate\\View\\View->renderContents()
#5 /Applications/XAMPP/xamppfiles/htdocs/auth/vendor/laravel/framework/src/Illuminate/Http/Response.php(78): Illuminate\\View\\View->render()
#6 /Applications/XAMPP/xamppfiles/htdocs/auth/vendor/laravel/framework/src/Illuminate/Http/Response.php(34): Illuminate\\Http\\Response->setContent(Object(Illuminate\\View\\View))
#7 /Applications/XAMPP/xamppfiles/htdocs/auth/vendor/laravel/framework/src/Illuminate/Routing/Router.php(939): Illuminate\\Http\\Response->__construct(Object(Illuminate\\View\\View), 200, Array)
#8 /Applications/XAMPP/xamppfiles/htdocs/auth/vendor/laravel/framework/src/Illuminate/Routing/Router.php(906): Illuminate\\Routing\\Router::toResponse(Object(Illuminate\\Http\\Request), Object(Illuminate\\View\\View))
#9 /Applications/XAMPP/xamppfiles/htdocs/auth/vendor/laravel/framework/src/Illuminate/Routing/Router.php(821): Illuminate\\Routing\\Router->prepareResponse(Object(Illuminate\\Http\\Request), Object(Illuminate\\View\\View))
#10 /Applications/XAMPP/xamppfiles/htdocs/auth/vendor/laravel/framework/src/Illuminate/Pipeline/Pipeline.php(180): Illuminate\\Routing\\Router->{closure:Illuminate\\Routing\\Router::runRouteWithinStack():821}(Object(Illuminate\\Http\\Request))
#11 /Applications/XAMPP/xamppfiles/htdocs/auth/vendor/laravel/framework/src/Illuminate/Routing/Middleware/SubstituteBindings.php(50): Illuminate\\Pipeline\\Pipeline->{closure:Illuminate\\Pipeline\\Pipeline::prepareDestination():178}(Object(Illuminate\\Http\\Request))
#12 /Applications/XAMPP/xamppfiles/htdocs/auth/vendor/laravel/framework/src/Illuminate/Pipeline/Pipeline.php(219): Illuminate\\Routing\\Middleware\\SubstituteBindings->handle(Object(Illuminate\\Http\\Request), Object(Closure))
#13 /Applications/XAMPP/xamppfiles/htdocs/auth/vendor/laravel/framework/src/Illuminate/Auth/Middleware/Authenticate.php(63): Illuminate\\Pipeline\\Pipeline->{closure:{closure:Illuminate\\Pipeline\\Pipeline::carry():194}:195}(Object(Illuminate\\Http\\Request))
#14 /Applications/XAMPP/xamppfiles/htdocs/auth/vendor/laravel/framework/src/Illuminate/Pipeline/Pipeline.php(219): Illuminate\\Auth\\Middleware\\Authenticate->handle(Object(Illuminate\\Http\\Request), Object(Closure))
#15 /Applications/XAMPP/xamppfiles/htdocs/auth/vendor/laravel/framework/src/Illuminate/Foundation/Http/Middleware/VerifyCsrfToken.php(87): Illuminate\\Pipeline\\Pipeline->{closure:{closure:Illuminate\\Pipeline\\Pipeline::carry():194}:195}(Object(Illuminate\\Http\\Request))
#16 /Applications/XAMPP/xamppfiles/htdocs/auth/vendor/laravel/framework/src/Illuminate/Pipeline/Pipeline.php(219): Illuminate\\Foundation\\Http\\Middleware\\VerifyCsrfToken->handle(Object(Illuminate\\Http\\Request), Object(Closure))
#17 /Applications/XAMPP/xamppfiles/htdocs/auth/vendor/laravel/framework/src/Illuminate/View/Middleware/ShareErrorsFromSession.php(48): Illuminate\\Pipeline\\Pipeline->{closure:{closure:Illuminate\\Pipeline\\Pipeline::carry():194}:195}(Object(Illuminate\\Http\\Request))
#18 /Applications/XAMPP/xamppfiles/htdocs/auth/vendor/laravel/framework/src/Illuminate/Pipeline/Pipeline.php(219): Illuminate\\View\\Middleware\\ShareErrorsFromSession->handle(Object(Illuminate\\Http\\Request), Object(Closure))
#19 /Applications/XAMPP/xamppfiles/htdocs/auth/vendor/laravel/framework/src/Illuminate/Session/Middleware/StartSession.php(120): Illuminate\\Pipeline\\Pipeline->{closure:{closure:Illuminate\\Pipeline\\Pipeline::carry():194}:195}(Object(Illuminate\\Http\\Request))
#20 /Applications/XAMPP/xamppfiles/htdocs/auth/vendor/laravel/framework/src/Illuminate/Session/Middleware/StartSession.php(63): Illuminate\\Session\\Middleware\\StartSession->handleStatefulRequest(Object(Illuminate\\Http\\Request), Object(Illuminate\\Session\\Store), Object(Closure))
#21 /Applications/XAMPP/xamppfiles/htdocs/auth/vendor/laravel/framework/src/Illuminate/Pipeline/Pipeline.php(219): Illuminate\\Session\\Middleware\\StartSession->handle(Object(Illuminate\\Http\\Request), Object(Closure))
#22 /Applications/XAMPP/xamppfiles/htdocs/auth/vendor/laravel/framework/src/Illuminate/Cookie/Middleware/AddQueuedCookiesToResponse.php(36): Illuminate\\Pipeline\\Pipeline->{closure:{closure:Illuminate\\Pipeline\\Pipeline::carry():194}:195}(Object(Illuminate\\Http\\Request))
#23 /Applications/XAMPP/xamppfiles/htdocs/auth/vendor/laravel/framework/src/Illuminate/Pipeline/Pipeline.php(219): Illuminate\\Cookie\\Middleware\\AddQueuedCookiesToResponse->handle(Object(Illuminate\\Http\\Request), Object(Closure))
#24 /Applications/XAMPP/xamppfiles/htdocs/auth/vendor/laravel/framework/src/Illuminate/Cookie/Middleware/EncryptCookies.php(74): Illuminate\\Pipeline\\Pipeline->{closure:{closure:Illuminate\\Pipeline\\Pipeline::carry():194}:195}(Object(Illuminate\\Http\\Request))
#25 /Applications/XAMPP/xamppfiles/htdocs/auth/vendor/laravel/framework/src/Illuminate/Pipeline/Pipeline.php(219): Illuminate\\Cookie\\Middleware\\EncryptCookies->handle(Object(Illuminate\\Http\\Request), Object(Closure))
#26 /Applications/XAMPP/xamppfiles/htdocs/auth/vendor/laravel/framework/src/Illuminate/Pipeline/Pipeline.php(137): Illuminate\\Pipeline\\Pipeline->{closure:{closure:Illuminate\\Pipeline\\Pipeline::carry():194}:195}(Object(Illuminate\\Http\\Request))
#27 /Applications/XAMPP/xamppfiles/htdocs/auth/vendor/laravel/framework/src/Illuminate/Routing/Router.php(821): Illuminate\\Pipeline\\Pipeline->then(Object(Closure))
#28 /Applications/XAMPP/xamppfiles/htdocs/auth/vendor/laravel/framework/src/Illuminate/Routing/Router.php(800): Illuminate\\Routing\\Router->runRouteWithinStack(Object(Illuminate\\Routing\\Route), Object(Illuminate\\Http\\Request))
#29 /Applications/XAMPP/xamppfiles/htdocs/auth/vendor/laravel/framework/src/Illuminate/Routing/Router.php(764): Illuminate\\Routing\\Router->runRoute(Object(Illuminate\\Http\\Request), Object(Illuminate\\Routing\\Route))
#30 /Applications/XAMPP/xamppfiles/htdocs/auth/vendor/laravel/framework/src/Illuminate/Routing/Router.php(753): Illuminate\\Routing\\Router->dispatchToRoute(Object(Illuminate\\Http\\Request))
#31 /Applications/XAMPP/xamppfiles/htdocs/auth/vendor/laravel/framework/src/Illuminate/Foundation/Http/Kernel.php(200): Illuminate\\Routing\\Router->dispatch(Object(Illuminate\\Http\\Request))
#32 /Applications/XAMPP/xamppfiles/htdocs/auth/vendor/laravel/framework/src/Illuminate/Pipeline/Pipeline.php(180): Illuminate\\Foundation\\Http\\Kernel->{closure:Illuminate\\Foundation\\Http\\Kernel::dispatchToRouter():197}(Object(Illuminate\\Http\\Request))
#33 /Applications/XAMPP/xamppfiles/htdocs/auth/vendor/laravel/framework/src/Illuminate/Foundation/Http/Middleware/TransformsRequest.php(21): Illuminate\\Pipeline\\Pipeline->{closure:Illuminate\\Pipeline\\Pipeline::prepareDestination():178}(Object(Illuminate\\Http\\Request))
#34 /Applications/XAMPP/xamppfiles/htdocs/auth/vendor/laravel/framework/src/Illuminate/Foundation/Http/Middleware/ConvertEmptyStringsToNull.php(31): Illuminate\\Foundation\\Http\\Middleware\\TransformsRequest->handle(Object(Illuminate\\Http\\Request), Object(Closure))
#35 /Applications/XAMPP/xamppfiles/htdocs/auth/vendor/laravel/framework/src/Illuminate/Pipeline/Pipeline.php(219): Illuminate\\Foundation\\Http\\Middleware\\ConvertEmptyStringsToNull->handle(Object(Illuminate\\Http\\Request), Object(Closure))
#36 /Applications/XAMPP/xamppfiles/htdocs/auth/vendor/laravel/framework/src/Illuminate/Foundation/Http/Middleware/TransformsRequest.php(21): Illuminate\\Pipeline\\Pipeline->{closure:{closure:Illuminate\\Pipeline\\Pipeline::carry():194}:195}(Object(Illuminate\\Http\\Request))
#37 /Applications/XAMPP/xamppfiles/htdocs/auth/vendor/laravel/framework/src/Illuminate/Foundation/Http/Middleware/TrimStrings.php(51): Illuminate\\Foundation\\Http\\Middleware\\TransformsRequest->handle(Object(Illuminate\\Http\\Request), Object(Closure))
#38 /Applications/XAMPP/xamppfiles/htdocs/auth/vendor/laravel/framework/src/Illuminate/Pipeline/Pipeline.php(219): Illuminate\\Foundation\\Http\\Middleware\\TrimStrings->handle(Object(Illuminate\\Http\\Request), Object(Closure))
#39 /Applications/XAMPP/xamppfiles/htdocs/auth/vendor/laravel/framework/src/Illuminate/Http/Middleware/ValidatePostSize.php(27): Illuminate\\Pipeline\\Pipeline->{closure:{closure:Illuminate\\Pipeline\\Pipeline::carry():194}:195}(Object(Illuminate\\Http\\Request))
#40 /Applications/XAMPP/xamppfiles/htdocs/auth/vendor/laravel/framework/src/Illuminate/Pipeline/Pipeline.php(219): Illuminate\\Http\\Middleware\\ValidatePostSize->handle(Object(Illuminate\\Http\\Request), Object(Closure))
#41 /Applications/XAMPP/xamppfiles/htdocs/auth/vendor/laravel/framework/src/Illuminate/Foundation/Http/Middleware/PreventRequestsDuringMaintenance.php(109): Illuminate\\Pipeline\\Pipeline->{closure:{closure:Illuminate\\Pipeline\\Pipeline::carry():194}:195}(Object(Illuminate\\Http\\Request))
#42 /Applications/XAMPP/xamppfiles/htdocs/auth/vendor/laravel/framework/src/Illuminate/Pipeline/Pipeline.php(219): Illuminate\\Foundation\\Http\\Middleware\\PreventRequestsDuringMaintenance->handle(Object(Illuminate\\Http\\Request), Object(Closure))
#43 /Applications/XAMPP/xamppfiles/htdocs/auth/vendor/laravel/framework/src/Illuminate/Http/Middleware/HandleCors.php(61): Illuminate\\Pipeline\\Pipeline->{closure:{closure:Illuminate\\Pipeline\\Pipeline::carry():194}:195}(Object(Illuminate\\Http\\Request))
#44 /Applications/XAMPP/xamppfiles/htdocs/auth/vendor/laravel/framework/src/Illuminate/Pipeline/Pipeline.php(219): Illuminate\\Http\\Middleware\\HandleCors->handle(Object(Illuminate\\Http\\Request), Object(Closure))
#45 /Applications/XAMPP/xamppfiles/htdocs/auth/vendor/laravel/framework/src/Illuminate/Http/Middleware/TrustProxies.php(58): Illuminate\\Pipeline\\Pipeline->{closure:{closure:Illuminate\\Pipeline\\Pipeline::carry():194}:195}(Object(Illuminate\\Http\\Request))
#46 /Applications/XAMPP/xamppfiles/htdocs/auth/vendor/laravel/framework/src/Illuminate/Pipeline/Pipeline.php(219): Illuminate\\Http\\Middleware\\TrustProxies->handle(Object(Illuminate\\Http\\Request), Object(Closure))
#47 /Applications/XAMPP/xamppfiles/htdocs/auth/vendor/laravel/framework/src/Illuminate/Foundation/Http/Middleware/InvokeDeferredCallbacks.php(22): Illuminate\\Pipeline\\Pipeline->{closure:{closure:Illuminate\\Pipeline\\Pipeline::carry():194}:195}(Object(Illuminate\\Http\\Request))
#48 /Applications/XAMPP/xamppfiles/htdocs/auth/vendor/laravel/framework/src/Illuminate/Pipeline/Pipeline.php(219): Illuminate\\Foundation\\Http\\Middleware\\InvokeDeferredCallbacks->handle(Object(Illuminate\\Http\\Request), Object(Closure))
#49 /Applications/XAMPP/xamppfiles/htdocs/auth/vendor/laravel/framework/src/Illuminate/Http/Middleware/ValidatePathEncoding.php(26): Illuminate\\Pipeline\\Pipeline->{closure:{closure:Illuminate\\Pipeline\\Pipeline::carry():194}:195}(Object(Illuminate\\Http\\Request))
#50 /Applications/XAMPP/xamppfiles/htdocs/auth/vendor/laravel/framework/src/Illuminate/Pipeline/Pipeline.php(219): Illuminate\\Http\\Middleware\\ValidatePathEncoding->handle(Object(Illuminate\\Http\\Request), Object(Closure))
#51 /Applications/XAMPP/xamppfiles/htdocs/auth/vendor/laravel/framework/src/Illuminate/Pipeline/Pipeline.php(137): Illuminate\\Pipeline\\Pipeline->{closure:{closure:Illuminate\\Pipeline\\Pipeline::carry():194}:195}(Object(Illuminate\\Http\\Request))
#52 /Applications/XAMPP/xamppfiles/htdocs/auth/vendor/laravel/framework/src/Illuminate/Foundation/Http/Kernel.php(175): Illuminate\\Pipeline\\Pipeline->then(Object(Closure))
#53 /Applications/XAMPP/xamppfiles/htdocs/auth/vendor/laravel/framework/src/Illuminate/Foundation/Http/Kernel.php(144): Illuminate\\Foundation\\Http\\Kernel->sendRequestThroughRouter(Object(Illuminate\\Http\\Request))
#54 /Applications/XAMPP/xamppfiles/htdocs/auth/vendor/laravel/framework/src/Illuminate/Foundation/Application.php(1220): Illuminate\\Foundation\\Http\\Kernel->handle(Object(Illuminate\\Http\\Request))
#55 /Applications/XAMPP/xamppfiles/htdocs/auth/public/index.php(20): Illuminate\\Foundation\\Application->handleRequest(Object(Illuminate\\Http\\Request))
#56 /Applications/XAMPP/xamppfiles/htdocs/auth/vendor/laravel/framework/src/Illuminate/Foundation/resources/server.php(23): require_once('/Applications/X...')
#57 {main}

[previous exception] [object] (InvalidArgumentException(code: 0): Unable to locate a class or view for component [primary-button]. at /Applications/XAMPP/xamppfiles/htdocs/auth/vendor/laravel/framework/src/Illuminate/View/Compilers/ComponentTagCompiler.php:315)
[stacktrace]
#0 /Applications/XAMPP/xamppfiles/htdocs/auth/vendor/laravel/framework/src/Illuminate/View/Compilers/ComponentTagCompiler.php(235): Illuminate\\View\\Compilers\\ComponentTagCompiler->componentClass('primary-button')
#1 /Applications/XAMPP/xamppfiles/htdocs/auth/vendor/laravel/framework/src/Illuminate/View/Compilers/ComponentTagCompiler.php(156): Illuminate\\View\\Compilers\\ComponentTagCompiler->componentString('primary-button', Array)
#2 [internal function]: Illuminate\\View\\Compilers\\ComponentTagCompiler->{closure:Illuminate\\View\\Compilers\\ComponentTagCompiler::compileOpeningTags():151}(Array)
#3 /Applications/XAMPP/xamppfiles/htdocs/auth/vendor/laravel/framework/src/Illuminate/View/Compilers/ComponentTagCompiler.php(151): preg_replace_callback('/\\n            <...', Object(Closure), '<section>\\n    <...')
#4 /Applications/XAMPP/xamppfiles/htdocs/auth/vendor/laravel/framework/src/Illuminate/View/Compilers/ComponentTagCompiler.php(90): Illuminate\\View\\Compilers\\ComponentTagCompiler->compileOpeningTags('<section>\\n    <...')
#5 /Applications/XAMPP/xamppfiles/htdocs/auth/vendor/laravel/framework/src/Illuminate/View/Compilers/ComponentTagCompiler.php(76): Illuminate\\View\\Compilers\\ComponentTagCompiler->compileTags('<section>\\n    <...')
#6 /Applications/XAMPP/xamppfiles/htdocs/auth/vendor/laravel/framework/src/Illuminate/View/Compilers/BladeCompiler.php(456): Illuminate\\View\\Compilers\\ComponentTagCompiler->compile('<section>\\n    <...')
#7 /Applications/XAMPP/xamppfiles/htdocs/auth/vendor/laravel/framework/src/Illuminate/View/Compilers/BladeCompiler.php(288): Illuminate\\View\\Compilers\\BladeCompiler->compileComponentTags('<section>\\n    <...')
#8 /Applications/XAMPP/xamppfiles/htdocs/auth/vendor/laravel/framework/src/Illuminate/View/Compilers/BladeCompiler.php(188): Illuminate\\View\\Compilers\\BladeCompiler->compileString('<section>\\n    <...')
#9 /Applications/XAMPP/xamppfiles/htdocs/auth/vendor/laravel/framework/src/Illuminate/View/Engines/CompilerEngine.php(68): Illuminate\\View\\Compilers\\BladeCompiler->compile('/Applications/X...')
#10 /Applications/XAMPP/xamppfiles/htdocs/auth/vendor/laravel/framework/src/Illuminate/View/View.php(208): Illuminate\\View\\Engines\\CompilerEngine->get('/Applications/X...', Array)
#11 /Applications/XAMPP/xamppfiles/htdocs/auth/vendor/laravel/framework/src/Illuminate/View/View.php(191): Illuminate\\View\\View->getContents()
#12 /Applications/XAMPP/xamppfiles/htdocs/auth/vendor/laravel/framework/src/Illuminate/View/View.php(160): Illuminate\\View\\View->renderContents()
#13 /Applications/XAMPP/xamppfiles/htdocs/auth/storage/framework/views/d63f0d27bb2c0e7763e4aa73dd5de99b.php(16): Illuminate\\View\\View->render()
#14 /Applications/XAMPP/xamppfiles/htdocs/auth/vendor/laravel/framework/src/Illuminate/Filesystem/Filesystem.php(123): require('/Applications/X...')
#15 /Applications/XAMPP/xamppfiles/htdocs/auth/vendor/laravel/framework/src/Illuminate/Filesystem/Filesystem.php(124): Illuminate\\Filesystem\\Filesystem::{closure:Illuminate\\Filesystem\\Filesystem::getRequire():120}()
#16 /Applications/XAMPP/xamppfiles/htdocs/auth/vendor/laravel/framework/src/Illuminate/View/Engines/PhpEngine.php(57): Illuminate\\Filesystem\\Filesystem->getRequire('/Applications/X...', Array)
#17 /Applications/XAMPP/xamppfiles/htdocs/auth/vendor/laravel/framework/src/Illuminate/View/Engines/CompilerEngine.php(76): Illuminate\\View\\Engines\\PhpEngine->evaluatePath('/Applications/X...', Array)
#18 /Applications/XAMPP/xamppfiles/htdocs/auth/vendor/laravel/framework/src/Illuminate/View/View.php(208): Illuminate\\View\\Engines\\CompilerEngine->get('/Applications/X...', Array)
#19 /Applications/XAMPP/xamppfiles/htdocs/auth/vendor/laravel/framework/src/Illuminate/View/View.php(191): Illuminate\\View\\View->getContents()
#20 /Applications/XAMPP/xamppfiles/htdocs/auth/vendor/laravel/framework/src/Illuminate/View/View.php(160): Illuminate\\View\\View->renderContents()
#21 /Applications/XAMPP/xamppfiles/htdocs/auth/vendor/laravel/framework/src/Illuminate/Http/Response.php(78): Illuminate\\View\\View->render()
#22 /Applications/XAMPP/xamppfiles/htdocs/auth/vendor/laravel/framework/src/Illuminate/Http/Response.php(34): Illuminate\\Http\\Response->setContent(Object(Illuminate\\View\\View))
#23 /Applications/XAMPP/xamppfiles/htdocs/auth/vendor/laravel/framework/src/Illuminate/Routing/Router.php(939): Illuminate\\Http\\Response->__construct(Object(Illuminate\\View\\View), 200, Array)
#24 /Applications/XAMPP/xamppfiles/htdocs/auth/vendor/laravel/framework/src/Illuminate/Routing/Router.php(906): Illuminate\\Routing\\Router::toResponse(Object(Illuminate\\Http\\Request), Object(Illuminate\\View\\View))
#25 /Applications/XAMPP/xamppfiles/htdocs/auth/vendor/laravel/framework/src/Illuminate/Routing/Router.php(821): Illuminate\\Routing\\Router->prepareResponse(Object(Illuminate\\Http\\Request), Object(Illuminate\\View\\View))
#26 /Applications/XAMPP/xamppfiles/htdocs/auth/vendor/laravel/framework/src/Illuminate/Pipeline/Pipeline.php(180): Illuminate\\Routing\\Router->{closure:Illuminate\\Routing\\Router::runRouteWithinStack():821}(Object(Illuminate\\Http\\Request))
#27 /Applications/XAMPP/xamppfiles/htdocs/auth/vendor/laravel/framework/src/Illuminate/Routing/Middleware/SubstituteBindings.php(50): Illuminate\\Pipeline\\Pipeline->{closure:Illuminate\\Pipeline\\Pipeline::prepareDestination():178}(Object(Illuminate\\Http\\Request))
#28 /Applications/XAMPP/xamppfiles/htdocs/auth/vendor/laravel/framework/src/Illuminate/Pipeline/Pipeline.php(219): Illuminate\\Routing\\Middleware\\SubstituteBindings->handle(Object(Illuminate\\Http\\Request), Object(Closure))
#29 /Applications/XAMPP/xamppfiles/htdocs/auth/vendor/laravel/framework/src/Illuminate/Auth/Middleware/Authenticate.php(63): Illuminate\\Pipeline\\Pipeline->{closure:{closure:Illuminate\\Pipeline\\Pipeline::carry():194}:195}(Object(Illuminate\\Http\\Request))
#30 /Applications/XAMPP/xamppfiles/htdocs/auth/vendor/laravel/framework/src/Illuminate/Pipeline/Pipeline.php(219): Illuminate\\Auth\\Middleware\\Authenticate->handle(Object(Illuminate\\Http\\Request), Object(Closure))
#31 /Applications/XAMPP/xamppfiles/htdocs/auth/vendor/laravel/framework/src/Illuminate/Foundation/Http/Middleware/VerifyCsrfToken.php(87): Illuminate\\Pipeline\\Pipeline->{closure:{closure:Illuminate\\Pipeline\\Pipeline::carry():194}:195}(Object(Illuminate\\Http\\Request))
#32 /Applications/XAMPP/xamppfiles/htdocs/auth/vendor/laravel/framework/src/Illuminate/Pipeline/Pipeline.php(219): Illuminate\\Foundation\\Http\\Middleware\\VerifyCsrfToken->handle(Object(Illuminate\\Http\\Request), Object(Closure))
#33 /Applications/XAMPP/xamppfiles/htdocs/auth/vendor/laravel/framework/src/Illuminate/View/Middleware/ShareErrorsFromSession.php(48): Illuminate\\Pipeline\\Pipeline->{closure:{closure:Illuminate\\Pipeline\\Pipeline::carry():194}:195}(Object(Illuminate\\Http\\Request))
#34 /Applications/XAMPP/xamppfiles/htdocs/auth/vendor/laravel/framework/src/Illuminate/Pipeline/Pipeline.php(219): Illuminate\\View\\Middleware\\ShareErrorsFromSession->handle(Object(Illuminate\\Http\\Request), Object(Closure))
#35 /Applications/XAMPP/xamppfiles/htdocs/auth/vendor/laravel/framework/src/Illuminate/Session/Middleware/StartSession.php(120): Illuminate\\Pipeline\\Pipeline->{closure:{closure:Illuminate\\Pipeline\\Pipeline::carry():194}:195}(Object(Illuminate\\Http\\Request))
#36 /Applications/XAMPP/xamppfiles/htdocs/auth/vendor/laravel/framework/src/Illuminate/Session/Middleware/StartSession.php(63): Illuminate\\Session\\Middleware\\StartSession->handleStatefulRequest(Object(Illuminate\\Http\\Request), Object(Illuminate\\Session\\Store), Object(Closure))
#37 /Applications/XAMPP/xamppfiles/htdocs/auth/vendor/laravel/framework/src/Illuminate/Pipeline/Pipeline.php(219): Illuminate\\Session\\Middleware\\StartSession->handle(Object(Illuminate\\Http\\Request), Object(Closure))
#38 /Applications/XAMPP/xamppfiles/htdocs/auth/vendor/laravel/framework/src/Illuminate/Cookie/Middleware/AddQueuedCookiesToResponse.php(36): Illuminate\\Pipeline\\Pipeline->{closure:{closure:Illuminate\\Pipeline\\Pipeline::carry():194}:195}(Object(Illuminate\\Http\\Request))
#39 /Applications/XAMPP/xamppfiles/htdocs/auth/vendor/laravel/framework/src/Illuminate/Pipeline/Pipeline.php(219): Illuminate\\Cookie\\Middleware\\AddQueuedCookiesToResponse->handle(Object(Illuminate\\Http\\Request), Object(Closure))
#40 /Applications/XAMPP/xamppfiles/htdocs/auth/vendor/laravel/framework/src/Illuminate/Cookie/Middleware/EncryptCookies.php(74): Illuminate\\Pipeline\\Pipeline->{closure:{closure:Illuminate\\Pipeline\\Pipeline::carry():194}:195}(Object(Illuminate\\Http\\Request))
#41 /Applications/XAMPP/xamppfiles/htdocs/auth/vendor/laravel/framework/src/Illuminate/Pipeline/Pipeline.php(219): Illuminate\\Cookie\\Middleware\\EncryptCookies->handle(Object(Illuminate\\Http\\Request), Object(Closure))
#42 /Applications/XAMPP/xamppfiles/htdocs/auth/vendor/laravel/framework/src/Illuminate/Pipeline/Pipeline.php(137): Illuminate\\Pipeline\\Pipeline->{closure:{closure:Illuminate\\Pipeline\\Pipeline::carry():194}:195}(Object(Illuminate\\Http\\Request))
#43 /Applications/XAMPP/xamppfiles/htdocs/auth/vendor/laravel/framework/src/Illuminate/Routing/Router.php(821): Illuminate\\Pipeline\\Pipeline->then(Object(Closure))
#44 /Applications/XAMPP/xamppfiles/htdocs/auth/vendor/laravel/framework/src/Illuminate/Routing/Router.php(800): Illuminate\\Routing\\Router->runRouteWithinStack(Object(Illuminate\\Routing\\Route), Object(Illuminate\\Http\\Request))
#45 /Applications/XAMPP/xamppfiles/htdocs/auth/vendor/laravel/framework/src/Illuminate/Routing/Router.php(764): Illuminate\\Routing\\Router->runRoute(Object(Illuminate\\Http\\Request), Object(Illuminate\\Routing\\Route))
#46 /Applications/XAMPP/xamppfiles/htdocs/auth/vendor/laravel/framework/src/Illuminate/Routing/Router.php(753): Illuminate\\Routing\\Router->dispatchToRoute(Object(Illuminate\\Http\\Request))
#47 /Applications/XAMPP/xamppfiles/htdocs/auth/vendor/laravel/framework/src/Illuminate/Foundation/Http/Kernel.php(200): Illuminate\\Routing\\Router->dispatch(Object(Illuminate\\Http\\Request))
#48 /Applications/XAMPP/xamppfiles/htdocs/auth/vendor/laravel/framework/src/Illuminate/Pipeline/Pipeline.php(180): Illuminate\\Foundation\\Http\\Kernel->{closure:Illuminate\\Foundation\\Http\\Kernel::dispatchToRouter():197}(Object(Illuminate\\Http\\Request))
#49 /Applications/XAMPP/xamppfiles/htdocs/auth/vendor/laravel/framework/src/Illuminate/Foundation/Http/Middleware/TransformsRequest.php(21): Illuminate\\Pipeline\\Pipeline->{closure:Illuminate\\Pipeline\\Pipeline::prepareDestination():178}(Object(Illuminate\\Http\\Request))
#50 /Applications/XAMPP/xamppfiles/htdocs/auth/vendor/laravel/framework/src/Illuminate/Foundation/Http/Middleware/ConvertEmptyStringsToNull.php(31): Illuminate\\Foundation\\Http\\Middleware\\TransformsRequest->handle(Object(Illuminate\\Http\\Request), Object(Closure))
#51 /Applications/XAMPP/xamppfiles/htdocs/auth/vendor/laravel/framework/src/Illuminate/Pipeline/Pipeline.php(219): Illuminate\\Foundation\\Http\\Middleware\\ConvertEmptyStringsToNull->handle(Object(Illuminate\\Http\\Request), Object(Closure))
#52 /Applications/XAMPP/xamppfiles/htdocs/auth/vendor/laravel/framework/src/Illuminate/Foundation/Http/Middleware/TransformsRequest.php(21): Illuminate\\Pipeline\\Pipeline->{closure:{closure:Illuminate\\Pipeline\\Pipeline::carry():194}:195}(Object(Illuminate\\Http\\Request))
#53 /Applications/XAMPP/xamppfiles/htdocs/auth/vendor/laravel/framework/src/Illuminate/Foundation/Http/Middleware/TrimStrings.php(51): Illuminate\\Foundation\\Http\\Middleware\\TransformsRequest->handle(Object(Illuminate\\Http\\Request), Object(Closure))
#54 /Applications/XAMPP/xamppfiles/htdocs/auth/vendor/laravel/framework/src/Illuminate/Pipeline/Pipeline.php(219): Illuminate\\Foundation\\Http\\Middleware\\TrimStrings->handle(Object(Illuminate\\Http\\Request), Object(Closure))
#55 /Applications/XAMPP/xamppfiles/htdocs/auth/vendor/laravel/framework/src/Illuminate/Http/Middleware/ValidatePostSize.php(27): Illuminate\\Pipeline\\Pipeline->{closure:{closure:Illuminate\\Pipeline\\Pipeline::carry():194}:195}(Object(Illuminate\\Http\\Request))
#56 /Applications/XAMPP/xamppfiles/htdocs/auth/vendor/laravel/framework/src/Illuminate/Pipeline/Pipeline.php(219): Illuminate\\Http\\Middleware\\ValidatePostSize->handle(Object(Illuminate\\Http\\Request), Object(Closure))
#57 /Applications/XAMPP/xamppfiles/htdocs/auth/vendor/laravel/framework/src/Illuminate/Foundation/Http/Middleware/PreventRequestsDuringMaintenance.php(109): Illuminate\\Pipeline\\Pipeline->{closure:{closure:Illuminate\\Pipeline\\Pipeline::carry():194}:195}(Object(Illuminate\\Http\\Request))
#58 /Applications/XAMPP/xamppfiles/htdocs/auth/vendor/laravel/framework/src/Illuminate/Pipeline/Pipeline.php(219): Illuminate\\Foundation\\Http\\Middleware\\PreventRequestsDuringMaintenance->handle(Object(Illuminate\\Http\\Request), Object(Closure))
#59 /Applications/XAMPP/xamppfiles/htdocs/auth/vendor/laravel/framework/src/Illuminate/Http/Middleware/HandleCors.php(61): Illuminate\\Pipeline\\Pipeline->{closure:{closure:Illuminate\\Pipeline\\Pipeline::carry():194}:195}(Object(Illuminate\\Http\\Request))
#60 /Applications/XAMPP/xamppfiles/htdocs/auth/vendor/laravel/framework/src/Illuminate/Pipeline/Pipeline.php(219): Illuminate\\Http\\Middleware\\HandleCors->handle(Object(Illuminate\\Http\\Request), Object(Closure))
#61 /Applications/XAMPP/xamppfiles/htdocs/auth/vendor/laravel/framework/src/Illuminate/Http/Middleware/TrustProxies.php(58): Illuminate\\Pipeline\\Pipeline->{closure:{closure:Illuminate\\Pipeline\\Pipeline::carry():194}:195}(Object(Illuminate\\Http\\Request))
#62 /Applications/XAMPP/xamppfiles/htdocs/auth/vendor/laravel/framework/src/Illuminate/Pipeline/Pipeline.php(219): Illuminate\\Http\\Middleware\\TrustProxies->handle(Object(Illuminate\\Http\\Request), Object(Closure))
#63 /Applications/XAMPP/xamppfiles/htdocs/auth/vendor/laravel/framework/src/Illuminate/Foundation/Http/Middleware/InvokeDeferredCallbacks.php(22): Illuminate\\Pipeline\\Pipeline->{closure:{closure:Illuminate\\Pipeline\\Pipeline::carry():194}:195}(Object(Illuminate\\Http\\Request))
#64 /Applications/XAMPP/xamppfiles/htdocs/auth/vendor/laravel/framework/src/Illuminate/Pipeline/Pipeline.php(219): Illuminate\\Foundation\\Http\\Middleware\\InvokeDeferredCallbacks->handle(Object(Illuminate\\Http\\Request), Object(Closure))
#65 /Applications/XAMPP/xamppfiles/htdocs/auth/vendor/laravel/framework/src/Illuminate/Http/Middleware/ValidatePathEncoding.php(26): Illuminate\\Pipeline\\Pipeline->{closure:{closure:Illuminate\\Pipeline\\Pipeline::carry():194}:195}(Object(Illuminate\\Http\\Request))
#66 /Applications/XAMPP/xamppfiles/htdocs/auth/vendor/laravel/framework/src/Illuminate/Pipeline/Pipeline.php(219): Illuminate\\Http\\Middleware\\ValidatePathEncoding->handle(Object(Illuminate\\Http\\Request), Object(Closure))
#67 /Applications/XAMPP/xamppfiles/htdocs/auth/vendor/laravel/framework/src/Illuminate/Pipeline/Pipeline.php(137): Illuminate\\Pipeline\\Pipeline->{closure:{closure:Illuminate\\Pipeline\\Pipeline::carry():194}:195}(Object(Illuminate\\Http\\Request))
#68 /Applications/XAMPP/xamppfiles/htdocs/auth/vendor/laravel/framework/src/Illuminate/Foundation/Http/Kernel.php(175): Illuminate\\Pipeline\\Pipeline->then(Object(Closure))
#69 /Applications/XAMPP/xamppfiles/htdocs/auth/vendor/laravel/framework/src/Illuminate/Foundation/Http/Kernel.php(144): Illuminate\\Foundation\\Http\\Kernel->sendRequestThroughRouter(Object(Illuminate\\Http\\Request))
#70 /Applications/XAMPP/xamppfiles/htdocs/auth/vendor/laravel/framework/src/Illuminate/Foundation/Application.php(1220): Illuminate\\Foundation\\Http\\Kernel->handle(Object(Illuminate\\Http\\Request))
#71 /Applications/XAMPP/xamppfiles/htdocs/auth/public/index.php(20): Illuminate\\Foundation\\Application->handleRequest(Object(Illuminate\\Http\\Request))
#72 /Applications/XAMPP/xamppfiles/htdocs/auth/vendor/laravel/framework/src/Illuminate/Foundation/resources/server.php(23): require_once('/Applications/X...')
#73 {main}
"} 
[2026-02-10 11:12:38] local.ERROR: Unable to locate a class or view for component [input-error]. (View: /Applications/XAMPP/xamppfiles/htdocs/auth/resources/views/profile/partials/update-password-form.blade.php) {"userId":3,"exception":"[object] (Illuminate\\View\\ViewException(code: 0): Unable to locate a class or view for component [input-error]. (View: /Applications/XAMPP/xamppfiles/htdocs/auth/resources/views/profile/partials/update-password-form.blade.php) at /Applications/XAMPP/xamppfiles/htdocs/auth/vendor/laravel/framework/src/Illuminate/View/Compilers/ComponentTagCompiler.php:315)
[stacktrace]
#0 /Applications/XAMPP/xamppfiles/htdocs/auth/vendor/laravel/framework/src/Illuminate/View/Engines/PhpEngine.php(59): Illuminate\\View\\Engines\\CompilerEngine->handleViewException(Object(InvalidArgumentException), 1)
#1 /Applications/XAMPP/xamppfiles/htdocs/auth/vendor/laravel/framework/src/Illuminate/View/Engines/CompilerEngine.php(76): Illuminate\\View\\Engines\\PhpEngine->evaluatePath('/Applications/X...', Array)
#2 /Applications/XAMPP/xamppfiles/htdocs/auth/vendor/laravel/framework/src/Illuminate/View/View.php(208): Illuminate\\View\\Engines\\CompilerEngine->get('/Applications/X...', Array)
#3 /Applications/XAMPP/xamppfiles/htdocs/auth/vendor/laravel/framework/src/Illuminate/View/View.php(191): Illuminate\\View\\View->getContents()
#4 /Applications/XAMPP/xamppfiles/htdocs/auth/vendor/laravel/framework/src/Illuminate/View/View.php(160): Illuminate\\View\\View->renderContents()
#5 /Applications/XAMPP/xamppfiles/htdocs/auth/vendor/laravel/framework/src/Illuminate/Http/Response.php(78): Illuminate\\View\\View->render()
#6 /Applications/XAMPP/xamppfiles/htdocs/auth/vendor/laravel/framework/src/Illuminate/Http/Response.php(34): Illuminate\\Http\\Response->setContent(Object(Illuminate\\View\\View))
#7 /Applications/XAMPP/xamppfiles/htdocs/auth/vendor/laravel/framework/src/Illuminate/Routing/Router.php(939): Illuminate\\Http\\Response->__construct(Object(Illuminate\\View\\View), 200, Array)
#8 /Applications/XAMPP/xamppfiles/htdocs/auth/vendor/laravel/framework/src/Illuminate/Routing/Router.php(906): Illuminate\\Routing\\Router::toResponse(Object(Illuminate\\Http\\Request), Object(Illuminate\\View\\View))
#9 /Applications/XAMPP/xamppfiles/htdocs/auth/vendor/laravel/framework/src/Illuminate/Routing/Router.php(821): Illuminate\\Routing\\Router->prepareResponse(Object(Illuminate\\Http\\Request), Object(Illuminate\\View\\View))
#10 /Applications/XAMPP/xamppfiles/htdocs/auth/vendor/laravel/framework/src/Illuminate/Pipeline/Pipeline.php(180): Illuminate\\Routing\\Router->{closure:Illuminate\\Routing\\Router::runRouteWithinStack():821}(Object(Illuminate\\Http\\Request))
#11 /Applications/XAMPP/xamppfiles/htdocs/auth/vendor/laravel/framework/src/Illuminate/Routing/Middleware/SubstituteBindings.php(50): Illuminate\\Pipeline\\Pipeline->{closure:Illuminate\\Pipeline\\Pipeline::prepareDestination():178}(Object(Illuminate\\Http\\Request))
#12 /Applications/XAMPP/xamppfiles/htdocs/auth/vendor/laravel/framework/src/Illuminate/Pipeline/Pipeline.php(219): Illuminate\\Routing\\Middleware\\SubstituteBindings->handle(Object(Illuminate\\Http\\Request), Object(Closure))
#13 /Applications/XAMPP/xamppfiles/htdocs/auth/vendor/laravel/framework/src/Illuminate/Auth/Middleware/Authenticate.php(63): Illuminate\\Pipeline\\Pipeline->{closure:{closure:Illuminate\\Pipeline\\Pipeline::carry():194}:195}(Object(Illuminate\\Http\\Request))
#14 /Applications/XAMPP/xamppfiles/htdocs/auth/vendor/laravel/framework/src/Illuminate/Pipeline/Pipeline.php(219): Illuminate\\Auth\\Middleware\\Authenticate->handle(Object(Illuminate\\Http\\Request), Object(Closure))
#15 /Applications/XAMPP/xamppfiles/htdocs/auth/vendor/laravel/framework/src/Illuminate/Foundation/Http/Middleware/VerifyCsrfToken.php(87): Illuminate\\Pipeline\\Pipeline->{closure:{closure:Illuminate\\Pipeline\\Pipeline::carry():194}:195}(Object(Illuminate\\Http\\Request))
#16 /Applications/XAMPP/xamppfiles/htdocs/auth/vendor/laravel/framework/src/Illuminate/Pipeline/Pipeline.php(219): Illuminate\\Foundation\\Http\\Middleware\\VerifyCsrfToken->handle(Object(Illuminate\\Http\\Request), Object(Closure))
#17 /Applications/XAMPP/xamppfiles/htdocs/auth/vendor/laravel/framework/src/Illuminate/View/Middleware/ShareErrorsFromSession.php(48): Illuminate\\Pipeline\\Pipeline->{closure:{closure:Illuminate\\Pipeline\\Pipeline::carry():194}:195}(Object(Illuminate\\Http\\Request))
#18 /Applications/XAMPP/xamppfiles/htdocs/auth/vendor/laravel/framework/src/Illuminate/Pipeline/Pipeline.php(219): Illuminate\\View\\Middleware\\ShareErrorsFromSession->handle(Object(Illuminate\\Http\\Request), Object(Closure))
#19 /Applications/XAMPP/xamppfiles/htdocs/auth/vendor/laravel/framework/src/Illuminate/Session/Middleware/StartSession.php(120): Illuminate\\Pipeline\\Pipeline->{closure:{closure:Illuminate\\Pipeline\\Pipeline::carry():194}:195}(Object(Illuminate\\Http\\Request))
#20 /Applications/XAMPP/xamppfiles/htdocs/auth/vendor/laravel/framework/src/Illuminate/Session/Middleware/StartSession.php(63): Illuminate\\Session\\Middleware\\StartSession->handleStatefulRequest(Object(Illuminate\\Http\\Request), Object(Illuminate\\Session\\Store), Object(Closure))
#21 /Applications/XAMPP/xamppfiles/htdocs/auth/vendor/laravel/framework/src/Illuminate/Pipeline/Pipeline.php(219): Illuminate\\Session\\Middleware\\StartSession->handle(Object(Illuminate\\Http\\Request), Object(Closure))
#22 /Applications/XAMPP/xamppfiles/htdocs/auth/vendor/laravel/framework/src/Illuminate/Cookie/Middleware/AddQueuedCookiesToResponse.php(36): Illuminate\\Pipeline\\Pipeline->{closure:{closure:Illuminate\\Pipeline\\Pipeline::carry():194}:195}(Object(Illuminate\\Http\\Request))
#23 /Applications/XAMPP/xamppfiles/htdocs/auth/vendor/laravel/framework/src/Illuminate/Pipeline/Pipeline.php(219): Illuminate\\Cookie\\Middleware\\AddQueuedCookiesToResponse->handle(Object(Illuminate\\Http\\Request), Object(Closure))
#24 /Applications/XAMPP/xamppfiles/htdocs/auth/vendor/laravel/framework/src/Illuminate/Cookie/Middleware/EncryptCookies.php(74): Illuminate\\Pipeline\\Pipeline->{closure:{closure:Illuminate\\Pipeline\\Pipeline::carry():194}:195}(Object(Illuminate\\Http\\Request))
#25 /Applications/XAMPP/xamppfiles/htdocs/auth/vendor/laravel/framework/src/Illuminate/Pipeline/Pipeline.php(219): Illuminate\\Cookie\\Middleware\\EncryptCookies->handle(Object(Illuminate\\Http\\Request), Object(Closure))
#26 /Applications/XAMPP/xamppfiles/htdocs/auth/vendor/laravel/framework/src/Illuminate/Pipeline/Pipeline.php(137): Illuminate\\Pipeline\\Pipeline->{closure:{closure:Illuminate\\Pipeline\\Pipeline::carry():194}:195}(Object(Illuminate\\Http\\Request))
#27 /Applications/XAMPP/xamppfiles/htdocs/auth/vendor/laravel/framework/src/Illuminate/Routing/Router.php(821): Illuminate\\Pipeline\\Pipeline->then(Object(Closure))
#28 /Applications/XAMPP/xamppfiles/htdocs/auth/vendor/laravel/framework/src/Illuminate/Routing/Router.php(800): Illuminate\\Routing\\Router->runRouteWithinStack(Object(Illuminate\\Routing\\Route), Object(Illuminate\\Http\\Request))
#29 /Applications/XAMPP/xamppfiles/htdocs/auth/vendor/laravel/framework/src/Illuminate/Routing/Router.php(764): Illuminate\\Routing\\Router->runRoute(Object(Illuminate\\Http\\Request), Object(Illuminate\\Routing\\Route))
#30 /Applications/XAMPP/xamppfiles/htdocs/auth/vendor/laravel/framework/src/Illuminate/Routing/Router.php(753): Illuminate\\Routing\\Router->dispatchToRoute(Object(Illuminate\\Http\\Request))
#31 /Applications/XAMPP/xamppfiles/htdocs/auth/vendor/laravel/framework/src/Illuminate/Foundation/Http/Kernel.php(200): Illuminate\\Routing\\Router->dispatch(Object(Illuminate\\Http\\Request))
#32 /Applications/XAMPP/xamppfiles/htdocs/auth/vendor/laravel/framework/src/Illuminate/Pipeline/Pipeline.php(180): Illuminate\\Foundation\\Http\\Kernel->{closure:Illuminate\\Foundation\\Http\\Kernel::dispatchToRouter():197}(Object(Illuminate\\Http\\Request))
#33 /Applications/XAMPP/xamppfiles/htdocs/auth/vendor/laravel/framework/src/Illuminate/Foundation/Http/Middleware/TransformsRequest.php(21): Illuminate\\Pipeline\\Pipeline->{closure:Illuminate\\Pipeline\\Pipeline::prepareDestination():178}(Object(Illuminate\\Http\\Request))
#34 /Applications/XAMPP/xamppfiles/htdocs/auth/vendor/laravel/framework/src/Illuminate/Foundation/Http/Middleware/ConvertEmptyStringsToNull.php(31): Illuminate\\Foundation\\Http\\Middleware\\TransformsRequest->handle(Object(Illuminate\\Http\\Request), Object(Closure))
#35 /Applications/XAMPP/xamppfiles/htdocs/auth/vendor/laravel/framework/src/Illuminate/Pipeline/Pipeline.php(219): Illuminate\\Foundation\\Http\\Middleware\\ConvertEmptyStringsToNull->handle(Object(Illuminate\\Http\\Request), Object(Closure))
#36 /Applications/XAMPP/xamppfiles/htdocs/auth/vendor/laravel/framework/src/Illuminate/Foundation/Http/Middleware/TransformsRequest.php(21): Illuminate\\Pipeline\\Pipeline->{closure:{closure:Illuminate\\Pipeline\\Pipeline::carry():194}:195}(Object(Illuminate\\Http\\Request))
#37 /Applications/XAMPP/xamppfiles/htdocs/auth/vendor/laravel/framework/src/Illuminate/Foundation/Http/Middleware/TrimStrings.php(51): Illuminate\\Foundation\\Http\\Middleware\\TransformsRequest->handle(Object(Illuminate\\Http\\Request), Object(Closure))
#38 /Applications/XAMPP/xamppfiles/htdocs/auth/vendor/laravel/framework/src/Illuminate/Pipeline/Pipeline.php(219): Illuminate\\Foundation\\Http\\Middleware\\TrimStrings->handle(Object(Illuminate\\Http\\Request), Object(Closure))
#39 /Applications/XAMPP/xamppfiles/htdocs/auth/vendor/laravel/framework/src/Illuminate/Http/Middleware/ValidatePostSize.php(27): Illuminate\\Pipeline\\Pipeline->{closure:{closure:Illuminate\\Pipeline\\Pipeline::carry():194}:195}(Object(Illuminate\\Http\\Request))
#40 /Applications/XAMPP/xamppfiles/htdocs/auth/vendor/laravel/framework/src/Illuminate/Pipeline/Pipeline.php(219): Illuminate\\Http\\Middleware\\ValidatePostSize->handle(Object(Illuminate\\Http\\Request), Object(Closure))
#41 /Applications/XAMPP/xamppfiles/htdocs/auth/vendor/laravel/framework/src/Illuminate/Foundation/Http/Middleware/PreventRequestsDuringMaintenance.php(109): Illuminate\\Pipeline\\Pipeline->{closure:{closure:Illuminate\\Pipeline\\Pipeline::carry():194}:195}(Object(Illuminate\\Http\\Request))
#42 /Applications/XAMPP/xamppfiles/htdocs/auth/vendor/laravel/framework/src/Illuminate/Pipeline/Pipeline.php(219): Illuminate\\Foundation\\Http\\Middleware\\PreventRequestsDuringMaintenance->handle(Object(Illuminate\\Http\\Request), Object(Closure))
#43 /Applications/XAMPP/xamppfiles/htdocs/auth/vendor/laravel/framework/src/Illuminate/Http/Middleware/HandleCors.php(61): Illuminate\\Pipeline\\Pipeline->{closure:{closure:Illuminate\\Pipeline\\Pipeline::carry():194}:195}(Object(Illuminate\\Http\\Request))
#44 /Applications/XAMPP/xamppfiles/htdocs/auth/vendor/laravel/framework/src/Illuminate/Pipeline/Pipeline.php(219): Illuminate\\Http\\Middleware\\HandleCors->handle(Object(Illuminate\\Http\\Request), Object(Closure))
#45 /Applications/XAMPP/xamppfiles/htdocs/auth/vendor/laravel/framework/src/Illuminate/Http/Middleware/TrustProxies.php(58): Illuminate\\Pipeline\\Pipeline->{closure:{closure:Illuminate\\Pipeline\\Pipeline::carry():194}:195}(Object(Illuminate\\Http\\Request))
#46 /Applications/XAMPP/xamppfiles/htdocs/auth/vendor/laravel/framework/src/Illuminate/Pipeline/Pipeline.php(219): Illuminate\\Http\\Middleware\\TrustProxies->handle(Object(Illuminate\\Http\\Request), Object(Closure))
#47 /Applications/XAMPP/xamppfiles/htdocs/auth/vendor/laravel/framework/src/Illuminate/Foundation/Http/Middleware/InvokeDeferredCallbacks.php(22): Illuminate\\Pipeline\\Pipeline->{closure:{closure:Illuminate\\Pipeline\\Pipeline::carry():194}:195}(Object(Illuminate\\Http\\Request))
#48 /Applications/XAMPP/xamppfiles/htdocs/auth/vendor/laravel/framework/src/Illuminate/Pipeline/Pipeline.php(219): Illuminate\\Foundation\\Http\\Middleware\\InvokeDeferredCallbacks->handle(Object(Illuminate\\Http\\Request), Object(Closure))
#49 /Applications/XAMPP/xamppfiles/htdocs/auth/vendor/laravel/framework/src/Illuminate/Http/Middleware/ValidatePathEncoding.php(26): Illuminate\\Pipeline\\Pipeline->{closure:{closure:Illuminate\\Pipeline\\Pipeline::carry():194}:195}(Object(Illuminate\\Http\\Request))
#50 /Applications/XAMPP/xamppfiles/htdocs/auth/vendor/laravel/framework/src/Illuminate/Pipeline/Pipeline.php(219): Illuminate\\Http\\Middleware\\ValidatePathEncoding->handle(Object(Illuminate\\Http\\Request), Object(Closure))
#51 /Applications/XAMPP/xamppfiles/htdocs/auth/vendor/laravel/framework/src/Illuminate/Pipeline/Pipeline.php(137): Illuminate\\Pipeline\\Pipeline->{closure:{closure:Illuminate\\Pipeline\\Pipeline::carry():194}:195}(Object(Illuminate\\Http\\Request))
#52 /Applications/XAMPP/xamppfiles/htdocs/auth/vendor/laravel/framework/src/Illuminate/Foundation/Http/Kernel.php(175): Illuminate\\Pipeline\\Pipeline->then(Object(Closure))
#53 /Applications/XAMPP/xamppfiles/htdocs/auth/vendor/laravel/framework/src/Illuminate/Foundation/Http/Kernel.php(144): Illuminate\\Foundation\\Http\\Kernel->sendRequestThroughRouter(Object(Illuminate\\Http\\Request))
#54 /Applications/XAMPP/xamppfiles/htdocs/auth/vendor/laravel/framework/src/Illuminate/Foundation/Application.php(1220): Illuminate\\Foundation\\Http\\Kernel->handle(Object(Illuminate\\Http\\Request))
#55 /Applications/XAMPP/xamppfiles/htdocs/auth/public/index.php(20): Illuminate\\Foundation\\Application->handleRequest(Object(Illuminate\\Http\\Request))
#56 /Applications/XAMPP/xamppfiles/htdocs/auth/vendor/laravel/framework/src/Illuminate/Foundation/resources/server.php(23): require_once('/Applications/X...')
#57 {main}

[previous exception] [object] (InvalidArgumentException(code: 0): Unable to locate a class or view for component [input-error]. at /Applications/XAMPP/xamppfiles/htdocs/auth/vendor/laravel/framework/src/Illuminate/View/Compilers/ComponentTagCompiler.php:315)
[stacktrace]
#0 /Applications/XAMPP/xamppfiles/htdocs/auth/vendor/laravel/framework/src/Illuminate/View/Compilers/ComponentTagCompiler.php(235): Illuminate\\View\\Compilers\\ComponentTagCompiler->componentClass('input-error')
#1 /Applications/XAMPP/xamppfiles/htdocs/auth/vendor/laravel/framework/src/Illuminate/View/Compilers/ComponentTagCompiler.php(220): Illuminate\\View\\Compilers\\ComponentTagCompiler->componentString('input-error', Array)
#2 [internal function]: Illuminate\\View\\Compilers\\ComponentTagCompiler->{closure:Illuminate\\View\\Compilers\\ComponentTagCompiler::compileSelfClosingTags():215}(Array)
#3 /Applications/XAMPP/xamppfiles/htdocs/auth/vendor/laravel/framework/src/Illuminate/View/Compilers/ComponentTagCompiler.php(215): preg_replace_callback('/\\n            <...', Object(Closure), '<section>\\n    <...')
#4 /Applications/XAMPP/xamppfiles/htdocs/auth/vendor/laravel/framework/src/Illuminate/View/Compilers/ComponentTagCompiler.php(89): Illuminate\\View\\Compilers\\ComponentTagCompiler->compileSelfClosingTags('<section>\\n    <...')
#5 /Applications/XAMPP/xamppfiles/htdocs/auth/vendor/laravel/framework/src/Illuminate/View/Compilers/ComponentTagCompiler.php(76): Illuminate\\View\\Compilers\\ComponentTagCompiler->compileTags('<section>\\n    <...')
#6 /Applications/XAMPP/xamppfiles/htdocs/auth/vendor/laravel/framework/src/Illuminate/View/Compilers/BladeCompiler.php(456): Illuminate\\View\\Compilers\\ComponentTagCompiler->compile('<section>\\n    <...')
#7 /Applications/XAMPP/xamppfiles/htdocs/auth/vendor/laravel/framework/src/Illuminate/View/Compilers/BladeCompiler.php(288): Illuminate\\View\\Compilers\\BladeCompiler->compileComponentTags('<section>\\n    <...')
#8 /Applications/XAMPP/xamppfiles/htdocs/auth/vendor/laravel/framework/src/Illuminate/View/Compilers/BladeCompiler.php(188): Illuminate\\View\\Compilers\\BladeCompiler->compileString('<section>\\n    <...')
#9 /Applications/XAMPP/xamppfiles/htdocs/auth/vendor/laravel/framework/src/Illuminate/View/Engines/CompilerEngine.php(68): Illuminate\\View\\Compilers\\BladeCompiler->compile('/Applications/X...')
#10 /Applications/XAMPP/xamppfiles/htdocs/auth/vendor/laravel/framework/src/Illuminate/View/View.php(208): Illuminate\\View\\Engines\\CompilerEngine->get('/Applications/X...', Array)
#11 /Applications/XAMPP/xamppfiles/htdocs/auth/vendor/laravel/framework/src/Illuminate/View/View.php(191): Illuminate\\View\\View->getContents()
#12 /Applications/XAMPP/xamppfiles/htdocs/auth/vendor/laravel/framework/src/Illuminate/View/View.php(160): Illuminate\\View\\View->renderContents()
#13 /Applications/XAMPP/xamppfiles/htdocs/auth/storage/framework/views/d63f0d27bb2c0e7763e4aa73dd5de99b.php(22): Illuminate\\View\\View->render()
#14 /Applications/XAMPP/xamppfiles/htdocs/auth/vendor/laravel/framework/src/Illuminate/Filesystem/Filesystem.php(123): require('/Applications/X...')
#15 /Applications/XAMPP/xamppfiles/htdocs/auth/vendor/laravel/framework/src/Illuminate/Filesystem/Filesystem.php(124): Illuminate\\Filesystem\\Filesystem::{closure:Illuminate\\Filesystem\\Filesystem::getRequire():120}()
#16 /Applications/XAMPP/xamppfiles/htdocs/auth/vendor/laravel/framework/src/Illuminate/View/Engines/PhpEngine.php(57): Illuminate\\Filesystem\\Filesystem->getRequire('/Applications/X...', Array)
#17 /Applications/XAMPP/xamppfiles/htdocs/auth/vendor/laravel/framework/src/Illuminate/View/Engines/CompilerEngine.php(76): Illuminate\\View\\Engines\\PhpEngine->evaluatePath('/Applications/X...', Array)
#18 /Applications/XAMPP/xamppfiles/htdocs/auth/vendor/laravel/framework/src/Illuminate/View/View.php(208): Illuminate\\View\\Engines\\CompilerEngine->get('/Applications/X...', Array)
#19 /Applications/XAMPP/xamppfiles/htdocs/auth/vendor/laravel/framework/src/Illuminate/View/View.php(191): Illuminate\\View\\View->getContents()
#20 /Applications/XAMPP/xamppfiles/htdocs/auth/vendor/laravel/framework/src/Illuminate/View/View.php(160): Illuminate\\View\\View->renderContents()
#21 /Applications/XAMPP/xamppfiles/htdocs/auth/vendor/laravel/framework/src/Illuminate/Http/Response.php(78): Illuminate\\View\\View->render()
#22 /Applications/XAMPP/xamppfiles/htdocs/auth/vendor/laravel/framework/src/Illuminate/Http/Response.php(34): Illuminate\\Http\\Response->setContent(Object(Illuminate\\View\\View))
#23 /Applications/XAMPP/xamppfiles/htdocs/auth/vendor/laravel/framework/src/Illuminate/Routing/Router.php(939): Illuminate\\Http\\Response->__construct(Object(Illuminate\\View\\View), 200, Array)
#24 /Applications/XAMPP/xamppfiles/htdocs/auth/vendor/laravel/framework/src/Illuminate/Routing/Router.php(906): Illuminate\\Routing\\Router::toResponse(Object(Illuminate\\Http\\Request), Object(Illuminate\\View\\View))
#25 /Applications/XAMPP/xamppfiles/htdocs/auth/vendor/laravel/framework/src/Illuminate/Routing/Router.php(821): Illuminate\\Routing\\Router->prepareResponse(Object(Illuminate\\Http\\Request), Object(Illuminate\\View\\View))
#26 /Applications/XAMPP/xamppfiles/htdocs/auth/vendor/laravel/framework/src/Illuminate/Pipeline/Pipeline.php(180): Illuminate\\Routing\\Router->{closure:Illuminate\\Routing\\Router::runRouteWithinStack():821}(Object(Illuminate\\Http\\Request))
#27 /Applications/XAMPP/xamppfiles/htdocs/auth/vendor/laravel/framework/src/Illuminate/Routing/Middleware/SubstituteBindings.php(50): Illuminate\\Pipeline\\Pipeline->{closure:Illuminate\\Pipeline\\Pipeline::prepareDestination():178}(Object(Illuminate\\Http\\Request))
#28 /Applications/XAMPP/xamppfiles/htdocs/auth/vendor/laravel/framework/src/Illuminate/Pipeline/Pipeline.php(219): Illuminate\\Routing\\Middleware\\SubstituteBindings->handle(Object(Illuminate\\Http\\Request), Object(Closure))
#29 /Applications/XAMPP/xamppfiles/htdocs/auth/vendor/laravel/framework/src/Illuminate/Auth/Middleware/Authenticate.php(63): Illuminate\\Pipeline\\Pipeline->{closure:{closure:Illuminate\\Pipeline\\Pipeline::carry():194}:195}(Object(Illuminate\\Http\\Request))
#30 /Applications/XAMPP/xamppfiles/htdocs/auth/vendor/laravel/framework/src/Illuminate/Pipeline/Pipeline.php(219): Illuminate\\Auth\\Middleware\\Authenticate->handle(Object(Illuminate\\Http\\Request), Object(Closure))
#31 /Applications/XAMPP/xamppfiles/htdocs/auth/vendor/laravel/framework/src/Illuminate/Foundation/Http/Middleware/VerifyCsrfToken.php(87): Illuminate\\Pipeline\\Pipeline->{closure:{closure:Illuminate\\Pipeline\\Pipeline::carry():194}:195}(Object(Illuminate\\Http\\Request))
#32 /Applications/XAMPP/xamppfiles/htdocs/auth/vendor/laravel/framework/src/Illuminate/Pipeline/Pipeline.php(219): Illuminate\\Foundation\\Http\\Middleware\\VerifyCsrfToken->handle(Object(Illuminate\\Http\\Request), Object(Closure))
#33 /Applications/XAMPP/xamppfiles/htdocs/auth/vendor/laravel/framework/src/Illuminate/View/Middleware/ShareErrorsFromSession.php(48): Illuminate\\Pipeline\\Pipeline->{closure:{closure:Illuminate\\Pipeline\\Pipeline::carry():194}:195}(Object(Illuminate\\Http\\Request))
#34 /Applications/XAMPP/xamppfiles/htdocs/auth/vendor/laravel/framework/src/Illuminate/Pipeline/Pipeline.php(219): Illuminate\\View\\Middleware\\ShareErrorsFromSession->handle(Object(Illuminate\\Http\\Request), Object(Closure))
#35 /Applications/XAMPP/xamppfiles/htdocs/auth/vendor/laravel/framework/src/Illuminate/Session/Middleware/StartSession.php(120): Illuminate\\Pipeline\\Pipeline->{closure:{closure:Illuminate\\Pipeline\\Pipeline::carry():194}:195}(Object(Illuminate\\Http\\Request))
#36 /Applications/XAMPP/xamppfiles/htdocs/auth/vendor/laravel/framework/src/Illuminate/Session/Middleware/StartSession.php(63): Illuminate\\Session\\Middleware\\StartSession->handleStatefulRequest(Object(Illuminate\\Http\\Request), Object(Illuminate\\Session\\Store), Object(Closure))
#37 /Applications/XAMPP/xamppfiles/htdocs/auth/vendor/laravel/framework/src/Illuminate/Pipeline/Pipeline.php(219): Illuminate\\Session\\Middleware\\StartSession->handle(Object(Illuminate\\Http\\Request), Object(Closure))
#38 /Applications/XAMPP/xamppfiles/htdocs/auth/vendor/laravel/framework/src/Illuminate/Cookie/Middleware/AddQueuedCookiesToResponse.php(36): Illuminate\\Pipeline\\Pipeline->{closure:{closure:Illuminate\\Pipeline\\Pipeline::carry():194}:195}(Object(Illuminate\\Http\\Request))
#39 /Applications/XAMPP/xamppfiles/htdocs/auth/vendor/laravel/framework/src/Illuminate/Pipeline/Pipeline.php(219): Illuminate\\Cookie\\Middleware\\AddQueuedCookiesToResponse->handle(Object(Illuminate\\Http\\Request), Object(Closure))
#40 /Applications/XAMPP/xamppfiles/htdocs/auth/vendor/laravel/framework/src/Illuminate/Cookie/Middleware/EncryptCookies.php(74): Illuminate\\Pipeline\\Pipeline->{closure:{closure:Illuminate\\Pipeline\\Pipeline::carry():194}:195}(Object(Illuminate\\Http\\Request))
#41 /Applications/XAMPP/xamppfiles/htdocs/auth/vendor/laravel/framework/src/Illuminate/Pipeline/Pipeline.php(219): Illuminate\\Cookie\\Middleware\\EncryptCookies->handle(Object(Illuminate\\Http\\Request), Object(Closure))
#42 /Applications/XAMPP/xamppfiles/htdocs/auth/vendor/laravel/framework/src/Illuminate/Pipeline/Pipeline.php(137): Illuminate\\Pipeline\\Pipeline->{closure:{closure:Illuminate\\Pipeline\\Pipeline::carry():194}:195}(Object(Illuminate\\Http\\Request))
#43 /Applications/XAMPP/xamppfiles/htdocs/auth/vendor/laravel/framework/src/Illuminate/Routing/Router.php(821): Illuminate\\Pipeline\\Pipeline->then(Object(Closure))
#44 /Applications/XAMPP/xamppfiles/htdocs/auth/vendor/laravel/framework/src/Illuminate/Routing/Router.php(800): Illuminate\\Routing\\Router->runRouteWithinStack(Object(Illuminate\\Routing\\Route), Object(Illuminate\\Http\\Request))
#45 /Applications/XAMPP/xamppfiles/htdocs/auth/vendor/laravel/framework/src/Illuminate/Routing/Router.php(764): Illuminate\\Routing\\Router->runRoute(Object(Illuminate\\Http\\Request), Object(Illuminate\\Routing\\Route))
#46 /Applications/XAMPP/xamppfiles/htdocs/auth/vendor/laravel/framework/src/Illuminate/Routing/Router.php(753): Illuminate\\Routing\\Router->dispatchToRoute(Object(Illuminate\\Http\\Request))
#47 /Applications/XAMPP/xamppfiles/htdocs/auth/vendor/laravel/framework/src/Illuminate/Foundation/Http/Kernel.php(200): Illuminate\\Routing\\Router->dispatch(Object(Illuminate\\Http\\Request))
#48 /Applications/XAMPP/xamppfiles/htdocs/auth/vendor/laravel/framework/src/Illuminate/Pipeline/Pipeline.php(180): Illuminate\\Foundation\\Http\\Kernel->{closure:Illuminate\\Foundation\\Http\\Kernel::dispatchToRouter():197}(Object(Illuminate\\Http\\Request))
#49 /Applications/XAMPP/xamppfiles/htdocs/auth/vendor/laravel/framework/src/Illuminate/Foundation/Http/Middleware/TransformsRequest.php(21): Illuminate\\Pipeline\\Pipeline->{closure:Illuminate\\Pipeline\\Pipeline::prepareDestination():178}(Object(Illuminate\\Http\\Request))
#50 /Applications/XAMPP/xamppfiles/htdocs/auth/vendor/laravel/framework/src/Illuminate/Foundation/Http/Middleware/ConvertEmptyStringsToNull.php(31): Illuminate\\Foundation\\Http\\Middleware\\TransformsRequest->handle(Object(Illuminate\\Http\\Request), Object(Closure))
#51 /Applications/XAMPP/xamppfiles/htdocs/auth/vendor/laravel/framework/src/Illuminate/Pipeline/Pipeline.php(219): Illuminate\\Foundation\\Http\\Middleware\\ConvertEmptyStringsToNull->handle(Object(Illuminate\\Http\\Request), Object(Closure))
#52 /Applications/XAMPP/xamppfiles/htdocs/auth/vendor/laravel/framework/src/Illuminate/Foundation/Http/Middleware/TransformsRequest.php(21): Illuminate\\Pipeline\\Pipeline->{closure:{closure:Illuminate\\Pipeline\\Pipeline::carry():194}:195}(Object(Illuminate\\Http\\Request))
#53 /Applications/XAMPP/xamppfiles/htdocs/auth/vendor/laravel/framework/src/Illuminate/Foundation/Http/Middleware/TrimStrings.php(51): Illuminate\\Foundation\\Http\\Middleware\\TransformsRequest->handle(Object(Illuminate\\Http\\Request), Object(Closure))
#54 /Applications/XAMPP/xamppfiles/htdocs/auth/vendor/laravel/framework/src/Illuminate/Pipeline/Pipeline.php(219): Illuminate\\Foundation\\Http\\Middleware\\TrimStrings->handle(Object(Illuminate\\Http\\Request), Object(Closure))
#55 /Applications/XAMPP/xamppfiles/htdocs/auth/vendor/laravel/framework/src/Illuminate/Http/Middleware/ValidatePostSize.php(27): Illuminate\\Pipeline\\Pipeline->{closure:{closure:Illuminate\\Pipeline\\Pipeline::carry():194}:195}(Object(Illuminate\\Http\\Request))
#56 /Applications/XAMPP/xamppfiles/htdocs/auth/vendor/laravel/framework/src/Illuminate/Pipeline/Pipeline.php(219): Illuminate\\Http\\Middleware\\ValidatePostSize->handle(Object(Illuminate\\Http\\Request), Object(Closure))
#57 /Applications/XAMPP/xamppfiles/htdocs/auth/vendor/laravel/framework/src/Illuminate/Foundation/Http/Middleware/PreventRequestsDuringMaintenance.php(109): Illuminate\\Pipeline\\Pipeline->{closure:{closure:Illuminate\\Pipeline\\Pipeline::carry():194}:195}(Object(Illuminate\\Http\\Request))
#58 /Applications/XAMPP/xamppfiles/htdocs/auth/vendor/laravel/framework/src/Illuminate/Pipeline/Pipeline.php(219): Illuminate\\Foundation\\Http\\Middleware\\PreventRequestsDuringMaintenance->handle(Object(Illuminate\\Http\\Request), Object(Closure))
#59 /Applications/XAMPP/xamppfiles/htdocs/auth/vendor/laravel/framework/src/Illuminate/Http/Middleware/HandleCors.php(61): Illuminate\\Pipeline\\Pipeline->{closure:{closure:Illuminate\\Pipeline\\Pipeline::carry():194}:195}(Object(Illuminate\\Http\\Request))
#60 /Applications/XAMPP/xamppfiles/htdocs/auth/vendor/laravel/framework/src/Illuminate/Pipeline/Pipeline.php(219): Illuminate\\Http\\Middleware\\HandleCors->handle(Object(Illuminate\\Http\\Request), Object(Closure))
#61 /Applications/XAMPP/xamppfiles/htdocs/auth/vendor/laravel/framework/src/Illuminate/Http/Middleware/TrustProxies.php(58): Illuminate\\Pipeline\\Pipeline->{closure:{closure:Illuminate\\Pipeline\\Pipeline::carry():194}:195}(Object(Illuminate\\Http\\Request))
#62 /Applications/XAMPP/xamppfiles/htdocs/auth/vendor/laravel/framework/src/Illuminate/Pipeline/Pipeline.php(219): Illuminate\\Http\\Middleware\\TrustProxies->handle(Object(Illuminate\\Http\\Request), Object(Closure))
#63 /Applications/XAMPP/xamppfiles/htdocs/auth/vendor/laravel/framework/src/Illuminate/Foundation/Http/Middleware/InvokeDeferredCallbacks.php(22): Illuminate\\Pipeline\\Pipeline->{closure:{closure:Illuminate\\Pipeline\\Pipeline::carry():194}:195}(Object(Illuminate\\Http\\Request))
#64 /Applications/XAMPP/xamppfiles/htdocs/auth/vendor/laravel/framework/src/Illuminate/Pipeline/Pipeline.php(219): Illuminate\\Foundation\\Http\\Middleware\\InvokeDeferredCallbacks->handle(Object(Illuminate\\Http\\Request), Object(Closure))
#65 /Applications/XAMPP/xamppfiles/htdocs/auth/vendor/laravel/framework/src/Illuminate/Http/Middleware/ValidatePathEncoding.php(26): Illuminate\\Pipeline\\Pipeline->{closure:{closure:Illuminate\\Pipeline\\Pipeline::carry():194}:195}(Object(Illuminate\\Http\\Request))
#66 /Applications/XAMPP/xamppfiles/htdocs/auth/vendor/laravel/framework/src/Illuminate/Pipeline/Pipeline.php(219): Illuminate\\Http\\Middleware\\ValidatePathEncoding->handle(Object(Illuminate\\Http\\Request), Object(Closure))
#67 /Applications/XAMPP/xamppfiles/htdocs/auth/vendor/laravel/framework/src/Illuminate/Pipeline/Pipeline.php(137): Illuminate\\Pipeline\\Pipeline->{closure:{closure:Illuminate\\Pipeline\\Pipeline::carry():194}:195}(Object(Illuminate\\Http\\Request))
#68 /Applications/XAMPP/xamppfiles/htdocs/auth/vendor/laravel/framework/src/Illuminate/Foundation/Http/Kernel.php(175): Illuminate\\Pipeline\\Pipeline->then(Object(Closure))
#69 /Applications/XAMPP/xamppfiles/htdocs/auth/vendor/laravel/framework/src/Illuminate/Foundation/Http/Kernel.php(144): Illuminate\\Foundation\\Http\\Kernel->sendRequestThroughRouter(Object(Illuminate\\Http\\Request))
#70 /Applications/XAMPP/xamppfiles/htdocs/auth/vendor/laravel/framework/src/Illuminate/Foundation/Application.php(1220): Illuminate\\Foundation\\Http\\Kernel->handle(Object(Illuminate\\Http\\Request))
#71 /Applications/XAMPP/xamppfiles/htdocs/auth/public/index.php(20): Illuminate\\Foundation\\Application->handleRequest(Object(Illuminate\\Http\\Request))
#72 /Applications/XAMPP/xamppfiles/htdocs/auth/vendor/laravel/framework/src/Illuminate/Foundation/resources/server.php(23): require_once('/Applications/X...')
#73 {main}
"} 
[2026-02-10 11:12:43] local.ERROR: Unable to locate a class or view for component [input-error]. (View: /Applications/XAMPP/xamppfiles/htdocs/auth/resources/views/profile/partials/update-password-form.blade.php) {"userId":3,"exception":"[object] (Illuminate\\View\\ViewException(code: 0): Unable to locate a class or view for component [input-error]. (View: /Applications/XAMPP/xamppfiles/htdocs/auth/resources/views/profile/partials/update-password-form.blade.php) at /Applications/XAMPP/xamppfiles/htdocs/auth/vendor/laravel/framework/src/Illuminate/View/Compilers/ComponentTagCompiler.php:315)
[stacktrace]
#0 /Applications/XAMPP/xamppfiles/htdocs/auth/vendor/laravel/framework/src/Illuminate/View/Engines/PhpEngine.php(59): Illuminate\\View\\Engines\\CompilerEngine->handleViewException(Object(InvalidArgumentException), 1)
#1 /Applications/XAMPP/xamppfiles/htdocs/auth/vendor/laravel/framework/src/Illuminate/View/Engines/CompilerEngine.php(76): Illuminate\\View\\Engines\\PhpEngine->evaluatePath('/Applications/X...', Array)
#2 /Applications/XAMPP/xamppfiles/htdocs/auth/vendor/laravel/framework/src/Illuminate/View/View.php(208): Illuminate\\View\\Engines\\CompilerEngine->get('/Applications/X...', Array)
#3 /Applications/XAMPP/xamppfiles/htdocs/auth/vendor/laravel/framework/src/Illuminate/View/View.php(191): Illuminate\\View\\View->getContents()
#4 /Applications/XAMPP/xamppfiles/htdocs/auth/vendor/laravel/framework/src/Illuminate/View/View.php(160): Illuminate\\View\\View->renderContents()
#5 /Applications/XAMPP/xamppfiles/htdocs/auth/vendor/laravel/framework/src/Illuminate/Http/Response.php(78): Illuminate\\View\\View->render()
#6 /Applications/XAMPP/xamppfiles/htdocs/auth/vendor/laravel/framework/src/Illuminate/Http/Response.php(34): Illuminate\\Http\\Response->setContent(Object(Illuminate\\View\\View))
#7 /Applications/XAMPP/xamppfiles/htdocs/auth/vendor/laravel/framework/src/Illuminate/Routing/Router.php(939): Illuminate\\Http\\Response->__construct(Object(Illuminate\\View\\View), 200, Array)
#8 /Applications/XAMPP/xamppfiles/htdocs/auth/vendor/laravel/framework/src/Illuminate/Routing/Router.php(906): Illuminate\\Routing\\Router::toResponse(Object(Illuminate\\Http\\Request), Object(Illuminate\\View\\View))
#9 /Applications/XAMPP/xamppfiles/htdocs/auth/vendor/laravel/framework/src/Illuminate/Routing/Router.php(821): Illuminate\\Routing\\Router->prepareResponse(Object(Illuminate\\Http\\Request), Object(Illuminate\\View\\View))
#10 /Applications/XAMPP/xamppfiles/htdocs/auth/vendor/laravel/framework/src/Illuminate/Pipeline/Pipeline.php(180): Illuminate\\Routing\\Router->{closure:Illuminate\\Routing\\Router::runRouteWithinStack():821}(Object(Illuminate\\Http\\Request))
#11 /Applications/XAMPP/xamppfiles/htdocs/auth/vendor/laravel/framework/src/Illuminate/Routing/Middleware/SubstituteBindings.php(50): Illuminate\\Pipeline\\Pipeline->{closure:Illuminate\\Pipeline\\Pipeline::prepareDestination():178}(Object(Illuminate\\Http\\Request))
#12 /Applications/XAMPP/xamppfiles/htdocs/auth/vendor/laravel/framework/src/Illuminate/Pipeline/Pipeline.php(219): Illuminate\\Routing\\Middleware\\SubstituteBindings->handle(Object(Illuminate\\Http\\Request), Object(Closure))
#13 /Applications/XAMPP/xamppfiles/htdocs/auth/vendor/laravel/framework/src/Illuminate/Auth/Middleware/Authenticate.php(63): Illuminate\\Pipeline\\Pipeline->{closure:{closure:Illuminate\\Pipeline\\Pipeline::carry():194}:195}(Object(Illuminate\\Http\\Request))
#14 /Applications/XAMPP/xamppfiles/htdocs/auth/vendor/laravel/framework/src/Illuminate/Pipeline/Pipeline.php(219): Illuminate\\Auth\\Middleware\\Authenticate->handle(Object(Illuminate\\Http\\Request), Object(Closure))
#15 /Applications/XAMPP/xamppfiles/htdocs/auth/vendor/laravel/framework/src/Illuminate/Foundation/Http/Middleware/VerifyCsrfToken.php(87): Illuminate\\Pipeline\\Pipeline->{closure:{closure:Illuminate\\Pipeline\\Pipeline::carry():194}:195}(Object(Illuminate\\Http\\Request))
#16 /Applications/XAMPP/xamppfiles/htdocs/auth/vendor/laravel/framework/src/Illuminate/Pipeline/Pipeline.php(219): Illuminate\\Foundation\\Http\\Middleware\\VerifyCsrfToken->handle(Object(Illuminate\\Http\\Request), Object(Closure))
#17 /Applications/XAMPP/xamppfiles/htdocs/auth/vendor/laravel/framework/src/Illuminate/View/Middleware/ShareErrorsFromSession.php(48): Illuminate\\Pipeline\\Pipeline->{closure:{closure:Illuminate\\Pipeline\\Pipeline::carry():194}:195}(Object(Illuminate\\Http\\Request))
#18 /Applications/XAMPP/xamppfiles/htdocs/auth/vendor/laravel/framework/src/Illuminate/Pipeline/Pipeline.php(219): Illuminate\\View\\Middleware\\ShareErrorsFromSession->handle(Object(Illuminate\\Http\\Request), Object(Closure))
#19 /Applications/XAMPP/xamppfiles/htdocs/auth/vendor/laravel/framework/src/Illuminate/Session/Middleware/StartSession.php(120): Illuminate\\Pipeline\\Pipeline->{closure:{closure:Illuminate\\Pipeline\\Pipeline::carry():194}:195}(Object(Illuminate\\Http\\Request))
#20 /Applications/XAMPP/xamppfiles/htdocs/auth/vendor/laravel/framework/src/Illuminate/Session/Middleware/StartSession.php(63): Illuminate\\Session\\Middleware\\StartSession->handleStatefulRequest(Object(Illuminate\\Http\\Request), Object(Illuminate\\Session\\Store), Object(Closure))
#21 /Applications/XAMPP/xamppfiles/htdocs/auth/vendor/laravel/framework/src/Illuminate/Pipeline/Pipeline.php(219): Illuminate\\Session\\Middleware\\StartSession->handle(Object(Illuminate\\Http\\Request), Object(Closure))
#22 /Applications/XAMPP/xamppfiles/htdocs/auth/vendor/laravel/framework/src/Illuminate/Cookie/Middleware/AddQueuedCookiesToResponse.php(36): Illuminate\\Pipeline\\Pipeline->{closure:{closure:Illuminate\\Pipeline\\Pipeline::carry():194}:195}(Object(Illuminate\\Http\\Request))
#23 /Applications/XAMPP/xamppfiles/htdocs/auth/vendor/laravel/framework/src/Illuminate/Pipeline/Pipeline.php(219): Illuminate\\Cookie\\Middleware\\AddQueuedCookiesToResponse->handle(Object(Illuminate\\Http\\Request), Object(Closure))
#24 /Applications/XAMPP/xamppfiles/htdocs/auth/vendor/laravel/framework/src/Illuminate/Cookie/Middleware/EncryptCookies.php(74): Illuminate\\Pipeline\\Pipeline->{closure:{closure:Illuminate\\Pipeline\\Pipeline::carry():194}:195}(Object(Illuminate\\Http\\Request))
#25 /Applications/XAMPP/xamppfiles/htdocs/auth/vendor/laravel/framework/src/Illuminate/Pipeline/Pipeline.php(219): Illuminate\\Cookie\\Middleware\\EncryptCookies->handle(Object(Illuminate\\Http\\Request), Object(Closure))
#26 /Applications/XAMPP/xamppfiles/htdocs/auth/vendor/laravel/framework/src/Illuminate/Pipeline/Pipeline.php(137): Illuminate\\Pipeline\\Pipeline->{closure:{closure:Illuminate\\Pipeline\\Pipeline::carry():194}:195}(Object(Illuminate\\Http\\Request))
#27 /Applications/XAMPP/xamppfiles/htdocs/auth/vendor/laravel/framework/src/Illuminate/Routing/Router.php(821): Illuminate\\Pipeline\\Pipeline->then(Object(Closure))
#28 /Applications/XAMPP/xamppfiles/htdocs/auth/vendor/laravel/framework/src/Illuminate/Routing/Router.php(800): Illuminate\\Routing\\Router->runRouteWithinStack(Object(Illuminate\\Routing\\Route), Object(Illuminate\\Http\\Request))
#29 /Applications/XAMPP/xamppfiles/htdocs/auth/vendor/laravel/framework/src/Illuminate/Routing/Router.php(764): Illuminate\\Routing\\Router->runRoute(Object(Illuminate\\Http\\Request), Object(Illuminate\\Routing\\Route))
#30 /Applications/XAMPP/xamppfiles/htdocs/auth/vendor/laravel/framework/src/Illuminate/Routing/Router.php(753): Illuminate\\Routing\\Router->dispatchToRoute(Object(Illuminate\\Http\\Request))
#31 /Applications/XAMPP/xamppfiles/htdocs/auth/vendor/laravel/framework/src/Illuminate/Foundation/Http/Kernel.php(200): Illuminate\\Routing\\Router->dispatch(Object(Illuminate\\Http\\Request))
#32 /Applications/XAMPP/xamppfiles/htdocs/auth/vendor/laravel/framework/src/Illuminate/Pipeline/Pipeline.php(180): Illuminate\\Foundation\\Http\\Kernel->{closure:Illuminate\\Foundation\\Http\\Kernel::dispatchToRouter():197}(Object(Illuminate\\Http\\Request))
#33 /Applications/XAMPP/xamppfiles/htdocs/auth/vendor/laravel/framework/src/Illuminate/Foundation/Http/Middleware/TransformsRequest.php(21): Illuminate\\Pipeline\\Pipeline->{closure:Illuminate\\Pipeline\\Pipeline::prepareDestination():178}(Object(Illuminate\\Http\\Request))
#34 /Applications/XAMPP/xamppfiles/htdocs/auth/vendor/laravel/framework/src/Illuminate/Foundation/Http/Middleware/ConvertEmptyStringsToNull.php(31): Illuminate\\Foundation\\Http\\Middleware\\TransformsRequest->handle(Object(Illuminate\\Http\\Request), Object(Closure))
#35 /Applications/XAMPP/xamppfiles/htdocs/auth/vendor/laravel/framework/src/Illuminate/Pipeline/Pipeline.php(219): Illuminate\\Foundation\\Http\\Middleware\\ConvertEmptyStringsToNull->handle(Object(Illuminate\\Http\\Request), Object(Closure))
#36 /Applications/XAMPP/xamppfiles/htdocs/auth/vendor/laravel/framework/src/Illuminate/Foundation/Http/Middleware/TransformsRequest.php(21): Illuminate\\Pipeline\\Pipeline->{closure:{closure:Illuminate\\Pipeline\\Pipeline::carry():194}:195}(Object(Illuminate\\Http\\Request))
#37 /Applications/XAMPP/xamppfiles/htdocs/auth/vendor/laravel/framework/src/Illuminate/Foundation/Http/Middleware/TrimStrings.php(51): Illuminate\\Foundation\\Http\\Middleware\\TransformsRequest->handle(Object(Illuminate\\Http\\Request), Object(Closure))
#38 /Applications/XAMPP/xamppfiles/htdocs/auth/vendor/laravel/framework/src/Illuminate/Pipeline/Pipeline.php(219): Illuminate\\Foundation\\Http\\Middleware\\TrimStrings->handle(Object(Illuminate\\Http\\Request), Object(Closure))
#39 /Applications/XAMPP/xamppfiles/htdocs/auth/vendor/laravel/framework/src/Illuminate/Http/Middleware/ValidatePostSize.php(27): Illuminate\\Pipeline\\Pipeline->{closure:{closure:Illuminate\\Pipeline\\Pipeline::carry():194}:195}(Object(Illuminate\\Http\\Request))
#40 /Applications/XAMPP/xamppfiles/htdocs/auth/vendor/laravel/framework/src/Illuminate/Pipeline/Pipeline.php(219): Illuminate\\Http\\Middleware\\ValidatePostSize->handle(Object(Illuminate\\Http\\Request), Object(Closure))
#41 /Applications/XAMPP/xamppfiles/htdocs/auth/vendor/laravel/framework/src/Illuminate/Foundation/Http/Middleware/PreventRequestsDuringMaintenance.php(109): Illuminate\\Pipeline\\Pipeline->{closure:{closure:Illuminate\\Pipeline\\Pipeline::carry():194}:195}(Object(Illuminate\\Http\\Request))
#42 /Applications/XAMPP/xamppfiles/htdocs/auth/vendor/laravel/framework/src/Illuminate/Pipeline/Pipeline.php(219): Illuminate\\Foundation\\Http\\Middleware\\PreventRequestsDuringMaintenance->handle(Object(Illuminate\\Http\\Request), Object(Closure))
#43 /Applications/XAMPP/xamppfiles/htdocs/auth/vendor/laravel/framework/src/Illuminate/Http/Middleware/HandleCors.php(61): Illuminate\\Pipeline\\Pipeline->{closure:{closure:Illuminate\\Pipeline\\Pipeline::carry():194}:195}(Object(Illuminate\\Http\\Request))
#44 /Applications/XAMPP/xamppfiles/htdocs/auth/vendor/laravel/framework/src/Illuminate/Pipeline/Pipeline.php(219): Illuminate\\Http\\Middleware\\HandleCors->handle(Object(Illuminate\\Http\\Request), Object(Closure))
#45 /Applications/XAMPP/xamppfiles/htdocs/auth/vendor/laravel/framework/src/Illuminate/Http/Middleware/TrustProxies.php(58): Illuminate\\Pipeline\\Pipeline->{closure:{closure:Illuminate\\Pipeline\\Pipeline::carry():194}:195}(Object(Illuminate\\Http\\Request))
#46 /Applications/XAMPP/xamppfiles/htdocs/auth/vendor/laravel/framework/src/Illuminate/Pipeline/Pipeline.php(219): Illuminate\\Http\\Middleware\\TrustProxies->handle(Object(Illuminate\\Http\\Request), Object(Closure))
#47 /Applications/XAMPP/xamppfiles/htdocs/auth/vendor/laravel/framework/src/Illuminate/Foundation/Http/Middleware/InvokeDeferredCallbacks.php(22): Illuminate\\Pipeline\\Pipeline->{closure:{closure:Illuminate\\Pipeline\\Pipeline::carry():194}:195}(Object(Illuminate\\Http\\Request))
#48 /Applications/XAMPP/xamppfiles/htdocs/auth/vendor/laravel/framework/src/Illuminate/Pipeline/Pipeline.php(219): Illuminate\\Foundation\\Http\\Middleware\\InvokeDeferredCallbacks->handle(Object(Illuminate\\Http\\Request), Object(Closure))
#49 /Applications/XAMPP/xamppfiles/htdocs/auth/vendor/laravel/framework/src/Illuminate/Http/Middleware/ValidatePathEncoding.php(26): Illuminate\\Pipeline\\Pipeline->{closure:{closure:Illuminate\\Pipeline\\Pipeline::carry():194}:195}(Object(Illuminate\\Http\\Request))
#50 /Applications/XAMPP/xamppfiles/htdocs/auth/vendor/laravel/framework/src/Illuminate/Pipeline/Pipeline.php(219): Illuminate\\Http\\Middleware\\ValidatePathEncoding->handle(Object(Illuminate\\Http\\Request), Object(Closure))
#51 /Applications/XAMPP/xamppfiles/htdocs/auth/vendor/laravel/framework/src/Illuminate/Pipeline/Pipeline.php(137): Illuminate\\Pipeline\\Pipeline->{closure:{closure:Illuminate\\Pipeline\\Pipeline::carry():194}:195}(Object(Illuminate\\Http\\Request))
#52 /Applications/XAMPP/xamppfiles/htdocs/auth/vendor/laravel/framework/src/Illuminate/Foundation/Http/Kernel.php(175): Illuminate\\Pipeline\\Pipeline->then(Object(Closure))
#53 /Applications/XAMPP/xamppfiles/htdocs/auth/vendor/laravel/framework/src/Illuminate/Foundation/Http/Kernel.php(144): Illuminate\\Foundation\\Http\\Kernel->sendRequestThroughRouter(Object(Illuminate\\Http\\Request))
#54 /Applications/XAMPP/xamppfiles/htdocs/auth/vendor/laravel/framework/src/Illuminate/Foundation/Application.php(1220): Illuminate\\Foundation\\Http\\Kernel->handle(Object(Illuminate\\Http\\Request))
#55 /Applications/XAMPP/xamppfiles/htdocs/auth/public/index.php(20): Illuminate\\Foundation\\Application->handleRequest(Object(Illuminate\\Http\\Request))
#56 /Applications/XAMPP/xamppfiles/htdocs/auth/vendor/laravel/framework/src/Illuminate/Foundation/resources/server.php(23): require_once('/Applications/X...')
#57 {main}

[previous exception] [object] (InvalidArgumentException(code: 0): Unable to locate a class or view for component [input-error]. at /Applications/XAMPP/xamppfiles/htdocs/auth/vendor/laravel/framework/src/Illuminate/View/Compilers/ComponentTagCompiler.php:315)
[stacktrace]
#0 /Applications/XAMPP/xamppfiles/htdocs/auth/vendor/laravel/framework/src/Illuminate/View/Compilers/ComponentTagCompiler.php(235): Illuminate\\View\\Compilers\\ComponentTagCompiler->componentClass('input-error')
#1 /Applications/XAMPP/xamppfiles/htdocs/auth/vendor/laravel/framework/src/Illuminate/View/Compilers/ComponentTagCompiler.php(220): Illuminate\\View\\Compilers\\ComponentTagCompiler->componentString('input-error', Array)
#2 [internal function]: Illuminate\\View\\Compilers\\ComponentTagCompiler->{closure:Illuminate\\View\\Compilers\\ComponentTagCompiler::compileSelfClosingTags():215}(Array)
#3 /Applications/XAMPP/xamppfiles/htdocs/auth/vendor/laravel/framework/src/Illuminate/View/Compilers/ComponentTagCompiler.php(215): preg_replace_callback('/\\n            <...', Object(Closure), '<section>\\n    <...')
#4 /Applications/XAMPP/xamppfiles/htdocs/auth/vendor/laravel/framework/src/Illuminate/View/Compilers/ComponentTagCompiler.php(89): Illuminate\\View\\Compilers\\ComponentTagCompiler->compileSelfClosingTags('<section>\\n    <...')
#5 /Applications/XAMPP/xamppfiles/htdocs/auth/vendor/laravel/framework/src/Illuminate/View/Compilers/ComponentTagCompiler.php(76): Illuminate\\View\\Compilers\\ComponentTagCompiler->compileTags('<section>\\n    <...')
#6 /Applications/XAMPP/xamppfiles/htdocs/auth/vendor/laravel/framework/src/Illuminate/View/Compilers/BladeCompiler.php(456): Illuminate\\View\\Compilers\\ComponentTagCompiler->compile('<section>\\n    <...')
#7 /Applications/XAMPP/xamppfiles/htdocs/auth/vendor/laravel/framework/src/Illuminate/View/Compilers/BladeCompiler.php(288): Illuminate\\View\\Compilers\\BladeCompiler->compileComponentTags('<section>\\n    <...')
#8 /Applications/XAMPP/xamppfiles/htdocs/auth/vendor/laravel/framework/src/Illuminate/View/Compilers/BladeCompiler.php(188): Illuminate\\View\\Compilers\\BladeCompiler->compileString('<section>\\n    <...')
#9 /Applications/XAMPP/xamppfiles/htdocs/auth/vendor/laravel/framework/src/Illuminate/View/Engines/CompilerEngine.php(68): Illuminate\\View\\Compilers\\BladeCompiler->compile('/Applications/X...')
#10 /Applications/XAMPP/xamppfiles/htdocs/auth/vendor/laravel/framework/src/Illuminate/View/View.php(208): Illuminate\\View\\Engines\\CompilerEngine->get('/Applications/X...', Array)
#11 /Applications/XAMPP/xamppfiles/htdocs/auth/vendor/laravel/framework/src/Illuminate/View/View.php(191): Illuminate\\View\\View->getContents()
#12 /Applications/XAMPP/xamppfiles/htdocs/auth/vendor/laravel/framework/src/Illuminate/View/View.php(160): Illuminate\\View\\View->renderContents()
#13 /Applications/XAMPP/xamppfiles/htdocs/auth/storage/framework/views/d63f0d27bb2c0e7763e4aa73dd5de99b.php(22): Illuminate\\View\\View->render()
#14 /Applications/XAMPP/xamppfiles/htdocs/auth/vendor/laravel/framework/src/Illuminate/Filesystem/Filesystem.php(123): require('/Applications/X...')
#15 /Applications/XAMPP/xamppfiles/htdocs/auth/vendor/laravel/framework/src/Illuminate/Filesystem/Filesystem.php(124): Illuminate\\Filesystem\\Filesystem::{closure:Illuminate\\Filesystem\\Filesystem::getRequire():120}()
#16 /Applications/XAMPP/xamppfiles/htdocs/auth/vendor/laravel/framework/src/Illuminate/View/Engines/PhpEngine.php(57): Illuminate\\Filesystem\\Filesystem->getRequire('/Applications/X...', Array)
#17 /Applications/XAMPP/xamppfiles/htdocs/auth/vendor/laravel/framework/src/Illuminate/View/Engines/CompilerEngine.php(76): Illuminate\\View\\Engines\\PhpEngine->evaluatePath('/Applications/X...', Array)
#18 /Applications/XAMPP/xamppfiles/htdocs/auth/vendor/laravel/framework/src/Illuminate/View/View.php(208): Illuminate\\View\\Engines\\CompilerEngine->get('/Applications/X...', Array)
#19 /Applications/XAMPP/xamppfiles/htdocs/auth/vendor/laravel/framework/src/Illuminate/View/View.php(191): Illuminate\\View\\View->getContents()
#20 /Applications/XAMPP/xamppfiles/htdocs/auth/vendor/laravel/framework/src/Illuminate/View/View.php(160): Illuminate\\View\\View->renderContents()
#21 /Applications/XAMPP/xamppfiles/htdocs/auth/vendor/laravel/framework/src/Illuminate/Http/Response.php(78): Illuminate\\View\\View->render()
#22 /Applications/XAMPP/xamppfiles/htdocs/auth/vendor/laravel/framework/src/Illuminate/Http/Response.php(34): Illuminate\\Http\\Response->setContent(Object(Illuminate\\View\\View))
#23 /Applications/XAMPP/xamppfiles/htdocs/auth/vendor/laravel/framework/src/Illuminate/Routing/Router.php(939): Illuminate\\Http\\Response->__construct(Object(Illuminate\\View\\View), 200, Array)
#24 /Applications/XAMPP/xamppfiles/htdocs/auth/vendor/laravel/framework/src/Illuminate/Routing/Router.php(906): Illuminate\\Routing\\Router::toResponse(Object(Illuminate\\Http\\Request), Object(Illuminate\\View\\View))
#25 /Applications/XAMPP/xamppfiles/htdocs/auth/vendor/laravel/framework/src/Illuminate/Routing/Router.php(821): Illuminate\\Routing\\Router->prepareResponse(Object(Illuminate\\Http\\Request), Object(Illuminate\\View\\View))
#26 /Applications/XAMPP/xamppfiles/htdocs/auth/vendor/laravel/framework/src/Illuminate/Pipeline/Pipeline.php(180): Illuminate\\Routing\\Router->{closure:Illuminate\\Routing\\Router::runRouteWithinStack():821}(Object(Illuminate\\Http\\Request))
#27 /Applications/XAMPP/xamppfiles/htdocs/auth/vendor/laravel/framework/src/Illuminate/Routing/Middleware/SubstituteBindings.php(50): Illuminate\\Pipeline\\Pipeline->{closure:Illuminate\\Pipeline\\Pipeline::prepareDestination():178}(Object(Illuminate\\Http\\Request))
#28 /Applications/XAMPP/xamppfiles/htdocs/auth/vendor/laravel/framework/src/Illuminate/Pipeline/Pipeline.php(219): Illuminate\\Routing\\Middleware\\SubstituteBindings->handle(Object(Illuminate\\Http\\Request), Object(Closure))
#29 /Applications/XAMPP/xamppfiles/htdocs/auth/vendor/laravel/framework/src/Illuminate/Auth/Middleware/Authenticate.php(63): Illuminate\\Pipeline\\Pipeline->{closure:{closure:Illuminate\\Pipeline\\Pipeline::carry():194}:195}(Object(Illuminate\\Http\\Request))
#30 /Applications/XAMPP/xamppfiles/htdocs/auth/vendor/laravel/framework/src/Illuminate/Pipeline/Pipeline.php(219): Illuminate\\Auth\\Middleware\\Authenticate->handle(Object(Illuminate\\Http\\Request), Object(Closure))
#31 /Applications/XAMPP/xamppfiles/htdocs/auth/vendor/laravel/framework/src/Illuminate/Foundation/Http/Middleware/VerifyCsrfToken.php(87): Illuminate\\Pipeline\\Pipeline->{closure:{closure:Illuminate\\Pipeline\\Pipeline::carry():194}:195}(Object(Illuminate\\Http\\Request))
#32 /Applications/XAMPP/xamppfiles/htdocs/auth/vendor/laravel/framework/src/Illuminate/Pipeline/Pipeline.php(219): Illuminate\\Foundation\\Http\\Middleware\\VerifyCsrfToken->handle(Object(Illuminate\\Http\\Request), Object(Closure))
#33 /Applications/XAMPP/xamppfiles/htdocs/auth/vendor/laravel/framework/src/Illuminate/View/Middleware/ShareErrorsFromSession.php(48): Illuminate\\Pipeline\\Pipeline->{closure:{closure:Illuminate\\Pipeline\\Pipeline::carry():194}:195}(Object(Illuminate\\Http\\Request))
#34 /Applications/XAMPP/xamppfiles/htdocs/auth/vendor/laravel/framework/src/Illuminate/Pipeline/Pipeline.php(219): Illuminate\\View\\Middleware\\ShareErrorsFromSession->handle(Object(Illuminate\\Http\\Request), Object(Closure))
#35 /Applications/XAMPP/xamppfiles/htdocs/auth/vendor/laravel/framework/src/Illuminate/Session/Middleware/StartSession.php(120): Illuminate\\Pipeline\\Pipeline->{closure:{closure:Illuminate\\Pipeline\\Pipeline::carry():194}:195}(Object(Illuminate\\Http\\Request))
#36 /Applications/XAMPP/xamppfiles/htdocs/auth/vendor/laravel/framework/src/Illuminate/Session/Middleware/StartSession.php(63): Illuminate\\Session\\Middleware\\StartSession->handleStatefulRequest(Object(Illuminate\\Http\\Request), Object(Illuminate\\Session\\Store), Object(Closure))
#37 /Applications/XAMPP/xamppfiles/htdocs/auth/vendor/laravel/framework/src/Illuminate/Pipeline/Pipeline.php(219): Illuminate\\Session\\Middleware\\StartSession->handle(Object(Illuminate\\Http\\Request), Object(Closure))
#38 /Applications/XAMPP/xamppfiles/htdocs/auth/vendor/laravel/framework/src/Illuminate/Cookie/Middleware/AddQueuedCookiesToResponse.php(36): Illuminate\\Pipeline\\Pipeline->{closure:{closure:Illuminate\\Pipeline\\Pipeline::carry():194}:195}(Object(Illuminate\\Http\\Request))
#39 /Applications/XAMPP/xamppfiles/htdocs/auth/vendor/laravel/framework/src/Illuminate/Pipeline/Pipeline.php(219): Illuminate\\Cookie\\Middleware\\AddQueuedCookiesToResponse->handle(Object(Illuminate\\Http\\Request), Object(Closure))
#40 /Applications/XAMPP/xamppfiles/htdocs/auth/vendor/laravel/framework/src/Illuminate/Cookie/Middleware/EncryptCookies.php(74): Illuminate\\Pipeline\\Pipeline->{closure:{closure:Illuminate\\Pipeline\\Pipeline::carry():194}:195}(Object(Illuminate\\Http\\Request))
#41 /Applications/XAMPP/xamppfiles/htdocs/auth/vendor/laravel/framework/src/Illuminate/Pipeline/Pipeline.php(219): Illuminate\\Cookie\\Middleware\\EncryptCookies->handle(Object(Illuminate\\Http\\Request), Object(Closure))
#42 /Applications/XAMPP/xamppfiles/htdocs/auth/vendor/laravel/framework/src/Illuminate/Pipeline/Pipeline.php(137): Illuminate\\Pipeline\\Pipeline->{closure:{closure:Illuminate\\Pipeline\\Pipeline::carry():194}:195}(Object(Illuminate\\Http\\Request))
#43 /Applications/XAMPP/xamppfiles/htdocs/auth/vendor/laravel/framework/src/Illuminate/Routing/Router.php(821): Illuminate\\Pipeline\\Pipeline->then(Object(Closure))
#44 /Applications/XAMPP/xamppfiles/htdocs/auth/vendor/laravel/framework/src/Illuminate/Routing/Router.php(800): Illuminate\\Routing\\Router->runRouteWithinStack(Object(Illuminate\\Routing\\Route), Object(Illuminate\\Http\\Request))
#45 /Applications/XAMPP/xamppfiles/htdocs/auth/vendor/laravel/framework/src/Illuminate/Routing/Router.php(764): Illuminate\\Routing\\Router->runRoute(Object(Illuminate\\Http\\Request), Object(Illuminate\\Routing\\Route))
#46 /Applications/XAMPP/xamppfiles/htdocs/auth/vendor/laravel/framework/src/Illuminate/Routing/Router.php(753): Illuminate\\Routing\\Router->dispatchToRoute(Object(Illuminate\\Http\\Request))
#47 /Applications/XAMPP/xamppfiles/htdocs/auth/vendor/laravel/framework/src/Illuminate/Foundation/Http/Kernel.php(200): Illuminate\\Routing\\Router->dispatch(Object(Illuminate\\Http\\Request))
#48 /Applications/XAMPP/xamppfiles/htdocs/auth/vendor/laravel/framework/src/Illuminate/Pipeline/Pipeline.php(180): Illuminate\\Foundation\\Http\\Kernel->{closure:Illuminate\\Foundation\\Http\\Kernel::dispatchToRouter():197}(Object(Illuminate\\Http\\Request))
#49 /Applications/XAMPP/xamppfiles/htdocs/auth/vendor/laravel/framework/src/Illuminate/Foundation/Http/Middleware/TransformsRequest.php(21): Illuminate\\Pipeline\\Pipeline->{closure:Illuminate\\Pipeline\\Pipeline::prepareDestination():178}(Object(Illuminate\\Http\\Request))
#50 /Applications/XAMPP/xamppfiles/htdocs/auth/vendor/laravel/framework/src/Illuminate/Foundation/Http/Middleware/ConvertEmptyStringsToNull.php(31): Illuminate\\Foundation\\Http\\Middleware\\TransformsRequest->handle(Object(Illuminate\\Http\\Request), Object(Closure))
#51 /Applications/XAMPP/xamppfiles/htdocs/auth/vendor/laravel/framework/src/Illuminate/Pipeline/Pipeline.php(219): Illuminate\\Foundation\\Http\\Middleware\\ConvertEmptyStringsToNull->handle(Object(Illuminate\\Http\\Request), Object(Closure))
#52 /Applications/XAMPP/xamppfiles/htdocs/auth/vendor/laravel/framework/src/Illuminate/Foundation/Http/Middleware/TransformsRequest.php(21): Illuminate\\Pipeline\\Pipeline->{closure:{closure:Illuminate\\Pipeline\\Pipeline::carry():194}:195}(Object(Illuminate\\Http\\Request))
#53 /Applications/XAMPP/xamppfiles/htdocs/auth/vendor/laravel/framework/src/Illuminate/Foundation/Http/Middleware/TrimStrings.php(51): Illuminate\\Foundation\\Http\\Middleware\\TransformsRequest->handle(Object(Illuminate\\Http\\Request), Object(Closure))
#54 /Applications/XAMPP/xamppfiles/htdocs/auth/vendor/laravel/framework/src/Illuminate/Pipeline/Pipeline.php(219): Illuminate\\Foundation\\Http\\Middleware\\TrimStrings->handle(Object(Illuminate\\Http\\Request), Object(Closure))
#55 /Applications/XAMPP/xamppfiles/htdocs/auth/vendor/laravel/framework/src/Illuminate/Http/Middleware/ValidatePostSize.php(27): Illuminate\\Pipeline\\Pipeline->{closure:{closure:Illuminate\\Pipeline\\Pipeline::carry():194}:195}(Object(Illuminate\\Http\\Request))
#56 /Applications/XAMPP/xamppfiles/htdocs/auth/vendor/laravel/framework/src/Illuminate/Pipeline/Pipeline.php(219): Illuminate\\Http\\Middleware\\ValidatePostSize->handle(Object(Illuminate\\Http\\Request), Object(Closure))
#57 /Applications/XAMPP/xamppfiles/htdocs/auth/vendor/laravel/framework/src/Illuminate/Foundation/Http/Middleware/PreventRequestsDuringMaintenance.php(109): Illuminate\\Pipeline\\Pipeline->{closure:{closure:Illuminate\\Pipeline\\Pipeline::carry():194}:195}(Object(Illuminate\\Http\\Request))
#58 /Applications/XAMPP/xamppfiles/htdocs/auth/vendor/laravel/framework/src/Illuminate/Pipeline/Pipeline.php(219): Illuminate\\Foundation\\Http\\Middleware\\PreventRequestsDuringMaintenance->handle(Object(Illuminate\\Http\\Request), Object(Closure))
#59 /Applications/XAMPP/xamppfiles/htdocs/auth/vendor/laravel/framework/src/Illuminate/Http/Middleware/HandleCors.php(61): Illuminate\\Pipeline\\Pipeline->{closure:{closure:Illuminate\\Pipeline\\Pipeline::carry():194}:195}(Object(Illuminate\\Http\\Request))
#60 /Applications/XAMPP/xamppfiles/htdocs/auth/vendor/laravel/framework/src/Illuminate/Pipeline/Pipeline.php(219): Illuminate\\Http\\Middleware\\HandleCors->handle(Object(Illuminate\\Http\\Request), Object(Closure))
#61 /Applications/XAMPP/xamppfiles/htdocs/auth/vendor/laravel/framework/src/Illuminate/Http/Middleware/TrustProxies.php(58): Illuminate\\Pipeline\\Pipeline->{closure:{closure:Illuminate\\Pipeline\\Pipeline::carry():194}:195}(Object(Illuminate\\Http\\Request))
#62 /Applications/XAMPP/xamppfiles/htdocs/auth/vendor/laravel/framework/src/Illuminate/Pipeline/Pipeline.php(219): Illuminate\\Http\\Middleware\\TrustProxies->handle(Object(Illuminate\\Http\\Request), Object(Closure))
#63 /Applications/XAMPP/xamppfiles/htdocs/auth/vendor/laravel/framework/src/Illuminate/Foundation/Http/Middleware/InvokeDeferredCallbacks.php(22): Illuminate\\Pipeline\\Pipeline->{closure:{closure:Illuminate\\Pipeline\\Pipeline::carry():194}:195}(Object(Illuminate\\Http\\Request))
#64 /Applications/XAMPP/xamppfiles/htdocs/auth/vendor/laravel/framework/src/Illuminate/Pipeline/Pipeline.php(219): Illuminate\\Foundation\\Http\\Middleware\\InvokeDeferredCallbacks->handle(Object(Illuminate\\Http\\Request), Object(Closure))
#65 /Applications/XAMPP/xamppfiles/htdocs/auth/vendor/laravel/framework/src/Illuminate/Http/Middleware/ValidatePathEncoding.php(26): Illuminate\\Pipeline\\Pipeline->{closure:{closure:Illuminate\\Pipeline\\Pipeline::carry():194}:195}(Object(Illuminate\\Http\\Request))
#66 /Applications/XAMPP/xamppfiles/htdocs/auth/vendor/laravel/framework/src/Illuminate/Pipeline/Pipeline.php(219): Illuminate\\Http\\Middleware\\ValidatePathEncoding->handle(Object(Illuminate\\Http\\Request), Object(Closure))
#67 /Applications/XAMPP/xamppfiles/htdocs/auth/vendor/laravel/framework/src/Illuminate/Pipeline/Pipeline.php(137): Illuminate\\Pipeline\\Pipeline->{closure:{closure:Illuminate\\Pipeline\\Pipeline::carry():194}:195}(Object(Illuminate\\Http\\Request))
#68 /Applications/XAMPP/xamppfiles/htdocs/auth/vendor/laravel/framework/src/Illuminate/Foundation/Http/Kernel.php(175): Illuminate\\Pipeline\\Pipeline->then(Object(Closure))
#69 /Applications/XAMPP/xamppfiles/htdocs/auth/vendor/laravel/framework/src/Illuminate/Foundation/Http/Kernel.php(144): Illuminate\\Foundation\\Http\\Kernel->sendRequestThroughRouter(Object(Illuminate\\Http\\Request))
#70 /Applications/XAMPP/xamppfiles/htdocs/auth/vendor/laravel/framework/src/Illuminate/Foundation/Application.php(1220): Illuminate\\Foundation\\Http\\Kernel->handle(Object(Illuminate\\Http\\Request))
#71 /Applications/XAMPP/xamppfiles/htdocs/auth/public/index.php(20): Illuminate\\Foundation\\Application->handleRequest(Object(Illuminate\\Http\\Request))
#72 /Applications/XAMPP/xamppfiles/htdocs/auth/vendor/laravel/framework/src/Illuminate/Foundation/resources/server.php(23): require_once('/Applications/X...')
#73 {main}
"} 
[2026-02-10 14:52:09] local.ERROR: SQLSTATE[HY000] [2002] Connection refused (Connection: mysql, Host: 127.0.0.1, Port: 3306, Database: odin, SQL: select * from `sessions` where `id` = Uz4nVExvW3anxFechQSY3EultyrVBlFRhdiNSEXK limit 1) {"exception":"[object] (Illuminate\\Database\\QueryException(code: 2002): SQLSTATE[HY000] [2002] Connection refused (Connection: mysql, Host: 127.0.0.1, Port: 3306, Database: odin, SQL: select * from `sessions` where `id` = Uz4nVExvW3anxFechQSY3EultyrVBlFRhdiNSEXK limit 1) at /Applications/XAMPP/xamppfiles/htdocs/auth/vendor/laravel/framework/src/Illuminate/Database/Connection.php:838)
[stacktrace]
#0 /Applications/XAMPP/xamppfiles/htdocs/auth/vendor/laravel/framework/src/Illuminate/Database/Connection.php(999): Illuminate\\Database\\Connection->runQueryCallback('select * from `...', Array, Object(Closure))
#1 /Applications/XAMPP/xamppfiles/htdocs/auth/vendor/laravel/framework/src/Illuminate/Database/Connection.php(978): Illuminate\\Database\\Connection->tryAgainIfCausedByLostConnection(Object(Illuminate\\Database\\QueryException), 'select * from `...', Array, Object(Closure))
#2 /Applications/XAMPP/xamppfiles/htdocs/auth/vendor/laravel/framework/src/Illuminate/Database/Connection.php(796): Illuminate\\Database\\Connection->handleQueryException(Object(Illuminate\\Database\\QueryException), 'select * from `...', Array, Object(Closure))
#3 /Applications/XAMPP/xamppfiles/htdocs/auth/vendor/laravel/framework/src/Illuminate/Database/Connection.php(411): Illuminate\\Database\\Connection->run('select * from `...', Array, Object(Closure))
#4 /Applications/XAMPP/xamppfiles/htdocs/auth/vendor/laravel/framework/src/Illuminate/Database/Query/Builder.php(3389): Illuminate\\Database\\Connection->select('select * from `...', Array, false)
#5 /Applications/XAMPP/xamppfiles/htdocs/auth/vendor/laravel/framework/src/Illuminate/Database/Query/Builder.php(3374): Illuminate\\Database\\Query\\Builder->runSelect()
#6 /Applications/XAMPP/xamppfiles/htdocs/auth/vendor/laravel/framework/src/Illuminate/Database/Query/Builder.php(3964): Illuminate\\Database\\Query\\Builder->{closure:Illuminate\\Database\\Query\\Builder::get():3373}()
#7 /Applications/XAMPP/xamppfiles/htdocs/auth/vendor/laravel/framework/src/Illuminate/Database/Query/Builder.php(3373): Illuminate\\Database\\Query\\Builder->onceWithColumns(Array, Object(Closure))
#8 /Applications/XAMPP/xamppfiles/htdocs/auth/vendor/laravel/framework/src/Illuminate/Database/Concerns/BuildsQueries.php(366): Illuminate\\Database\\Query\\Builder->get(Array)
#9 /Applications/XAMPP/xamppfiles/htdocs/auth/vendor/laravel/framework/src/Illuminate/Database/Query/Builder.php(3296): Illuminate\\Database\\Query\\Builder->first(Array)
#10 /Applications/XAMPP/xamppfiles/htdocs/auth/vendor/laravel/framework/src/Illuminate/Session/DatabaseSessionHandler.php(96): Illuminate\\Database\\Query\\Builder->find('Uz4nVExvW3anxFe...')
#11 /Applications/XAMPP/xamppfiles/htdocs/auth/vendor/laravel/framework/src/Illuminate/Session/Store.php(128): Illuminate\\Session\\DatabaseSessionHandler->read('Uz4nVExvW3anxFe...')
#12 /Applications/XAMPP/xamppfiles/htdocs/auth/vendor/laravel/framework/src/Illuminate/Session/Store.php(116): Illuminate\\Session\\Store->readFromHandler()
#13 /Applications/XAMPP/xamppfiles/htdocs/auth/vendor/laravel/framework/src/Illuminate/Session/Store.php(100): Illuminate\\Session\\Store->loadSession()
#14 /Applications/XAMPP/xamppfiles/htdocs/auth/vendor/laravel/framework/src/Illuminate/Session/Middleware/StartSession.php(146): Illuminate\\Session\\Store->start()
#15 /Applications/XAMPP/xamppfiles/htdocs/auth/vendor/laravel/framework/src/Illuminate/Support/helpers.php(390): Illuminate\\Session\\Middleware\\StartSession->{closure:Illuminate\\Session\\Middleware\\StartSession::startSession():143}(Object(Illuminate\\Session\\Store))
#16 /Applications/XAMPP/xamppfiles/htdocs/auth/vendor/laravel/framework/src/Illuminate/Session/Middleware/StartSession.php(143): tap(Object(Illuminate\\Session\\Store), Object(Closure))
#17 /Applications/XAMPP/xamppfiles/htdocs/auth/vendor/laravel/framework/src/Illuminate/Session/Middleware/StartSession.php(115): Illuminate\\Session\\Middleware\\StartSession->startSession(Object(Illuminate\\Http\\Request), Object(Illuminate\\Session\\Store))
#18 /Applications/XAMPP/xamppfiles/htdocs/auth/vendor/laravel/framework/src/Illuminate/Session/Middleware/StartSession.php(63): Illuminate\\Session\\Middleware\\StartSession->handleStatefulRequest(Object(Illuminate\\Http\\Request), Object(Illuminate\\Session\\Store), Object(Closure))
#19 /Applications/XAMPP/xamppfiles/htdocs/auth/vendor/laravel/framework/src/Illuminate/Pipeline/Pipeline.php(219): Illuminate\\Session\\Middleware\\StartSession->handle(Object(Illuminate\\Http\\Request), Object(Closure))
#20 /Applications/XAMPP/xamppfiles/htdocs/auth/vendor/laravel/framework/src/Illuminate/Cookie/Middleware/AddQueuedCookiesToResponse.php(36): Illuminate\\Pipeline\\Pipeline->{closure:{closure:Illuminate\\Pipeline\\Pipeline::carry():194}:195}(Object(Illuminate\\Http\\Request))
#21 /Applications/XAMPP/xamppfiles/htdocs/auth/vendor/laravel/framework/src/Illuminate/Pipeline/Pipeline.php(219): Illuminate\\Cookie\\Middleware\\AddQueuedCookiesToResponse->handle(Object(Illuminate\\Http\\Request), Object(Closure))
#22 /Applications/XAMPP/xamppfiles/htdocs/auth/vendor/laravel/framework/src/Illuminate/Cookie/Middleware/EncryptCookies.php(74): Illuminate\\Pipeline\\Pipeline->{closure:{closure:Illuminate\\Pipeline\\Pipeline::carry():194}:195}(Object(Illuminate\\Http\\Request))
#23 /Applications/XAMPP/xamppfiles/htdocs/auth/vendor/laravel/framework/src/Illuminate/Pipeline/Pipeline.php(219): Illuminate\\Cookie\\Middleware\\EncryptCookies->handle(Object(Illuminate\\Http\\Request), Object(Closure))
#24 /Applications/XAMPP/xamppfiles/htdocs/auth/vendor/laravel/framework/src/Illuminate/Pipeline/Pipeline.php(137): Illuminate\\Pipeline\\Pipeline->{closure:{closure:Illuminate\\Pipeline\\Pipeline::carry():194}:195}(Object(Illuminate\\Http\\Request))
#25 /Applications/XAMPP/xamppfiles/htdocs/auth/vendor/laravel/framework/src/Illuminate/Routing/Router.php(821): Illuminate\\Pipeline\\Pipeline->then(Object(Closure))
#26 /Applications/XAMPP/xamppfiles/htdocs/auth/vendor/laravel/framework/src/Illuminate/Routing/Router.php(800): Illuminate\\Routing\\Router->runRouteWithinStack(Object(Illuminate\\Routing\\Route), Object(Illuminate\\Http\\Request))
#27 /Applications/XAMPP/xamppfiles/htdocs/auth/vendor/laravel/framework/src/Illuminate/Routing/Router.php(764): Illuminate\\Routing\\Router->runRoute(Object(Illuminate\\Http\\Request), Object(Illuminate\\Routing\\Route))
#28 /Applications/XAMPP/xamppfiles/htdocs/auth/vendor/laravel/framework/src/Illuminate/Routing/Router.php(753): Illuminate\\Routing\\Router->dispatchToRoute(Object(Illuminate\\Http\\Request))
#29 /Applications/XAMPP/xamppfiles/htdocs/auth/vendor/laravel/framework/src/Illuminate/Foundation/Http/Kernel.php(200): Illuminate\\Routing\\Router->dispatch(Object(Illuminate\\Http\\Request))
#30 /Applications/XAMPP/xamppfiles/htdocs/auth/vendor/laravel/framework/src/Illuminate/Pipeline/Pipeline.php(180): Illuminate\\Foundation\\Http\\Kernel->{closure:Illuminate\\Foundation\\Http\\Kernel::dispatchToRouter():197}(Object(Illuminate\\Http\\Request))
#31 /Applications/XAMPP/xamppfiles/htdocs/auth/vendor/laravel/framework/src/Illuminate/Foundation/Http/Middleware/TransformsRequest.php(21): Illuminate\\Pipeline\\Pipeline->{closure:Illuminate\\Pipeline\\Pipeline::prepareDestination():178}(Object(Illuminate\\Http\\Request))
#32 /Applications/XAMPP/xamppfiles/htdocs/auth/vendor/laravel/framework/src/Illuminate/Foundation/Http/Middleware/ConvertEmptyStringsToNull.php(31): Illuminate\\Foundation\\Http\\Middleware\\TransformsRequest->handle(Object(Illuminate\\Http\\Request), Object(Closure))
#33 /Applications/XAMPP/xamppfiles/htdocs/auth/vendor/laravel/framework/src/Illuminate/Pipeline/Pipeline.php(219): Illuminate\\Foundation\\Http\\Middleware\\ConvertEmptyStringsToNull->handle(Object(Illuminate\\Http\\Request), Object(Closure))
#34 /Applications/XAMPP/xamppfiles/htdocs/auth/vendor/laravel/framework/src/Illuminate/Foundation/Http/Middleware/TransformsRequest.php(21): Illuminate\\Pipeline\\Pipeline->{closure:{closure:Illuminate\\Pipeline\\Pipeline::carry():194}:195}(Object(Illuminate\\Http\\Request))
#35 /Applications/XAMPP/xamppfiles/htdocs/auth/vendor/laravel/framework/src/Illuminate/Foundation/Http/Middleware/TrimStrings.php(51): Illuminate\\Foundation\\Http\\Middleware\\TransformsRequest->handle(Object(Illuminate\\Http\\Request), Object(Closure))
#36 /Applications/XAMPP/xamppfiles/htdocs/auth/vendor/laravel/framework/src/Illuminate/Pipeline/Pipeline.php(219): Illuminate\\Foundation\\Http\\Middleware\\TrimStrings->handle(Object(Illuminate\\Http\\Request), Object(Closure))
#37 /Applications/XAMPP/xamppfiles/htdocs/auth/vendor/laravel/framework/src/Illuminate/Http/Middleware/ValidatePostSize.php(27): Illuminate\\Pipeline\\Pipeline->{closure:{closure:Illuminate\\Pipeline\\Pipeline::carry():194}:195}(Object(Illuminate\\Http\\Request))
#38 /Applications/XAMPP/xamppfiles/htdocs/auth/vendor/laravel/framework/src/Illuminate/Pipeline/Pipeline.php(219): Illuminate\\Http\\Middleware\\ValidatePostSize->handle(Object(Illuminate\\Http\\Request), Object(Closure))
#39 /Applications/XAMPP/xamppfiles/htdocs/auth/vendor/laravel/framework/src/Illuminate/Foundation/Http/Middleware/PreventRequestsDuringMaintenance.php(109): Illuminate\\Pipeline\\Pipeline->{closure:{closure:Illuminate\\Pipeline\\Pipeline::carry():194}:195}(Object(Illuminate\\Http\\Request))
#40 /Applications/XAMPP/xamppfiles/htdocs/auth/vendor/laravel/framework/src/Illuminate/Pipeline/Pipeline.php(219): Illuminate\\Foundation\\Http\\Middleware\\PreventRequestsDuringMaintenance->handle(Object(Illuminate\\Http\\Request), Object(Closure))
#41 /Applications/XAMPP/xamppfiles/htdocs/auth/vendor/laravel/framework/src/Illuminate/Http/Middleware/HandleCors.php(61): Illuminate\\Pipeline\\Pipeline->{closure:{closure:Illuminate\\Pipeline\\Pipeline::carry():194}:195}(Object(Illuminate\\Http\\Request))
#42 /Applications/XAMPP/xamppfiles/htdocs/auth/vendor/laravel/framework/src/Illuminate/Pipeline/Pipeline.php(219): Illuminate\\Http\\Middleware\\HandleCors->handle(Object(Illuminate\\Http\\Request), Object(Closure))
#43 /Applications/XAMPP/xamppfiles/htdocs/auth/vendor/laravel/framework/src/Illuminate/Http/Middleware/TrustProxies.php(58): Illuminate\\Pipeline\\Pipeline->{closure:{closure:Illuminate\\Pipeline\\Pipeline::carry():194}:195}(Object(Illuminate\\Http\\Request))
#44 /Applications/XAMPP/xamppfiles/htdocs/auth/vendor/laravel/framework/src/Illuminate/Pipeline/Pipeline.php(219): Illuminate\\Http\\Middleware\\TrustProxies->handle(Object(Illuminate\\Http\\Request), Object(Closure))
#45 /Applications/XAMPP/xamppfiles/htdocs/auth/vendor/laravel/framework/src/Illuminate/Foundation/Http/Middleware/InvokeDeferredCallbacks.php(22): Illuminate\\Pipeline\\Pipeline->{closure:{closure:Illuminate\\Pipeline\\Pipeline::carry():194}:195}(Object(Illuminate\\Http\\Request))
#46 /Applications/XAMPP/xamppfiles/htdocs/auth/vendor/laravel/framework/src/Illuminate/Pipeline/Pipeline.php(219): Illuminate\\Foundation\\Http\\Middleware\\InvokeDeferredCallbacks->handle(Object(Illuminate\\Http\\Request), Object(Closure))
#47 /Applications/XAMPP/xamppfiles/htdocs/auth/vendor/laravel/framework/src/Illuminate/Http/Middleware/ValidatePathEncoding.php(26): Illuminate\\Pipeline\\Pipeline->{closure:{closure:Illuminate\\Pipeline\\Pipeline::carry():194}:195}(Object(Illuminate\\Http\\Request))
#48 /Applications/XAMPP/xamppfiles/htdocs/auth/vendor/laravel/framework/src/Illuminate/Pipeline/Pipeline.php(219): Illuminate\\Http\\Middleware\\ValidatePathEncoding->handle(Object(Illuminate\\Http\\Request), Object(Closure))
#49 /Applications/XAMPP/xamppfiles/htdocs/auth/vendor/laravel/framework/src/Illuminate/Pipeline/Pipeline.php(137): Illuminate\\Pipeline\\Pipeline->{closure:{closure:Illuminate\\Pipeline\\Pipeline::carry():194}:195}(Object(Illuminate\\Http\\Request))
#50 /Applications/XAMPP/xamppfiles/htdocs/auth/vendor/laravel/framework/src/Illuminate/Foundation/Http/Kernel.php(175): Illuminate\\Pipeline\\Pipeline->then(Object(Closure))
#51 /Applications/XAMPP/xamppfiles/htdocs/auth/vendor/laravel/framework/src/Illuminate/Foundation/Http/Kernel.php(144): Illuminate\\Foundation\\Http\\Kernel->sendRequestThroughRouter(Object(Illuminate\\Http\\Request))
#52 /Applications/XAMPP/xamppfiles/htdocs/auth/vendor/laravel/framework/src/Illuminate/Foundation/Application.php(1220): Illuminate\\Foundation\\Http\\Kernel->handle(Object(Illuminate\\Http\\Request))
#53 /Applications/XAMPP/xamppfiles/htdocs/auth/public/index.php(20): Illuminate\\Foundation\\Application->handleRequest(Object(Illuminate\\Http\\Request))
#54 /Applications/XAMPP/xamppfiles/htdocs/auth/vendor/laravel/framework/src/Illuminate/Foundation/resources/server.php(23): require_once('/Applications/X...')
#55 {main}

[previous exception] [object] (PDOException(code: 2002): SQLSTATE[HY000] [2002] Connection refused at /Applications/XAMPP/xamppfiles/htdocs/auth/vendor/laravel/framework/src/Illuminate/Database/Connectors/Connector.php:67)
[stacktrace]
#0 /Applications/XAMPP/xamppfiles/htdocs/auth/vendor/laravel/framework/src/Illuminate/Database/Connectors/Connector.php(67): PDO::connect('mysql:host=127....', 'root', Object(SensitiveParameterValue), Array)
#1 /Applications/XAMPP/xamppfiles/htdocs/auth/vendor/laravel/framework/src/Illuminate/Database/Connectors/Connector.php(85): Illuminate\\Database\\Connectors\\Connector->createPdoConnection('mysql:host=127....', 'root', Object(SensitiveParameterValue), Array)
#2 /Applications/XAMPP/xamppfiles/htdocs/auth/vendor/laravel/framework/src/Illuminate/Database/Connectors/Connector.php(48): Illuminate\\Database\\Connectors\\Connector->tryAgainIfCausedByLostConnection(Object(PDOException), 'mysql:host=127....', 'root', Object(SensitiveParameterValue), Array)
#3 /Applications/XAMPP/xamppfiles/htdocs/auth/vendor/laravel/framework/src/Illuminate/Database/Connectors/MySqlConnector.php(24): Illuminate\\Database\\Connectors\\Connector->createConnection('mysql:host=127....', Array, Array)
#4 /Applications/XAMPP/xamppfiles/htdocs/auth/vendor/laravel/framework/src/Illuminate/Database/Connectors/ConnectionFactory.php(186): Illuminate\\Database\\Connectors\\MySqlConnector->connect(Array)
#5 [internal function]: Illuminate\\Database\\Connectors\\ConnectionFactory->{closure:Illuminate\\Database\\Connectors\\ConnectionFactory::createPdoResolverWithHosts():181}()
#6 /Applications/XAMPP/xamppfiles/htdocs/auth/vendor/laravel/framework/src/Illuminate/Database/Connection.php(1257): call_user_func(Object(Closure))
#7 /Applications/XAMPP/xamppfiles/htdocs/auth/vendor/laravel/framework/src/Illuminate/Database/Connection.php(525): Illuminate\\Database\\Connection->getPdo()
#8 /Applications/XAMPP/xamppfiles/htdocs/auth/vendor/laravel/framework/src/Illuminate/Database/Connection.php(420): Illuminate\\Database\\Connection->getPdoForSelect(false)
#9 /Applications/XAMPP/xamppfiles/htdocs/auth/vendor/laravel/framework/src/Illuminate/Database/Connection.php(827): Illuminate\\Database\\Connection->{closure:Illuminate\\Database\\Connection::select():411}('select * from `...', Array)
#10 /Applications/XAMPP/xamppfiles/htdocs/auth/vendor/laravel/framework/src/Illuminate/Database/Connection.php(999): Illuminate\\Database\\Connection->runQueryCallback('select * from `...', Array, Object(Closure))
#11 /Applications/XAMPP/xamppfiles/htdocs/auth/vendor/laravel/framework/src/Illuminate/Database/Connection.php(978): Illuminate\\Database\\Connection->tryAgainIfCausedByLostConnection(Object(Illuminate\\Database\\QueryException), 'select * from `...', Array, Object(Closure))
#12 /Applications/XAMPP/xamppfiles/htdocs/auth/vendor/laravel/framework/src/Illuminate/Database/Connection.php(796): Illuminate\\Database\\Connection->handleQueryException(Object(Illuminate\\Database\\QueryException), 'select * from `...', Array, Object(Closure))
#13 /Applications/XAMPP/xamppfiles/htdocs/auth/vendor/laravel/framework/src/Illuminate/Database/Connection.php(411): Illuminate\\Database\\Connection->run('select * from `...', Array, Object(Closure))
#14 /Applications/XAMPP/xamppfiles/htdocs/auth/vendor/laravel/framework/src/Illuminate/Database/Query/Builder.php(3389): Illuminate\\Database\\Connection->select('select * from `...', Array, false)
#15 /Applications/XAMPP/xamppfiles/htdocs/auth/vendor/laravel/framework/src/Illuminate/Database/Query/Builder.php(3374): Illuminate\\Database\\Query\\Builder->runSelect()
#16 /Applications/XAMPP/xamppfiles/htdocs/auth/vendor/laravel/framework/src/Illuminate/Database/Query/Builder.php(3964): Illuminate\\Database\\Query\\Builder->{closure:Illuminate\\Database\\Query\\Builder::get():3373}()
#17 /Applications/XAMPP/xamppfiles/htdocs/auth/vendor/laravel/framework/src/Illuminate/Database/Query/Builder.php(3373): Illuminate\\Database\\Query\\Builder->onceWithColumns(Array, Object(Closure))
#18 /Applications/XAMPP/xamppfiles/htdocs/auth/vendor/laravel/framework/src/Illuminate/Database/Concerns/BuildsQueries.php(366): Illuminate\\Database\\Query\\Builder->get(Array)
#19 /Applications/XAMPP/xamppfiles/htdocs/auth/vendor/laravel/framework/src/Illuminate/Database/Query/Builder.php(3296): Illuminate\\Database\\Query\\Builder->first(Array)
#20 /Applications/XAMPP/xamppfiles/htdocs/auth/vendor/laravel/framework/src/Illuminate/Session/DatabaseSessionHandler.php(96): Illuminate\\Database\\Query\\Builder->find('Uz4nVExvW3anxFe...')
#21 /Applications/XAMPP/xamppfiles/htdocs/auth/vendor/laravel/framework/src/Illuminate/Session/Store.php(128): Illuminate\\Session\\DatabaseSessionHandler->read('Uz4nVExvW3anxFe...')
#22 /Applications/XAMPP/xamppfiles/htdocs/auth/vendor/laravel/framework/src/Illuminate/Session/Store.php(116): Illuminate\\Session\\Store->readFromHandler()
#23 /Applications/XAMPP/xamppfiles/htdocs/auth/vendor/laravel/framework/src/Illuminate/Session/Store.php(100): Illuminate\\Session\\Store->loadSession()
#24 /Applications/XAMPP/xamppfiles/htdocs/auth/vendor/laravel/framework/src/Illuminate/Session/Middleware/StartSession.php(146): Illuminate\\Session\\Store->start()
#25 /Applications/XAMPP/xamppfiles/htdocs/auth/vendor/laravel/framework/src/Illuminate/Support/helpers.php(390): Illuminate\\Session\\Middleware\\StartSession->{closure:Illuminate\\Session\\Middleware\\StartSession::startSession():143}(Object(Illuminate\\Session\\Store))
#26 /Applications/XAMPP/xamppfiles/htdocs/auth/vendor/laravel/framework/src/Illuminate/Session/Middleware/StartSession.php(143): tap(Object(Illuminate\\Session\\Store), Object(Closure))
#27 /Applications/XAMPP/xamppfiles/htdocs/auth/vendor/laravel/framework/src/Illuminate/Session/Middleware/StartSession.php(115): Illuminate\\Session\\Middleware\\StartSession->startSession(Object(Illuminate\\Http\\Request), Object(Illuminate\\Session\\Store))
#28 /Applications/XAMPP/xamppfiles/htdocs/auth/vendor/laravel/framework/src/Illuminate/Session/Middleware/StartSession.php(63): Illuminate\\Session\\Middleware\\StartSession->handleStatefulRequest(Object(Illuminate\\Http\\Request), Object(Illuminate\\Session\\Store), Object(Closure))
#29 /Applications/XAMPP/xamppfiles/htdocs/auth/vendor/laravel/framework/src/Illuminate/Pipeline/Pipeline.php(219): Illuminate\\Session\\Middleware\\StartSession->handle(Object(Illuminate\\Http\\Request), Object(Closure))
#30 /Applications/XAMPP/xamppfiles/htdocs/auth/vendor/laravel/framework/src/Illuminate/Cookie/Middleware/AddQueuedCookiesToResponse.php(36): Illuminate\\Pipeline\\Pipeline->{closure:{closure:Illuminate\\Pipeline\\Pipeline::carry():194}:195}(Object(Illuminate\\Http\\Request))
#31 /Applications/XAMPP/xamppfiles/htdocs/auth/vendor/laravel/framework/src/Illuminate/Pipeline/Pipeline.php(219): Illuminate\\Cookie\\Middleware\\AddQueuedCookiesToResponse->handle(Object(Illuminate\\Http\\Request), Object(Closure))
#32 /Applications/XAMPP/xamppfiles/htdocs/auth/vendor/laravel/framework/src/Illuminate/Cookie/Middleware/EncryptCookies.php(74): Illuminate\\Pipeline\\Pipeline->{closure:{closure:Illuminate\\Pipeline\\Pipeline::carry():194}:195}(Object(Illuminate\\Http\\Request))
#33 /Applications/XAMPP/xamppfiles/htdocs/auth/vendor/laravel/framework/src/Illuminate/Pipeline/Pipeline.php(219): Illuminate\\Cookie\\Middleware\\EncryptCookies->handle(Object(Illuminate\\Http\\Request), Object(Closure))
#34 /Applications/XAMPP/xamppfiles/htdocs/auth/vendor/laravel/framework/src/Illuminate/Pipeline/Pipeline.php(137): Illuminate\\Pipeline\\Pipeline->{closure:{closure:Illuminate\\Pipeline\\Pipeline::carry():194}:195}(Object(Illuminate\\Http\\Request))
#35 /Applications/XAMPP/xamppfiles/htdocs/auth/vendor/laravel/framework/src/Illuminate/Routing/Router.php(821): Illuminate\\Pipeline\\Pipeline->then(Object(Closure))
#36 /Applications/XAMPP/xamppfiles/htdocs/auth/vendor/laravel/framework/src/Illuminate/Routing/Router.php(800): Illuminate\\Routing\\Router->runRouteWithinStack(Object(Illuminate\\Routing\\Route), Object(Illuminate\\Http\\Request))
#37 /Applications/XAMPP/xamppfiles/htdocs/auth/vendor/laravel/framework/src/Illuminate/Routing/Router.php(764): Illuminate\\Routing\\Router->runRoute(Object(Illuminate\\Http\\Request), Object(Illuminate\\Routing\\Route))
#38 /Applications/XAMPP/xamppfiles/htdocs/auth/vendor/laravel/framework/src/Illuminate/Routing/Router.php(753): Illuminate\\Routing\\Router->dispatchToRoute(Object(Illuminate\\Http\\Request))
#39 /Applications/XAMPP/xamppfiles/htdocs/auth/vendor/laravel/framework/src/Illuminate/Foundation/Http/Kernel.php(200): Illuminate\\Routing\\Router->dispatch(Object(Illuminate\\Http\\Request))
#40 /Applications/XAMPP/xamppfiles/htdocs/auth/vendor/laravel/framework/src/Illuminate/Pipeline/Pipeline.php(180): Illuminate\\Foundation\\Http\\Kernel->{closure:Illuminate\\Foundation\\Http\\Kernel::dispatchToRouter():197}(Object(Illuminate\\Http\\Request))
#41 /Applications/XAMPP/xamppfiles/htdocs/auth/vendor/laravel/framework/src/Illuminate/Foundation/Http/Middleware/TransformsRequest.php(21): Illuminate\\Pipeline\\Pipeline->{closure:Illuminate\\Pipeline\\Pipeline::prepareDestination():178}(Object(Illuminate\\Http\\Request))
#42 /Applications/XAMPP/xamppfiles/htdocs/auth/vendor/laravel/framework/src/Illuminate/Foundation/Http/Middleware/ConvertEmptyStringsToNull.php(31): Illuminate\\Foundation\\Http\\Middleware\\TransformsRequest->handle(Object(Illuminate\\Http\\Request), Object(Closure))
#43 /Applications/XAMPP/xamppfiles/htdocs/auth/vendor/laravel/framework/src/Illuminate/Pipeline/Pipeline.php(219): Illuminate\\Foundation\\Http\\Middleware\\ConvertEmptyStringsToNull->handle(Object(Illuminate\\Http\\Request), Object(Closure))
#44 /Applications/XAMPP/xamppfiles/htdocs/auth/vendor/laravel/framework/src/Illuminate/Foundation/Http/Middleware/TransformsRequest.php(21): Illuminate\\Pipeline\\Pipeline->{closure:{closure:Illuminate\\Pipeline\\Pipeline::carry():194}:195}(Object(Illuminate\\Http\\Request))
#45 /Applications/XAMPP/xamppfiles/htdocs/auth/vendor/laravel/framework/src/Illuminate/Foundation/Http/Middleware/TrimStrings.php(51): Illuminate\\Foundation\\Http\\Middleware\\TransformsRequest->handle(Object(Illuminate\\Http\\Request), Object(Closure))
#46 /Applications/XAMPP/xamppfiles/htdocs/auth/vendor/laravel/framework/src/Illuminate/Pipeline/Pipeline.php(219): Illuminate\\Foundation\\Http\\Middleware\\TrimStrings->handle(Object(Illuminate\\Http\\Request), Object(Closure))
#47 /Applications/XAMPP/xamppfiles/htdocs/auth/vendor/laravel/framework/src/Illuminate/Http/Middleware/ValidatePostSize.php(27): Illuminate\\Pipeline\\Pipeline->{closure:{closure:Illuminate\\Pipeline\\Pipeline::carry():194}:195}(Object(Illuminate\\Http\\Request))
#48 /Applications/XAMPP/xamppfiles/htdocs/auth/vendor/laravel/framework/src/Illuminate/Pipeline/Pipeline.php(219): Illuminate\\Http\\Middleware\\ValidatePostSize->handle(Object(Illuminate\\Http\\Request), Object(Closure))
#49 /Applications/XAMPP/xamppfiles/htdocs/auth/vendor/laravel/framework/src/Illuminate/Foundation/Http/Middleware/PreventRequestsDuringMaintenance.php(109): Illuminate\\Pipeline\\Pipeline->{closure:{closure:Illuminate\\Pipeline\\Pipeline::carry():194}:195}(Object(Illuminate\\Http\\Request))
#50 /Applications/XAMPP/xamppfiles/htdocs/auth/vendor/laravel/framework/src/Illuminate/Pipeline/Pipeline.php(219): Illuminate\\Foundation\\Http\\Middleware\\PreventRequestsDuringMaintenance->handle(Object(Illuminate\\Http\\Request), Object(Closure))
#51 /Applications/XAMPP/xamppfiles/htdocs/auth/vendor/laravel/framework/src/Illuminate/Http/Middleware/HandleCors.php(61): Illuminate\\Pipeline\\Pipeline->{closure:{closure:Illuminate\\Pipeline\\Pipeline::carry():194}:195}(Object(Illuminate\\Http\\Request))
#52 /Applications/XAMPP/xamppfiles/htdocs/auth/vendor/laravel/framework/src/Illuminate/Pipeline/Pipeline.php(219): Illuminate\\Http\\Middleware\\HandleCors->handle(Object(Illuminate\\Http\\Request), Object(Closure))
#53 /Applications/XAMPP/xamppfiles/htdocs/auth/vendor/laravel/framework/src/Illuminate/Http/Middleware/TrustProxies.php(58): Illuminate\\Pipeline\\Pipeline->{closure:{closure:Illuminate\\Pipeline\\Pipeline::carry():194}:195}(Object(Illuminate\\Http\\Request))
#54 /Applications/XAMPP/xamppfiles/htdocs/auth/vendor/laravel/framework/src/Illuminate/Pipeline/Pipeline.php(219): Illuminate\\Http\\Middleware\\TrustProxies->handle(Object(Illuminate\\Http\\Request), Object(Closure))
#55 /Applications/XAMPP/xamppfiles/htdocs/auth/vendor/laravel/framework/src/Illuminate/Foundation/Http/Middleware/InvokeDeferredCallbacks.php(22): Illuminate\\Pipeline\\Pipeline->{closure:{closure:Illuminate\\Pipeline\\Pipeline::carry():194}:195}(Object(Illuminate\\Http\\Request))
#56 /Applications/XAMPP/xamppfiles/htdocs/auth/vendor/laravel/framework/src/Illuminate/Pipeline/Pipeline.php(219): Illuminate\\Foundation\\Http\\Middleware\\InvokeDeferredCallbacks->handle(Object(Illuminate\\Http\\Request), Object(Closure))
#57 /Applications/XAMPP/xamppfiles/htdocs/auth/vendor/laravel/framework/src/Illuminate/Http/Middleware/ValidatePathEncoding.php(26): Illuminate\\Pipeline\\Pipeline->{closure:{closure:Illuminate\\Pipeline\\Pipeline::carry():194}:195}(Object(Illuminate\\Http\\Request))
#58 /Applications/XAMPP/xamppfiles/htdocs/auth/vendor/laravel/framework/src/Illuminate/Pipeline/Pipeline.php(219): Illuminate\\Http\\Middleware\\ValidatePathEncoding->handle(Object(Illuminate\\Http\\Request), Object(Closure))
#59 /Applications/XAMPP/xamppfiles/htdocs/auth/vendor/laravel/framework/src/Illuminate/Pipeline/Pipeline.php(137): Illuminate\\Pipeline\\Pipeline->{closure:{closure:Illuminate\\Pipeline\\Pipeline::carry():194}:195}(Object(Illuminate\\Http\\Request))
#60 /Applications/XAMPP/xamppfiles/htdocs/auth/vendor/laravel/framework/src/Illuminate/Foundation/Http/Kernel.php(175): Illuminate\\Pipeline\\Pipeline->then(Object(Closure))
#61 /Applications/XAMPP/xamppfiles/htdocs/auth/vendor/laravel/framework/src/Illuminate/Foundation/Http/Kernel.php(144): Illuminate\\Foundation\\Http\\Kernel->sendRequestThroughRouter(Object(Illuminate\\Http\\Request))
#62 /Applications/XAMPP/xamppfiles/htdocs/auth/vendor/laravel/framework/src/Illuminate/Foundation/Application.php(1220): Illuminate\\Foundation\\Http\\Kernel->handle(Object(Illuminate\\Http\\Request))
#63 /Applications/XAMPP/xamppfiles/htdocs/auth/public/index.php(20): Illuminate\\Foundation\\Application->handleRequest(Object(Illuminate\\Http\\Request))
#64 /Applications/XAMPP/xamppfiles/htdocs/auth/vendor/laravel/framework/src/Illuminate/Foundation/resources/server.php(23): require_once('/Applications/X...')
#65 {main}
"} 
[2026-02-10 15:33:59] local.ERROR: SQLSTATE[23000]: Integrity constraint violation: 1062 Duplicate entry 'php' for key 'tags_name_unique' (Connection: mysql, Host: 127.0.0.1, Port: 3306, Database: odin, SQL: insert into `tags` (`name`, `user_id`, `updated_at`, `created_at`) values (php, 3, 2026-02-10 15:33:59, 2026-02-10 15:33:59)) {"userId":3,"exception":"[object] (Illuminate\\Database\\UniqueConstraintViolationException(code: 23000): SQLSTATE[23000]: Integrity constraint violation: 1062 Duplicate entry 'php' for key 'tags_name_unique' (Connection: mysql, Host: 127.0.0.1, Port: 3306, Database: odin, SQL: insert into `tags` (`name`, `user_id`, `updated_at`, `created_at`) values (php, 3, 2026-02-10 15:33:59, 2026-02-10 15:33:59)) at /Applications/XAMPP/xamppfiles/htdocs/auth/vendor/laravel/framework/src/Illuminate/Database/Connection.php:838)
[stacktrace]
#0 /Applications/XAMPP/xamppfiles/htdocs/auth/vendor/laravel/framework/src/Illuminate/Database/Connection.php(794): Illuminate\\Database\\Connection->runQueryCallback('insert into `ta...', Array, Object(Closure))
#1 /Applications/XAMPP/xamppfiles/htdocs/auth/vendor/laravel/framework/src/Illuminate/Database/MySqlConnection.php(42): Illuminate\\Database\\Connection->run('insert into `ta...', Array, Object(Closure))
#2 /Applications/XAMPP/xamppfiles/htdocs/auth/vendor/laravel/framework/src/Illuminate/Database/Query/Processors/MySqlProcessor.php(35): Illuminate\\Database\\MySqlConnection->insert('insert into `ta...', Array, 'id')
#3 /Applications/XAMPP/xamppfiles/htdocs/auth/vendor/laravel/framework/src/Illuminate/Database/Query/Builder.php(4054): Illuminate\\Database\\Query\\Processors\\MySqlProcessor->processInsertGetId(Object(Illuminate\\Database\\Query\\Builder), 'insert into `ta...', Array, 'id')
#4 /Applications/XAMPP/xamppfiles/htdocs/auth/vendor/laravel/framework/src/Illuminate/Database/Eloquent/Builder.php(2235): Illuminate\\Database\\Query\\Builder->insertGetId(Array, 'id')
#5 /Applications/XAMPP/xamppfiles/htdocs/auth/vendor/laravel/framework/src/Illuminate/Database/Eloquent/Model.php(1436): Illuminate\\Database\\Eloquent\\Builder->__call('insertGetId', Array)
#6 /Applications/XAMPP/xamppfiles/htdocs/auth/vendor/laravel/framework/src/Illuminate/Database/Eloquent/Model.php(1401): Illuminate\\Database\\Eloquent\\Model->insertAndSetId(Object(Illuminate\\Database\\Eloquent\\Builder), Array)
#7 /Applications/XAMPP/xamppfiles/htdocs/auth/vendor/laravel/framework/src/Illuminate/Database/Eloquent/Model.php(1240): Illuminate\\Database\\Eloquent\\Model->performInsert(Object(Illuminate\\Database\\Eloquent\\Builder))
#8 /Applications/XAMPP/xamppfiles/htdocs/auth/vendor/laravel/framework/src/Illuminate/Database/Eloquent/Builder.php(1219): Illuminate\\Database\\Eloquent\\Model->save()
#9 /Applications/XAMPP/xamppfiles/htdocs/auth/vendor/laravel/framework/src/Illuminate/Support/helpers.php(390): Illuminate\\Database\\Eloquent\\Builder->{closure:Illuminate\\Database\\Eloquent\\Builder::create():1218}(Object(App\\Models\\Tag))
#10 /Applications/XAMPP/xamppfiles/htdocs/auth/vendor/laravel/framework/src/Illuminate/Database/Eloquent/Builder.php(1218): tap(Object(App\\Models\\Tag), Object(Closure))
#11 /Applications/XAMPP/xamppfiles/htdocs/auth/vendor/laravel/framework/src/Illuminate/Database/Eloquent/Builder.php(725): Illuminate\\Database\\Eloquent\\Builder->create(Array)
#12 /Applications/XAMPP/xamppfiles/htdocs/auth/vendor/laravel/framework/src/Illuminate/Database/Eloquent/Builder.php(1959): Illuminate\\Database\\Eloquent\\Builder->{closure:Illuminate\\Database\\Eloquent\\Builder::createOrFirst():725}()
#13 /Applications/XAMPP/xamppfiles/htdocs/auth/vendor/laravel/framework/src/Illuminate/Database/Eloquent/Builder.php(725): Illuminate\\Database\\Eloquent\\Builder->withSavepointIfNeeded(Object(Closure))
#14 /Applications/XAMPP/xamppfiles/htdocs/auth/vendor/laravel/framework/src/Illuminate/Database/Eloquent/Builder.php(712): Illuminate\\Database\\Eloquent\\Builder->createOrFirst(Array, Array)
#15 /Applications/XAMPP/xamppfiles/htdocs/auth/vendor/laravel/framework/src/Illuminate/Support/Traits/ForwardsCalls.php(23): Illuminate\\Database\\Eloquent\\Builder->firstOrCreate(Array)
#16 /Applications/XAMPP/xamppfiles/htdocs/auth/vendor/laravel/framework/src/Illuminate/Database/Eloquent/Model.php(2540): Illuminate\\Database\\Eloquent\\Model->forwardCallTo(Object(Illuminate\\Database\\Eloquent\\Builder), 'firstOrCreate', Array)
#17 /Applications/XAMPP/xamppfiles/htdocs/auth/vendor/laravel/framework/src/Illuminate/Database/Eloquent/Model.php(2556): Illuminate\\Database\\Eloquent\\Model->__call('firstOrCreate', Array)
#18 /Applications/XAMPP/xamppfiles/htdocs/auth/app/Http/Controllers/LinkController.php(70): Illuminate\\Database\\Eloquent\\Model::__callStatic('firstOrCreate', Array)
#19 /Applications/XAMPP/xamppfiles/htdocs/auth/vendor/laravel/framework/src/Illuminate/Routing/ControllerDispatcher.php(46): App\\Http\\Controllers\\LinkController->update(Object(Illuminate\\Http\\Request), Object(App\\Models\\Link))
#20 /Applications/XAMPP/xamppfiles/htdocs/auth/vendor/laravel/framework/src/Illuminate/Routing/Route.php(265): Illuminate\\Routing\\ControllerDispatcher->dispatch(Object(Illuminate\\Routing\\Route), Object(App\\Http\\Controllers\\LinkController), 'update')
#21 /Applications/XAMPP/xamppfiles/htdocs/auth/vendor/laravel/framework/src/Illuminate/Routing/Route.php(211): Illuminate\\Routing\\Route->runController()
#22 /Applications/XAMPP/xamppfiles/htdocs/auth/vendor/laravel/framework/src/Illuminate/Routing/Router.php(822): Illuminate\\Routing\\Route->run()
#23 /Applications/XAMPP/xamppfiles/htdocs/auth/vendor/laravel/framework/src/Illuminate/Pipeline/Pipeline.php(180): Illuminate\\Routing\\Router->{closure:Illuminate\\Routing\\Router::runRouteWithinStack():821}(Object(Illuminate\\Http\\Request))
#24 /Applications/XAMPP/xamppfiles/htdocs/auth/vendor/laravel/framework/src/Illuminate/Routing/Middleware/SubstituteBindings.php(50): Illuminate\\Pipeline\\Pipeline->{closure:Illuminate\\Pipeline\\Pipeline::prepareDestination():178}(Object(Illuminate\\Http\\Request))
#25 /Applications/XAMPP/xamppfiles/htdocs/auth/vendor/laravel/framework/src/Illuminate/Pipeline/Pipeline.php(219): Illuminate\\Routing\\Middleware\\SubstituteBindings->handle(Object(Illuminate\\Http\\Request), Object(Closure))
#26 /Applications/XAMPP/xamppfiles/htdocs/auth/vendor/laravel/framework/src/Illuminate/Auth/Middleware/Authenticate.php(63): Illuminate\\Pipeline\\Pipeline->{closure:{closure:Illuminate\\Pipeline\\Pipeline::carry():194}:195}(Object(Illuminate\\Http\\Request))
#27 /Applications/XAMPP/xamppfiles/htdocs/auth/vendor/laravel/framework/src/Illuminate/Pipeline/Pipeline.php(219): Illuminate\\Auth\\Middleware\\Authenticate->handle(Object(Illuminate\\Http\\Request), Object(Closure))
#28 /Applications/XAMPP/xamppfiles/htdocs/auth/vendor/laravel/framework/src/Illuminate/Foundation/Http/Middleware/VerifyCsrfToken.php(87): Illuminate\\Pipeline\\Pipeline->{closure:{closure:Illuminate\\Pipeline\\Pipeline::carry():194}:195}(Object(Illuminate\\Http\\Request))
#29 /Applications/XAMPP/xamppfiles/htdocs/auth/vendor/laravel/framework/src/Illuminate/Pipeline/Pipeline.php(219): Illuminate\\Foundation\\Http\\Middleware\\VerifyCsrfToken->handle(Object(Illuminate\\Http\\Request), Object(Closure))
#30 /Applications/XAMPP/xamppfiles/htdocs/auth/vendor/laravel/framework/src/Illuminate/View/Middleware/ShareErrorsFromSession.php(48): Illuminate\\Pipeline\\Pipeline->{closure:{closure:Illuminate\\Pipeline\\Pipeline::carry():194}:195}(Object(Illuminate\\Http\\Request))
#31 /Applications/XAMPP/xamppfiles/htdocs/auth/vendor/laravel/framework/src/Illuminate/Pipeline/Pipeline.php(219): Illuminate\\View\\Middleware\\ShareErrorsFromSession->handle(Object(Illuminate\\Http\\Request), Object(Closure))
#32 /Applications/XAMPP/xamppfiles/htdocs/auth/vendor/laravel/framework/src/Illuminate/Session/Middleware/StartSession.php(120): Illuminate\\Pipeline\\Pipeline->{closure:{closure:Illuminate\\Pipeline\\Pipeline::carry():194}:195}(Object(Illuminate\\Http\\Request))
#33 /Applications/XAMPP/xamppfiles/htdocs/auth/vendor/laravel/framework/src/Illuminate/Session/Middleware/StartSession.php(63): Illuminate\\Session\\Middleware\\StartSession->handleStatefulRequest(Object(Illuminate\\Http\\Request), Object(Illuminate\\Session\\Store), Object(Closure))
#34 /Applications/XAMPP/xamppfiles/htdocs/auth/vendor/laravel/framework/src/Illuminate/Pipeline/Pipeline.php(219): Illuminate\\Session\\Middleware\\StartSession->handle(Object(Illuminate\\Http\\Request), Object(Closure))
#35 /Applications/XAMPP/xamppfiles/htdocs/auth/vendor/laravel/framework/src/Illuminate/Cookie/Middleware/AddQueuedCookiesToResponse.php(36): Illuminate\\Pipeline\\Pipeline->{closure:{closure:Illuminate\\Pipeline\\Pipeline::carry():194}:195}(Object(Illuminate\\Http\\Request))
#36 /Applications/XAMPP/xamppfiles/htdocs/auth/vendor/laravel/framework/src/Illuminate/Pipeline/Pipeline.php(219): Illuminate\\Cookie\\Middleware\\AddQueuedCookiesToResponse->handle(Object(Illuminate\\Http\\Request), Object(Closure))
#37 /Applications/XAMPP/xamppfiles/htdocs/auth/vendor/laravel/framework/src/Illuminate/Cookie/Middleware/EncryptCookies.php(74): Illuminate\\Pipeline\\Pipeline->{closure:{closure:Illuminate\\Pipeline\\Pipeline::carry():194}:195}(Object(Illuminate\\Http\\Request))
#38 /Applications/XAMPP/xamppfiles/htdocs/auth/vendor/laravel/framework/src/Illuminate/Pipeline/Pipeline.php(219): Illuminate\\Cookie\\Middleware\\EncryptCookies->handle(Object(Illuminate\\Http\\Request), Object(Closure))
#39 /Applications/XAMPP/xamppfiles/htdocs/auth/vendor/laravel/framework/src/Illuminate/Pipeline/Pipeline.php(137): Illuminate\\Pipeline\\Pipeline->{closure:{closure:Illuminate\\Pipeline\\Pipeline::carry():194}:195}(Object(Illuminate\\Http\\Request))
#40 /Applications/XAMPP/xamppfiles/htdocs/auth/vendor/laravel/framework/src/Illuminate/Routing/Router.php(821): Illuminate\\Pipeline\\Pipeline->then(Object(Closure))
#41 /Applications/XAMPP/xamppfiles/htdocs/auth/vendor/laravel/framework/src/Illuminate/Routing/Router.php(800): Illuminate\\Routing\\Router->runRouteWithinStack(Object(Illuminate\\Routing\\Route), Object(Illuminate\\Http\\Request))
#42 /Applications/XAMPP/xamppfiles/htdocs/auth/vendor/laravel/framework/src/Illuminate/Routing/Router.php(764): Illuminate\\Routing\\Router->runRoute(Object(Illuminate\\Http\\Request), Object(Illuminate\\Routing\\Route))
#43 /Applications/XAMPP/xamppfiles/htdocs/auth/vendor/laravel/framework/src/Illuminate/Routing/Router.php(753): Illuminate\\Routing\\Router->dispatchToRoute(Object(Illuminate\\Http\\Request))
#44 /Applications/XAMPP/xamppfiles/htdocs/auth/vendor/laravel/framework/src/Illuminate/Foundation/Http/Kernel.php(200): Illuminate\\Routing\\Router->dispatch(Object(Illuminate\\Http\\Request))
#45 /Applications/XAMPP/xamppfiles/htdocs/auth/vendor/laravel/framework/src/Illuminate/Pipeline/Pipeline.php(180): Illuminate\\Foundation\\Http\\Kernel->{closure:Illuminate\\Foundation\\Http\\Kernel::dispatchToRouter():197}(Object(Illuminate\\Http\\Request))
#46 /Applications/XAMPP/xamppfiles/htdocs/auth/vendor/laravel/framework/src/Illuminate/Foundation/Http/Middleware/TransformsRequest.php(21): Illuminate\\Pipeline\\Pipeline->{closure:Illuminate\\Pipeline\\Pipeline::prepareDestination():178}(Object(Illuminate\\Http\\Request))
#47 /Applications/XAMPP/xamppfiles/htdocs/auth/vendor/laravel/framework/src/Illuminate/Foundation/Http/Middleware/ConvertEmptyStringsToNull.php(31): Illuminate\\Foundation\\Http\\Middleware\\TransformsRequest->handle(Object(Illuminate\\Http\\Request), Object(Closure))
#48 /Applications/XAMPP/xamppfiles/htdocs/auth/vendor/laravel/framework/src/Illuminate/Pipeline/Pipeline.php(219): Illuminate\\Foundation\\Http\\Middleware\\ConvertEmptyStringsToNull->handle(Object(Illuminate\\Http\\Request), Object(Closure))
#49 /Applications/XAMPP/xamppfiles/htdocs/auth/vendor/laravel/framework/src/Illuminate/Foundation/Http/Middleware/TransformsRequest.php(21): Illuminate\\Pipeline\\Pipeline->{closure:{closure:Illuminate\\Pipeline\\Pipeline::carry():194}:195}(Object(Illuminate\\Http\\Request))
#50 /Applications/XAMPP/xamppfiles/htdocs/auth/vendor/laravel/framework/src/Illuminate/Foundation/Http/Middleware/TrimStrings.php(51): Illuminate\\Foundation\\Http\\Middleware\\TransformsRequest->handle(Object(Illuminate\\Http\\Request), Object(Closure))
#51 /Applications/XAMPP/xamppfiles/htdocs/auth/vendor/laravel/framework/src/Illuminate/Pipeline/Pipeline.php(219): Illuminate\\Foundation\\Http\\Middleware\\TrimStrings->handle(Object(Illuminate\\Http\\Request), Object(Closure))
#52 /Applications/XAMPP/xamppfiles/htdocs/auth/vendor/laravel/framework/src/Illuminate/Http/Middleware/ValidatePostSize.php(27): Illuminate\\Pipeline\\Pipeline->{closure:{closure:Illuminate\\Pipeline\\Pipeline::carry():194}:195}(Object(Illuminate\\Http\\Request))
#53 /Applications/XAMPP/xamppfiles/htdocs/auth/vendor/laravel/framework/src/Illuminate/Pipeline/Pipeline.php(219): Illuminate\\Http\\Middleware\\ValidatePostSize->handle(Object(Illuminate\\Http\\Request), Object(Closure))
#54 /Applications/XAMPP/xamppfiles/htdocs/auth/vendor/laravel/framework/src/Illuminate/Foundation/Http/Middleware/PreventRequestsDuringMaintenance.php(109): Illuminate\\Pipeline\\Pipeline->{closure:{closure:Illuminate\\Pipeline\\Pipeline::carry():194}:195}(Object(Illuminate\\Http\\Request))
#55 /Applications/XAMPP/xamppfiles/htdocs/auth/vendor/laravel/framework/src/Illuminate/Pipeline/Pipeline.php(219): Illuminate\\Foundation\\Http\\Middleware\\PreventRequestsDuringMaintenance->handle(Object(Illuminate\\Http\\Request), Object(Closure))
#56 /Applications/XAMPP/xamppfiles/htdocs/auth/vendor/laravel/framework/src/Illuminate/Http/Middleware/HandleCors.php(61): Illuminate\\Pipeline\\Pipeline->{closure:{closure:Illuminate\\Pipeline\\Pipeline::carry():194}:195}(Object(Illuminate\\Http\\Request))
#57 /Applications/XAMPP/xamppfiles/htdocs/auth/vendor/laravel/framework/src/Illuminate/Pipeline/Pipeline.php(219): Illuminate\\Http\\Middleware\\HandleCors->handle(Object(Illuminate\\Http\\Request), Object(Closure))
#58 /Applications/XAMPP/xamppfiles/htdocs/auth/vendor/laravel/framework/src/Illuminate/Http/Middleware/TrustProxies.php(58): Illuminate\\Pipeline\\Pipeline->{closure:{closure:Illuminate\\Pipeline\\Pipeline::carry():194}:195}(Object(Illuminate\\Http\\Request))
#59 /Applications/XAMPP/xamppfiles/htdocs/auth/vendor/laravel/framework/src/Illuminate/Pipeline/Pipeline.php(219): Illuminate\\Http\\Middleware\\TrustProxies->handle(Object(Illuminate\\Http\\Request), Object(Closure))
#60 /Applications/XAMPP/xamppfiles/htdocs/auth/vendor/laravel/framework/src/Illuminate/Foundation/Http/Middleware/InvokeDeferredCallbacks.php(22): Illuminate\\Pipeline\\Pipeline->{closure:{closure:Illuminate\\Pipeline\\Pipeline::carry():194}:195}(Object(Illuminate\\Http\\Request))
#61 /Applications/XAMPP/xamppfiles/htdocs/auth/vendor/laravel/framework/src/Illuminate/Pipeline/Pipeline.php(219): Illuminate\\Foundation\\Http\\Middleware\\InvokeDeferredCallbacks->handle(Object(Illuminate\\Http\\Request), Object(Closure))
#62 /Applications/XAMPP/xamppfiles/htdocs/auth/vendor/laravel/framework/src/Illuminate/Http/Middleware/ValidatePathEncoding.php(26): Illuminate\\Pipeline\\Pipeline->{closure:{closure:Illuminate\\Pipeline\\Pipeline::carry():194}:195}(Object(Illuminate\\Http\\Request))
#63 /Applications/XAMPP/xamppfiles/htdocs/auth/vendor/laravel/framework/src/Illuminate/Pipeline/Pipeline.php(219): Illuminate\\Http\\Middleware\\ValidatePathEncoding->handle(Object(Illuminate\\Http\\Request), Object(Closure))
#64 /Applications/XAMPP/xamppfiles/htdocs/auth/vendor/laravel/framework/src/Illuminate/Pipeline/Pipeline.php(137): Illuminate\\Pipeline\\Pipeline->{closure:{closure:Illuminate\\Pipeline\\Pipeline::carry():194}:195}(Object(Illuminate\\Http\\Request))
#65 /Applications/XAMPP/xamppfiles/htdocs/auth/vendor/laravel/framework/src/Illuminate/Foundation/Http/Kernel.php(175): Illuminate\\Pipeline\\Pipeline->then(Object(Closure))
#66 /Applications/XAMPP/xamppfiles/htdocs/auth/vendor/laravel/framework/src/Illuminate/Foundation/Http/Kernel.php(144): Illuminate\\Foundation\\Http\\Kernel->sendRequestThroughRouter(Object(Illuminate\\Http\\Request))
#67 /Applications/XAMPP/xamppfiles/htdocs/auth/vendor/laravel/framework/src/Illuminate/Foundation/Application.php(1220): Illuminate\\Foundation\\Http\\Kernel->handle(Object(Illuminate\\Http\\Request))
#68 /Applications/XAMPP/xamppfiles/htdocs/auth/public/index.php(20): Illuminate\\Foundation\\Application->handleRequest(Object(Illuminate\\Http\\Request))
#69 /Applications/XAMPP/xamppfiles/htdocs/auth/vendor/laravel/framework/src/Illuminate/Foundation/resources/server.php(23): require_once('/Applications/X...')
#70 {main}

[previous exception] [object] (PDOException(code: 23000): SQLSTATE[23000]: Integrity constraint violation: 1062 Duplicate entry 'php' for key 'tags_name_unique' at /Applications/XAMPP/xamppfiles/htdocs/auth/vendor/laravel/framework/src/Illuminate/Database/MySqlConnection.php:53)
[stacktrace]
#0 /Applications/XAMPP/xamppfiles/htdocs/auth/vendor/laravel/framework/src/Illuminate/Database/MySqlConnection.php(53): PDOStatement->execute()
#1 /Applications/XAMPP/xamppfiles/htdocs/auth/vendor/laravel/framework/src/Illuminate/Database/Connection.php(827): Illuminate\\Database\\MySqlConnection->{closure:Illuminate\\Database\\MySqlConnection::insert():42}('insert into `ta...', Array)
#2 /Applications/XAMPP/xamppfiles/htdocs/auth/vendor/laravel/framework/src/Illuminate/Database/Connection.php(794): Illuminate\\Database\\Connection->runQueryCallback('insert into `ta...', Array, Object(Closure))
#3 /Applications/XAMPP/xamppfiles/htdocs/auth/vendor/laravel/framework/src/Illuminate/Database/MySqlConnection.php(42): Illuminate\\Database\\Connection->run('insert into `ta...', Array, Object(Closure))
#4 /Applications/XAMPP/xamppfiles/htdocs/auth/vendor/laravel/framework/src/Illuminate/Database/Query/Processors/MySqlProcessor.php(35): Illuminate\\Database\\MySqlConnection->insert('insert into `ta...', Array, 'id')
#5 /Applications/XAMPP/xamppfiles/htdocs/auth/vendor/laravel/framework/src/Illuminate/Database/Query/Builder.php(4054): Illuminate\\Database\\Query\\Processors\\MySqlProcessor->processInsertGetId(Object(Illuminate\\Database\\Query\\Builder), 'insert into `ta...', Array, 'id')
#6 /Applications/XAMPP/xamppfiles/htdocs/auth/vendor/laravel/framework/src/Illuminate/Database/Eloquent/Builder.php(2235): Illuminate\\Database\\Query\\Builder->insertGetId(Array, 'id')
#7 /Applications/XAMPP/xamppfiles/htdocs/auth/vendor/laravel/framework/src/Illuminate/Database/Eloquent/Model.php(1436): Illuminate\\Database\\Eloquent\\Builder->__call('insertGetId', Array)
#8 /Applications/XAMPP/xamppfiles/htdocs/auth/vendor/laravel/framework/src/Illuminate/Database/Eloquent/Model.php(1401): Illuminate\\Database\\Eloquent\\Model->insertAndSetId(Object(Illuminate\\Database\\Eloquent\\Builder), Array)
#9 /Applications/XAMPP/xamppfiles/htdocs/auth/vendor/laravel/framework/src/Illuminate/Database/Eloquent/Model.php(1240): Illuminate\\Database\\Eloquent\\Model->performInsert(Object(Illuminate\\Database\\Eloquent\\Builder))
#10 /Applications/XAMPP/xamppfiles/htdocs/auth/vendor/laravel/framework/src/Illuminate/Database/Eloquent/Builder.php(1219): Illuminate\\Database\\Eloquent\\Model->save()
#11 /Applications/XAMPP/xamppfiles/htdocs/auth/vendor/laravel/framework/src/Illuminate/Support/helpers.php(390): Illuminate\\Database\\Eloquent\\Builder->{closure:Illuminate\\Database\\Eloquent\\Builder::create():1218}(Object(App\\Models\\Tag))
#12 /Applications/XAMPP/xamppfiles/htdocs/auth/vendor/laravel/framework/src/Illuminate/Database/Eloquent/Builder.php(1218): tap(Object(App\\Models\\Tag), Object(Closure))
#13 /Applications/XAMPP/xamppfiles/htdocs/auth/vendor/laravel/framework/src/Illuminate/Database/Eloquent/Builder.php(725): Illuminate\\Database\\Eloquent\\Builder->create(Array)
#14 /Applications/XAMPP/xamppfiles/htdocs/auth/vendor/laravel/framework/src/Illuminate/Database/Eloquent/Builder.php(1959): Illuminate\\Database\\Eloquent\\Builder->{closure:Illuminate\\Database\\Eloquent\\Builder::createOrFirst():725}()
#15 /Applications/XAMPP/xamppfiles/htdocs/auth/vendor/laravel/framework/src/Illuminate/Database/Eloquent/Builder.php(725): Illuminate\\Database\\Eloquent\\Builder->withSavepointIfNeeded(Object(Closure))
#16 /Applications/XAMPP/xamppfiles/htdocs/auth/vendor/laravel/framework/src/Illuminate/Database/Eloquent/Builder.php(712): Illuminate\\Database\\Eloquent\\Builder->createOrFirst(Array, Array)
#17 /Applications/XAMPP/xamppfiles/htdocs/auth/vendor/laravel/framework/src/Illuminate/Support/Traits/ForwardsCalls.php(23): Illuminate\\Database\\Eloquent\\Builder->firstOrCreate(Array)
#18 /Applications/XAMPP/xamppfiles/htdocs/auth/vendor/laravel/framework/src/Illuminate/Database/Eloquent/Model.php(2540): Illuminate\\Database\\Eloquent\\Model->forwardCallTo(Object(Illuminate\\Database\\Eloquent\\Builder), 'firstOrCreate', Array)
#19 /Applications/XAMPP/xamppfiles/htdocs/auth/vendor/laravel/framework/src/Illuminate/Database/Eloquent/Model.php(2556): Illuminate\\Database\\Eloquent\\Model->__call('firstOrCreate', Array)
#20 /Applications/XAMPP/xamppfiles/htdocs/auth/app/Http/Controllers/LinkController.php(70): Illuminate\\Database\\Eloquent\\Model::__callStatic('firstOrCreate', Array)
#21 /Applications/XAMPP/xamppfiles/htdocs/auth/vendor/laravel/framework/src/Illuminate/Routing/ControllerDispatcher.php(46): App\\Http\\Controllers\\LinkController->update(Object(Illuminate\\Http\\Request), Object(App\\Models\\Link))
#22 /Applications/XAMPP/xamppfiles/htdocs/auth/vendor/laravel/framework/src/Illuminate/Routing/Route.php(265): Illuminate\\Routing\\ControllerDispatcher->dispatch(Object(Illuminate\\Routing\\Route), Object(App\\Http\\Controllers\\LinkController), 'update')
#23 /Applications/XAMPP/xamppfiles/htdocs/auth/vendor/laravel/framework/src/Illuminate/Routing/Route.php(211): Illuminate\\Routing\\Route->runController()
#24 /Applications/XAMPP/xamppfiles/htdocs/auth/vendor/laravel/framework/src/Illuminate/Routing/Router.php(822): Illuminate\\Routing\\Route->run()
#25 /Applications/XAMPP/xamppfiles/htdocs/auth/vendor/laravel/framework/src/Illuminate/Pipeline/Pipeline.php(180): Illuminate\\Routing\\Router->{closure:Illuminate\\Routing\\Router::runRouteWithinStack():821}(Object(Illuminate\\Http\\Request))
#26 /Applications/XAMPP/xamppfiles/htdocs/auth/vendor/laravel/framework/src/Illuminate/Routing/Middleware/SubstituteBindings.php(50): Illuminate\\Pipeline\\Pipeline->{closure:Illuminate\\Pipeline\\Pipeline::prepareDestination():178}(Object(Illuminate\\Http\\Request))
#27 /Applications/XAMPP/xamppfiles/htdocs/auth/vendor/laravel/framework/src/Illuminate/Pipeline/Pipeline.php(219): Illuminate\\Routing\\Middleware\\SubstituteBindings->handle(Object(Illuminate\\Http\\Request), Object(Closure))
#28 /Applications/XAMPP/xamppfiles/htdocs/auth/vendor/laravel/framework/src/Illuminate/Auth/Middleware/Authenticate.php(63): Illuminate\\Pipeline\\Pipeline->{closure:{closure:Illuminate\\Pipeline\\Pipeline::carry():194}:195}(Object(Illuminate\\Http\\Request))
#29 /Applications/XAMPP/xamppfiles/htdocs/auth/vendor/laravel/framework/src/Illuminate/Pipeline/Pipeline.php(219): Illuminate\\Auth\\Middleware\\Authenticate->handle(Object(Illuminate\\Http\\Request), Object(Closure))
#30 /Applications/XAMPP/xamppfiles/htdocs/auth/vendor/laravel/framework/src/Illuminate/Foundation/Http/Middleware/VerifyCsrfToken.php(87): Illuminate\\Pipeline\\Pipeline->{closure:{closure:Illuminate\\Pipeline\\Pipeline::carry():194}:195}(Object(Illuminate\\Http\\Request))
#31 /Applications/XAMPP/xamppfiles/htdocs/auth/vendor/laravel/framework/src/Illuminate/Pipeline/Pipeline.php(219): Illuminate\\Foundation\\Http\\Middleware\\VerifyCsrfToken->handle(Object(Illuminate\\Http\\Request), Object(Closure))
#32 /Applications/XAMPP/xamppfiles/htdocs/auth/vendor/laravel/framework/src/Illuminate/View/Middleware/ShareErrorsFromSession.php(48): Illuminate\\Pipeline\\Pipeline->{closure:{closure:Illuminate\\Pipeline\\Pipeline::carry():194}:195}(Object(Illuminate\\Http\\Request))
#33 /Applications/XAMPP/xamppfiles/htdocs/auth/vendor/laravel/framework/src/Illuminate/Pipeline/Pipeline.php(219): Illuminate\\View\\Middleware\\ShareErrorsFromSession->handle(Object(Illuminate\\Http\\Request), Object(Closure))
#34 /Applications/XAMPP/xamppfiles/htdocs/auth/vendor/laravel/framework/src/Illuminate/Session/Middleware/StartSession.php(120): Illuminate\\Pipeline\\Pipeline->{closure:{closure:Illuminate\\Pipeline\\Pipeline::carry():194}:195}(Object(Illuminate\\Http\\Request))
#35 /Applications/XAMPP/xamppfiles/htdocs/auth/vendor/laravel/framework/src/Illuminate/Session/Middleware/StartSession.php(63): Illuminate\\Session\\Middleware\\StartSession->handleStatefulRequest(Object(Illuminate\\Http\\Request), Object(Illuminate\\Session\\Store), Object(Closure))
#36 /Applications/XAMPP/xamppfiles/htdocs/auth/vendor/laravel/framework/src/Illuminate/Pipeline/Pipeline.php(219): Illuminate\\Session\\Middleware\\StartSession->handle(Object(Illuminate\\Http\\Request), Object(Closure))
#37 /Applications/XAMPP/xamppfiles/htdocs/auth/vendor/laravel/framework/src/Illuminate/Cookie/Middleware/AddQueuedCookiesToResponse.php(36): Illuminate\\Pipeline\\Pipeline->{closure:{closure:Illuminate\\Pipeline\\Pipeline::carry():194}:195}(Object(Illuminate\\Http\\Request))
#38 /Applications/XAMPP/xamppfiles/htdocs/auth/vendor/laravel/framework/src/Illuminate/Pipeline/Pipeline.php(219): Illuminate\\Cookie\\Middleware\\AddQueuedCookiesToResponse->handle(Object(Illuminate\\Http\\Request), Object(Closure))
#39 /Applications/XAMPP/xamppfiles/htdocs/auth/vendor/laravel/framework/src/Illuminate/Cookie/Middleware/EncryptCookies.php(74): Illuminate\\Pipeline\\Pipeline->{closure:{closure:Illuminate\\Pipeline\\Pipeline::carry():194}:195}(Object(Illuminate\\Http\\Request))
#40 /Applications/XAMPP/xamppfiles/htdocs/auth/vendor/laravel/framework/src/Illuminate/Pipeline/Pipeline.php(219): Illuminate\\Cookie\\Middleware\\EncryptCookies->handle(Object(Illuminate\\Http\\Request), Object(Closure))
#41 /Applications/XAMPP/xamppfiles/htdocs/auth/vendor/laravel/framework/src/Illuminate/Pipeline/Pipeline.php(137): Illuminate\\Pipeline\\Pipeline->{closure:{closure:Illuminate\\Pipeline\\Pipeline::carry():194}:195}(Object(Illuminate\\Http\\Request))
#42 /Applications/XAMPP/xamppfiles/htdocs/auth/vendor/laravel/framework/src/Illuminate/Routing/Router.php(821): Illuminate\\Pipeline\\Pipeline->then(Object(Closure))
#43 /Applications/XAMPP/xamppfiles/htdocs/auth/vendor/laravel/framework/src/Illuminate/Routing/Router.php(800): Illuminate\\Routing\\Router->runRouteWithinStack(Object(Illuminate\\Routing\\Route), Object(Illuminate\\Http\\Request))
#44 /Applications/XAMPP/xamppfiles/htdocs/auth/vendor/laravel/framework/src/Illuminate/Routing/Router.php(764): Illuminate\\Routing\\Router->runRoute(Object(Illuminate\\Http\\Request), Object(Illuminate\\Routing\\Route))
#45 /Applications/XAMPP/xamppfiles/htdocs/auth/vendor/laravel/framework/src/Illuminate/Routing/Router.php(753): Illuminate\\Routing\\Router->dispatchToRoute(Object(Illuminate\\Http\\Request))
#46 /Applications/XAMPP/xamppfiles/htdocs/auth/vendor/laravel/framework/src/Illuminate/Foundation/Http/Kernel.php(200): Illuminate\\Routing\\Router->dispatch(Object(Illuminate\\Http\\Request))
#47 /Applications/XAMPP/xamppfiles/htdocs/auth/vendor/laravel/framework/src/Illuminate/Pipeline/Pipeline.php(180): Illuminate\\Foundation\\Http\\Kernel->{closure:Illuminate\\Foundation\\Http\\Kernel::dispatchToRouter():197}(Object(Illuminate\\Http\\Request))
#48 /Applications/XAMPP/xamppfiles/htdocs/auth/vendor/laravel/framework/src/Illuminate/Foundation/Http/Middleware/TransformsRequest.php(21): Illuminate\\Pipeline\\Pipeline->{closure:Illuminate\\Pipeline\\Pipeline::prepareDestination():178}(Object(Illuminate\\Http\\Request))
#49 /Applications/XAMPP/xamppfiles/htdocs/auth/vendor/laravel/framework/src/Illuminate/Foundation/Http/Middleware/ConvertEmptyStringsToNull.php(31): Illuminate\\Foundation\\Http\\Middleware\\TransformsRequest->handle(Object(Illuminate\\Http\\Request), Object(Closure))
#50 /Applications/XAMPP/xamppfiles/htdocs/auth/vendor/laravel/framework/src/Illuminate/Pipeline/Pipeline.php(219): Illuminate\\Foundation\\Http\\Middleware\\ConvertEmptyStringsToNull->handle(Object(Illuminate\\Http\\Request), Object(Closure))
#51 /Applications/XAMPP/xamppfiles/htdocs/auth/vendor/laravel/framework/src/Illuminate/Foundation/Http/Middleware/TransformsRequest.php(21): Illuminate\\Pipeline\\Pipeline->{closure:{closure:Illuminate\\Pipeline\\Pipeline::carry():194}:195}(Object(Illuminate\\Http\\Request))
#52 /Applications/XAMPP/xamppfiles/htdocs/auth/vendor/laravel/framework/src/Illuminate/Foundation/Http/Middleware/TrimStrings.php(51): Illuminate\\Foundation\\Http\\Middleware\\TransformsRequest->handle(Object(Illuminate\\Http\\Request), Object(Closure))
#53 /Applications/XAMPP/xamppfiles/htdocs/auth/vendor/laravel/framework/src/Illuminate/Pipeline/Pipeline.php(219): Illuminate\\Foundation\\Http\\Middleware\\TrimStrings->handle(Object(Illuminate\\Http\\Request), Object(Closure))
#54 /Applications/XAMPP/xamppfiles/htdocs/auth/vendor/laravel/framework/src/Illuminate/Http/Middleware/ValidatePostSize.php(27): Illuminate\\Pipeline\\Pipeline->{closure:{closure:Illuminate\\Pipeline\\Pipeline::carry():194}:195}(Object(Illuminate\\Http\\Request))
#55 /Applications/XAMPP/xamppfiles/htdocs/auth/vendor/laravel/framework/src/Illuminate/Pipeline/Pipeline.php(219): Illuminate\\Http\\Middleware\\ValidatePostSize->handle(Object(Illuminate\\Http\\Request), Object(Closure))
#56 /Applications/XAMPP/xamppfiles/htdocs/auth/vendor/laravel/framework/src/Illuminate/Foundation/Http/Middleware/PreventRequestsDuringMaintenance.php(109): Illuminate\\Pipeline\\Pipeline->{closure:{closure:Illuminate\\Pipeline\\Pipeline::carry():194}:195}(Object(Illuminate\\Http\\Request))
#57 /Applications/XAMPP/xamppfiles/htdocs/auth/vendor/laravel/framework/src/Illuminate/Pipeline/Pipeline.php(219): Illuminate\\Foundation\\Http\\Middleware\\PreventRequestsDuringMaintenance->handle(Object(Illuminate\\Http\\Request), Object(Closure))
#58 /Applications/XAMPP/xamppfiles/htdocs/auth/vendor/laravel/framework/src/Illuminate/Http/Middleware/HandleCors.php(61): Illuminate\\Pipeline\\Pipeline->{closure:{closure:Illuminate\\Pipeline\\Pipeline::carry():194}:195}(Object(Illuminate\\Http\\Request))
#59 /Applications/XAMPP/xamppfiles/htdocs/auth/vendor/laravel/framework/src/Illuminate/Pipeline/Pipeline.php(219): Illuminate\\Http\\Middleware\\HandleCors->handle(Object(Illuminate\\Http\\Request), Object(Closure))
#60 /Applications/XAMPP/xamppfiles/htdocs/auth/vendor/laravel/framework/src/Illuminate/Http/Middleware/TrustProxies.php(58): Illuminate\\Pipeline\\Pipeline->{closure:{closure:Illuminate\\Pipeline\\Pipeline::carry():194}:195}(Object(Illuminate\\Http\\Request))
#61 /Applications/XAMPP/xamppfiles/htdocs/auth/vendor/laravel/framework/src/Illuminate/Pipeline/Pipeline.php(219): Illuminate\\Http\\Middleware\\TrustProxies->handle(Object(Illuminate\\Http\\Request), Object(Closure))
#62 /Applications/XAMPP/xamppfiles/htdocs/auth/vendor/laravel/framework/src/Illuminate/Foundation/Http/Middleware/InvokeDeferredCallbacks.php(22): Illuminate\\Pipeline\\Pipeline->{closure:{closure:Illuminate\\Pipeline\\Pipeline::carry():194}:195}(Object(Illuminate\\Http\\Request))
#63 /Applications/XAMPP/xamppfiles/htdocs/auth/vendor/laravel/framework/src/Illuminate/Pipeline/Pipeline.php(219): Illuminate\\Foundation\\Http\\Middleware\\InvokeDeferredCallbacks->handle(Object(Illuminate\\Http\\Request), Object(Closure))
#64 /Applications/XAMPP/xamppfiles/htdocs/auth/vendor/laravel/framework/src/Illuminate/Http/Middleware/ValidatePathEncoding.php(26): Illuminate\\Pipeline\\Pipeline->{closure:{closure:Illuminate\\Pipeline\\Pipeline::carry():194}:195}(Object(Illuminate\\Http\\Request))
#65 /Applications/XAMPP/xamppfiles/htdocs/auth/vendor/laravel/framework/src/Illuminate/Pipeline/Pipeline.php(219): Illuminate\\Http\\Middleware\\ValidatePathEncoding->handle(Object(Illuminate\\Http\\Request), Object(Closure))
#66 /Applications/XAMPP/xamppfiles/htdocs/auth/vendor/laravel/framework/src/Illuminate/Pipeline/Pipeline.php(137): Illuminate\\Pipeline\\Pipeline->{closure:{closure:Illuminate\\Pipeline\\Pipeline::carry():194}:195}(Object(Illuminate\\Http\\Request))
#67 /Applications/XAMPP/xamppfiles/htdocs/auth/vendor/laravel/framework/src/Illuminate/Foundation/Http/Kernel.php(175): Illuminate\\Pipeline\\Pipeline->then(Object(Closure))
#68 /Applications/XAMPP/xamppfiles/htdocs/auth/vendor/laravel/framework/src/Illuminate/Foundation/Http/Kernel.php(144): Illuminate\\Foundation\\Http\\Kernel->sendRequestThroughRouter(Object(Illuminate\\Http\\Request))
#69 /Applications/XAMPP/xamppfiles/htdocs/auth/vendor/laravel/framework/src/Illuminate/Foundation/Application.php(1220): Illuminate\\Foundation\\Http\\Kernel->handle(Object(Illuminate\\Http\\Request))
#70 /Applications/XAMPP/xamppfiles/htdocs/auth/public/index.php(20): Illuminate\\Foundation\\Application->handleRequest(Object(Illuminate\\Http\\Request))
#71 /Applications/XAMPP/xamppfiles/htdocs/auth/vendor/laravel/framework/src/Illuminate/Foundation/resources/server.php(23): require_once('/Applications/X...')
#72 {main}
"} 
[2026-02-10 15:34:25] local.ERROR: SQLSTATE[23000]: Integrity constraint violation: 1062 Duplicate entry 'php' for key 'tags_name_unique' (Connection: mysql, Host: 127.0.0.1, Port: 3306, Database: odin, SQL: insert into `tags` (`name`, `user_id`, `updated_at`, `created_at`) values (php, 3, 2026-02-10 15:34:25, 2026-02-10 15:34:25)) {"userId":3,"exception":"[object] (Illuminate\\Database\\UniqueConstraintViolationException(code: 23000): SQLSTATE[23000]: Integrity constraint violation: 1062 Duplicate entry 'php' for key 'tags_name_unique' (Connection: mysql, Host: 127.0.0.1, Port: 3306, Database: odin, SQL: insert into `tags` (`name`, `user_id`, `updated_at`, `created_at`) values (php, 3, 2026-02-10 15:34:25, 2026-02-10 15:34:25)) at /Applications/XAMPP/xamppfiles/htdocs/auth/vendor/laravel/framework/src/Illuminate/Database/Connection.php:838)
[stacktrace]
#0 /Applications/XAMPP/xamppfiles/htdocs/auth/vendor/laravel/framework/src/Illuminate/Database/Connection.php(794): Illuminate\\Database\\Connection->runQueryCallback('insert into `ta...', Array, Object(Closure))
#1 /Applications/XAMPP/xamppfiles/htdocs/auth/vendor/laravel/framework/src/Illuminate/Database/MySqlConnection.php(42): Illuminate\\Database\\Connection->run('insert into `ta...', Array, Object(Closure))
#2 /Applications/XAMPP/xamppfiles/htdocs/auth/vendor/laravel/framework/src/Illuminate/Database/Query/Processors/MySqlProcessor.php(35): Illuminate\\Database\\MySqlConnection->insert('insert into `ta...', Array, 'id')
#3 /Applications/XAMPP/xamppfiles/htdocs/auth/vendor/laravel/framework/src/Illuminate/Database/Query/Builder.php(4054): Illuminate\\Database\\Query\\Processors\\MySqlProcessor->processInsertGetId(Object(Illuminate\\Database\\Query\\Builder), 'insert into `ta...', Array, 'id')
#4 /Applications/XAMPP/xamppfiles/htdocs/auth/vendor/laravel/framework/src/Illuminate/Database/Eloquent/Builder.php(2235): Illuminate\\Database\\Query\\Builder->insertGetId(Array, 'id')
#5 /Applications/XAMPP/xamppfiles/htdocs/auth/vendor/laravel/framework/src/Illuminate/Database/Eloquent/Model.php(1436): Illuminate\\Database\\Eloquent\\Builder->__call('insertGetId', Array)
#6 /Applications/XAMPP/xamppfiles/htdocs/auth/vendor/laravel/framework/src/Illuminate/Database/Eloquent/Model.php(1401): Illuminate\\Database\\Eloquent\\Model->insertAndSetId(Object(Illuminate\\Database\\Eloquent\\Builder), Array)
#7 /Applications/XAMPP/xamppfiles/htdocs/auth/vendor/laravel/framework/src/Illuminate/Database/Eloquent/Model.php(1240): Illuminate\\Database\\Eloquent\\Model->performInsert(Object(Illuminate\\Database\\Eloquent\\Builder))
#8 /Applications/XAMPP/xamppfiles/htdocs/auth/vendor/laravel/framework/src/Illuminate/Database/Eloquent/Builder.php(1219): Illuminate\\Database\\Eloquent\\Model->save()
#9 /Applications/XAMPP/xamppfiles/htdocs/auth/vendor/laravel/framework/src/Illuminate/Support/helpers.php(390): Illuminate\\Database\\Eloquent\\Builder->{closure:Illuminate\\Database\\Eloquent\\Builder::create():1218}(Object(App\\Models\\Tag))
#10 /Applications/XAMPP/xamppfiles/htdocs/auth/vendor/laravel/framework/src/Illuminate/Database/Eloquent/Builder.php(1218): tap(Object(App\\Models\\Tag), Object(Closure))
#11 /Applications/XAMPP/xamppfiles/htdocs/auth/vendor/laravel/framework/src/Illuminate/Database/Eloquent/Builder.php(725): Illuminate\\Database\\Eloquent\\Builder->create(Array)
#12 /Applications/XAMPP/xamppfiles/htdocs/auth/vendor/laravel/framework/src/Illuminate/Database/Eloquent/Builder.php(1959): Illuminate\\Database\\Eloquent\\Builder->{closure:Illuminate\\Database\\Eloquent\\Builder::createOrFirst():725}()
#13 /Applications/XAMPP/xamppfiles/htdocs/auth/vendor/laravel/framework/src/Illuminate/Database/Eloquent/Builder.php(725): Illuminate\\Database\\Eloquent\\Builder->withSavepointIfNeeded(Object(Closure))
#14 /Applications/XAMPP/xamppfiles/htdocs/auth/vendor/laravel/framework/src/Illuminate/Database/Eloquent/Builder.php(712): Illuminate\\Database\\Eloquent\\Builder->createOrFirst(Array, Array)
#15 /Applications/XAMPP/xamppfiles/htdocs/auth/vendor/laravel/framework/src/Illuminate/Support/Traits/ForwardsCalls.php(23): Illuminate\\Database\\Eloquent\\Builder->firstOrCreate(Array)
#16 /Applications/XAMPP/xamppfiles/htdocs/auth/vendor/laravel/framework/src/Illuminate/Database/Eloquent/Model.php(2540): Illuminate\\Database\\Eloquent\\Model->forwardCallTo(Object(Illuminate\\Database\\Eloquent\\Builder), 'firstOrCreate', Array)
#17 /Applications/XAMPP/xamppfiles/htdocs/auth/vendor/laravel/framework/src/Illuminate/Database/Eloquent/Model.php(2556): Illuminate\\Database\\Eloquent\\Model->__call('firstOrCreate', Array)
#18 /Applications/XAMPP/xamppfiles/htdocs/auth/app/Http/Controllers/LinkController.php(70): Illuminate\\Database\\Eloquent\\Model::__callStatic('firstOrCreate', Array)
#19 /Applications/XAMPP/xamppfiles/htdocs/auth/vendor/laravel/framework/src/Illuminate/Routing/ControllerDispatcher.php(46): App\\Http\\Controllers\\LinkController->update(Object(Illuminate\\Http\\Request), Object(App\\Models\\Link))
#20 /Applications/XAMPP/xamppfiles/htdocs/auth/vendor/laravel/framework/src/Illuminate/Routing/Route.php(265): Illuminate\\Routing\\ControllerDispatcher->dispatch(Object(Illuminate\\Routing\\Route), Object(App\\Http\\Controllers\\LinkController), 'update')
#21 /Applications/XAMPP/xamppfiles/htdocs/auth/vendor/laravel/framework/src/Illuminate/Routing/Route.php(211): Illuminate\\Routing\\Route->runController()
#22 /Applications/XAMPP/xamppfiles/htdocs/auth/vendor/laravel/framework/src/Illuminate/Routing/Router.php(822): Illuminate\\Routing\\Route->run()
#23 /Applications/XAMPP/xamppfiles/htdocs/auth/vendor/laravel/framework/src/Illuminate/Pipeline/Pipeline.php(180): Illuminate\\Routing\\Router->{closure:Illuminate\\Routing\\Router::runRouteWithinStack():821}(Object(Illuminate\\Http\\Request))
#24 /Applications/XAMPP/xamppfiles/htdocs/auth/vendor/laravel/framework/src/Illuminate/Routing/Middleware/SubstituteBindings.php(50): Illuminate\\Pipeline\\Pipeline->{closure:Illuminate\\Pipeline\\Pipeline::prepareDestination():178}(Object(Illuminate\\Http\\Request))
#25 /Applications/XAMPP/xamppfiles/htdocs/auth/vendor/laravel/framework/src/Illuminate/Pipeline/Pipeline.php(219): Illuminate\\Routing\\Middleware\\SubstituteBindings->handle(Object(Illuminate\\Http\\Request), Object(Closure))
#26 /Applications/XAMPP/xamppfiles/htdocs/auth/vendor/laravel/framework/src/Illuminate/Auth/Middleware/Authenticate.php(63): Illuminate\\Pipeline\\Pipeline->{closure:{closure:Illuminate\\Pipeline\\Pipeline::carry():194}:195}(Object(Illuminate\\Http\\Request))
#27 /Applications/XAMPP/xamppfiles/htdocs/auth/vendor/laravel/framework/src/Illuminate/Pipeline/Pipeline.php(219): Illuminate\\Auth\\Middleware\\Authenticate->handle(Object(Illuminate\\Http\\Request), Object(Closure))
#28 /Applications/XAMPP/xamppfiles/htdocs/auth/vendor/laravel/framework/src/Illuminate/Foundation/Http/Middleware/VerifyCsrfToken.php(87): Illuminate\\Pipeline\\Pipeline->{closure:{closure:Illuminate\\Pipeline\\Pipeline::carry():194}:195}(Object(Illuminate\\Http\\Request))
#29 /Applications/XAMPP/xamppfiles/htdocs/auth/vendor/laravel/framework/src/Illuminate/Pipeline/Pipeline.php(219): Illuminate\\Foundation\\Http\\Middleware\\VerifyCsrfToken->handle(Object(Illuminate\\Http\\Request), Object(Closure))
#30 /Applications/XAMPP/xamppfiles/htdocs/auth/vendor/laravel/framework/src/Illuminate/View/Middleware/ShareErrorsFromSession.php(48): Illuminate\\Pipeline\\Pipeline->{closure:{closure:Illuminate\\Pipeline\\Pipeline::carry():194}:195}(Object(Illuminate\\Http\\Request))
#31 /Applications/XAMPP/xamppfiles/htdocs/auth/vendor/laravel/framework/src/Illuminate/Pipeline/Pipeline.php(219): Illuminate\\View\\Middleware\\ShareErrorsFromSession->handle(Object(Illuminate\\Http\\Request), Object(Closure))
#32 /Applications/XAMPP/xamppfiles/htdocs/auth/vendor/laravel/framework/src/Illuminate/Session/Middleware/StartSession.php(120): Illuminate\\Pipeline\\Pipeline->{closure:{closure:Illuminate\\Pipeline\\Pipeline::carry():194}:195}(Object(Illuminate\\Http\\Request))
#33 /Applications/XAMPP/xamppfiles/htdocs/auth/vendor/laravel/framework/src/Illuminate/Session/Middleware/StartSession.php(63): Illuminate\\Session\\Middleware\\StartSession->handleStatefulRequest(Object(Illuminate\\Http\\Request), Object(Illuminate\\Session\\Store), Object(Closure))
#34 /Applications/XAMPP/xamppfiles/htdocs/auth/vendor/laravel/framework/src/Illuminate/Pipeline/Pipeline.php(219): Illuminate\\Session\\Middleware\\StartSession->handle(Object(Illuminate\\Http\\Request), Object(Closure))
#35 /Applications/XAMPP/xamppfiles/htdocs/auth/vendor/laravel/framework/src/Illuminate/Cookie/Middleware/AddQueuedCookiesToResponse.php(36): Illuminate\\Pipeline\\Pipeline->{closure:{closure:Illuminate\\Pipeline\\Pipeline::carry():194}:195}(Object(Illuminate\\Http\\Request))
#36 /Applications/XAMPP/xamppfiles/htdocs/auth/vendor/laravel/framework/src/Illuminate/Pipeline/Pipeline.php(219): Illuminate\\Cookie\\Middleware\\AddQueuedCookiesToResponse->handle(Object(Illuminate\\Http\\Request), Object(Closure))
#37 /Applications/XAMPP/xamppfiles/htdocs/auth/vendor/laravel/framework/src/Illuminate/Cookie/Middleware/EncryptCookies.php(74): Illuminate\\Pipeline\\Pipeline->{closure:{closure:Illuminate\\Pipeline\\Pipeline::carry():194}:195}(Object(Illuminate\\Http\\Request))
#38 /Applications/XAMPP/xamppfiles/htdocs/auth/vendor/laravel/framework/src/Illuminate/Pipeline/Pipeline.php(219): Illuminate\\Cookie\\Middleware\\EncryptCookies->handle(Object(Illuminate\\Http\\Request), Object(Closure))
#39 /Applications/XAMPP/xamppfiles/htdocs/auth/vendor/laravel/framework/src/Illuminate/Pipeline/Pipeline.php(137): Illuminate\\Pipeline\\Pipeline->{closure:{closure:Illuminate\\Pipeline\\Pipeline::carry():194}:195}(Object(Illuminate\\Http\\Request))
#40 /Applications/XAMPP/xamppfiles/htdocs/auth/vendor/laravel/framework/src/Illuminate/Routing/Router.php(821): Illuminate\\Pipeline\\Pipeline->then(Object(Closure))
#41 /Applications/XAMPP/xamppfiles/htdocs/auth/vendor/laravel/framework/src/Illuminate/Routing/Router.php(800): Illuminate\\Routing\\Router->runRouteWithinStack(Object(Illuminate\\Routing\\Route), Object(Illuminate\\Http\\Request))
#42 /Applications/XAMPP/xamppfiles/htdocs/auth/vendor/laravel/framework/src/Illuminate/Routing/Router.php(764): Illuminate\\Routing\\Router->runRoute(Object(Illuminate\\Http\\Request), Object(Illuminate\\Routing\\Route))
#43 /Applications/XAMPP/xamppfiles/htdocs/auth/vendor/laravel/framework/src/Illuminate/Routing/Router.php(753): Illuminate\\Routing\\Router->dispatchToRoute(Object(Illuminate\\Http\\Request))
#44 /Applications/XAMPP/xamppfiles/htdocs/auth/vendor/laravel/framework/src/Illuminate/Foundation/Http/Kernel.php(200): Illuminate\\Routing\\Router->dispatch(Object(Illuminate\\Http\\Request))
#45 /Applications/XAMPP/xamppfiles/htdocs/auth/vendor/laravel/framework/src/Illuminate/Pipeline/Pipeline.php(180): Illuminate\\Foundation\\Http\\Kernel->{closure:Illuminate\\Foundation\\Http\\Kernel::dispatchToRouter():197}(Object(Illuminate\\Http\\Request))
#46 /Applications/XAMPP/xamppfiles/htdocs/auth/vendor/laravel/framework/src/Illuminate/Foundation/Http/Middleware/TransformsRequest.php(21): Illuminate\\Pipeline\\Pipeline->{closure:Illuminate\\Pipeline\\Pipeline::prepareDestination():178}(Object(Illuminate\\Http\\Request))
#47 /Applications/XAMPP/xamppfiles/htdocs/auth/vendor/laravel/framework/src/Illuminate/Foundation/Http/Middleware/ConvertEmptyStringsToNull.php(31): Illuminate\\Foundation\\Http\\Middleware\\TransformsRequest->handle(Object(Illuminate\\Http\\Request), Object(Closure))
#48 /Applications/XAMPP/xamppfiles/htdocs/auth/vendor/laravel/framework/src/Illuminate/Pipeline/Pipeline.php(219): Illuminate\\Foundation\\Http\\Middleware\\ConvertEmptyStringsToNull->handle(Object(Illuminate\\Http\\Request), Object(Closure))
#49 /Applications/XAMPP/xamppfiles/htdocs/auth/vendor/laravel/framework/src/Illuminate/Foundation/Http/Middleware/TransformsRequest.php(21): Illuminate\\Pipeline\\Pipeline->{closure:{closure:Illuminate\\Pipeline\\Pipeline::carry():194}:195}(Object(Illuminate\\Http\\Request))
#50 /Applications/XAMPP/xamppfiles/htdocs/auth/vendor/laravel/framework/src/Illuminate/Foundation/Http/Middleware/TrimStrings.php(51): Illuminate\\Foundation\\Http\\Middleware\\TransformsRequest->handle(Object(Illuminate\\Http\\Request), Object(Closure))
#51 /Applications/XAMPP/xamppfiles/htdocs/auth/vendor/laravel/framework/src/Illuminate/Pipeline/Pipeline.php(219): Illuminate\\Foundation\\Http\\Middleware\\TrimStrings->handle(Object(Illuminate\\Http\\Request), Object(Closure))
#52 /Applications/XAMPP/xamppfiles/htdocs/auth/vendor/laravel/framework/src/Illuminate/Http/Middleware/ValidatePostSize.php(27): Illuminate\\Pipeline\\Pipeline->{closure:{closure:Illuminate\\Pipeline\\Pipeline::carry():194}:195}(Object(Illuminate\\Http\\Request))
#53 /Applications/XAMPP/xamppfiles/htdocs/auth/vendor/laravel/framework/src/Illuminate/Pipeline/Pipeline.php(219): Illuminate\\Http\\Middleware\\ValidatePostSize->handle(Object(Illuminate\\Http\\Request), Object(Closure))
#54 /Applications/XAMPP/xamppfiles/htdocs/auth/vendor/laravel/framework/src/Illuminate/Foundation/Http/Middleware/PreventRequestsDuringMaintenance.php(109): Illuminate\\Pipeline\\Pipeline->{closure:{closure:Illuminate\\Pipeline\\Pipeline::carry():194}:195}(Object(Illuminate\\Http\\Request))
#55 /Applications/XAMPP/xamppfiles/htdocs/auth/vendor/laravel/framework/src/Illuminate/Pipeline/Pipeline.php(219): Illuminate\\Foundation\\Http\\Middleware\\PreventRequestsDuringMaintenance->handle(Object(Illuminate\\Http\\Request), Object(Closure))
#56 /Applications/XAMPP/xamppfiles/htdocs/auth/vendor/laravel/framework/src/Illuminate/Http/Middleware/HandleCors.php(61): Illuminate\\Pipeline\\Pipeline->{closure:{closure:Illuminate\\Pipeline\\Pipeline::carry():194}:195}(Object(Illuminate\\Http\\Request))
#57 /Applications/XAMPP/xamppfiles/htdocs/auth/vendor/laravel/framework/src/Illuminate/Pipeline/Pipeline.php(219): Illuminate\\Http\\Middleware\\HandleCors->handle(Object(Illuminate\\Http\\Request), Object(Closure))
#58 /Applications/XAMPP/xamppfiles/htdocs/auth/vendor/laravel/framework/src/Illuminate/Http/Middleware/TrustProxies.php(58): Illuminate\\Pipeline\\Pipeline->{closure:{closure:Illuminate\\Pipeline\\Pipeline::carry():194}:195}(Object(Illuminate\\Http\\Request))
#59 /Applications/XAMPP/xamppfiles/htdocs/auth/vendor/laravel/framework/src/Illuminate/Pipeline/Pipeline.php(219): Illuminate\\Http\\Middleware\\TrustProxies->handle(Object(Illuminate\\Http\\Request), Object(Closure))
#60 /Applications/XAMPP/xamppfiles/htdocs/auth/vendor/laravel/framework/src/Illuminate/Foundation/Http/Middleware/InvokeDeferredCallbacks.php(22): Illuminate\\Pipeline\\Pipeline->{closure:{closure:Illuminate\\Pipeline\\Pipeline::carry():194}:195}(Object(Illuminate\\Http\\Request))
#61 /Applications/XAMPP/xamppfiles/htdocs/auth/vendor/laravel/framework/src/Illuminate/Pipeline/Pipeline.php(219): Illuminate\\Foundation\\Http\\Middleware\\InvokeDeferredCallbacks->handle(Object(Illuminate\\Http\\Request), Object(Closure))
#62 /Applications/XAMPP/xamppfiles/htdocs/auth/vendor/laravel/framework/src/Illuminate/Http/Middleware/ValidatePathEncoding.php(26): Illuminate\\Pipeline\\Pipeline->{closure:{closure:Illuminate\\Pipeline\\Pipeline::carry():194}:195}(Object(Illuminate\\Http\\Request))
#63 /Applications/XAMPP/xamppfiles/htdocs/auth/vendor/laravel/framework/src/Illuminate/Pipeline/Pipeline.php(219): Illuminate\\Http\\Middleware\\ValidatePathEncoding->handle(Object(Illuminate\\Http\\Request), Object(Closure))
#64 /Applications/XAMPP/xamppfiles/htdocs/auth/vendor/laravel/framework/src/Illuminate/Pipeline/Pipeline.php(137): Illuminate\\Pipeline\\Pipeline->{closure:{closure:Illuminate\\Pipeline\\Pipeline::carry():194}:195}(Object(Illuminate\\Http\\Request))
#65 /Applications/XAMPP/xamppfiles/htdocs/auth/vendor/laravel/framework/src/Illuminate/Foundation/Http/Kernel.php(175): Illuminate\\Pipeline\\Pipeline->then(Object(Closure))
#66 /Applications/XAMPP/xamppfiles/htdocs/auth/vendor/laravel/framework/src/Illuminate/Foundation/Http/Kernel.php(144): Illuminate\\Foundation\\Http\\Kernel->sendRequestThroughRouter(Object(Illuminate\\Http\\Request))
#67 /Applications/XAMPP/xamppfiles/htdocs/auth/vendor/laravel/framework/src/Illuminate/Foundation/Application.php(1220): Illuminate\\Foundation\\Http\\Kernel->handle(Object(Illuminate\\Http\\Request))
#68 /Applications/XAMPP/xamppfiles/htdocs/auth/public/index.php(20): Illuminate\\Foundation\\Application->handleRequest(Object(Illuminate\\Http\\Request))
#69 /Applications/XAMPP/xamppfiles/htdocs/auth/vendor/laravel/framework/src/Illuminate/Foundation/resources/server.php(23): require_once('/Applications/X...')
#70 {main}

[previous exception] [object] (PDOException(code: 23000): SQLSTATE[23000]: Integrity constraint violation: 1062 Duplicate entry 'php' for key 'tags_name_unique' at /Applications/XAMPP/xamppfiles/htdocs/auth/vendor/laravel/framework/src/Illuminate/Database/MySqlConnection.php:53)
[stacktrace]
#0 /Applications/XAMPP/xamppfiles/htdocs/auth/vendor/laravel/framework/src/Illuminate/Database/MySqlConnection.php(53): PDOStatement->execute()
#1 /Applications/XAMPP/xamppfiles/htdocs/auth/vendor/laravel/framework/src/Illuminate/Database/Connection.php(827): Illuminate\\Database\\MySqlConnection->{closure:Illuminate\\Database\\MySqlConnection::insert():42}('insert into `ta...', Array)
#2 /Applications/XAMPP/xamppfiles/htdocs/auth/vendor/laravel/framework/src/Illuminate/Database/Connection.php(794): Illuminate\\Database\\Connection->runQueryCallback('insert into `ta...', Array, Object(Closure))
#3 /Applications/XAMPP/xamppfiles/htdocs/auth/vendor/laravel/framework/src/Illuminate/Database/MySqlConnection.php(42): Illuminate\\Database\\Connection->run('insert into `ta...', Array, Object(Closure))
#4 /Applications/XAMPP/xamppfiles/htdocs/auth/vendor/laravel/framework/src/Illuminate/Database/Query/Processors/MySqlProcessor.php(35): Illuminate\\Database\\MySqlConnection->insert('insert into `ta...', Array, 'id')
#5 /Applications/XAMPP/xamppfiles/htdocs/auth/vendor/laravel/framework/src/Illuminate/Database/Query/Builder.php(4054): Illuminate\\Database\\Query\\Processors\\MySqlProcessor->processInsertGetId(Object(Illuminate\\Database\\Query\\Builder), 'insert into `ta...', Array, 'id')
#6 /Applications/XAMPP/xamppfiles/htdocs/auth/vendor/laravel/framework/src/Illuminate/Database/Eloquent/Builder.php(2235): Illuminate\\Database\\Query\\Builder->insertGetId(Array, 'id')
#7 /Applications/XAMPP/xamppfiles/htdocs/auth/vendor/laravel/framework/src/Illuminate/Database/Eloquent/Model.php(1436): Illuminate\\Database\\Eloquent\\Builder->__call('insertGetId', Array)
#8 /Applications/XAMPP/xamppfiles/htdocs/auth/vendor/laravel/framework/src/Illuminate/Database/Eloquent/Model.php(1401): Illuminate\\Database\\Eloquent\\Model->insertAndSetId(Object(Illuminate\\Database\\Eloquent\\Builder), Array)
#9 /Applications/XAMPP/xamppfiles/htdocs/auth/vendor/laravel/framework/src/Illuminate/Database/Eloquent/Model.php(1240): Illuminate\\Database\\Eloquent\\Model->performInsert(Object(Illuminate\\Database\\Eloquent\\Builder))
#10 /Applications/XAMPP/xamppfiles/htdocs/auth/vendor/laravel/framework/src/Illuminate/Database/Eloquent/Builder.php(1219): Illuminate\\Database\\Eloquent\\Model->save()
#11 /Applications/XAMPP/xamppfiles/htdocs/auth/vendor/laravel/framework/src/Illuminate/Support/helpers.php(390): Illuminate\\Database\\Eloquent\\Builder->{closure:Illuminate\\Database\\Eloquent\\Builder::create():1218}(Object(App\\Models\\Tag))
#12 /Applications/XAMPP/xamppfiles/htdocs/auth/vendor/laravel/framework/src/Illuminate/Database/Eloquent/Builder.php(1218): tap(Object(App\\Models\\Tag), Object(Closure))
#13 /Applications/XAMPP/xamppfiles/htdocs/auth/vendor/laravel/framework/src/Illuminate/Database/Eloquent/Builder.php(725): Illuminate\\Database\\Eloquent\\Builder->create(Array)
#14 /Applications/XAMPP/xamppfiles/htdocs/auth/vendor/laravel/framework/src/Illuminate/Database/Eloquent/Builder.php(1959): Illuminate\\Database\\Eloquent\\Builder->{closure:Illuminate\\Database\\Eloquent\\Builder::createOrFirst():725}()
#15 /Applications/XAMPP/xamppfiles/htdocs/auth/vendor/laravel/framework/src/Illuminate/Database/Eloquent/Builder.php(725): Illuminate\\Database\\Eloquent\\Builder->withSavepointIfNeeded(Object(Closure))
#16 /Applications/XAMPP/xamppfiles/htdocs/auth/vendor/laravel/framework/src/Illuminate/Database/Eloquent/Builder.php(712): Illuminate\\Database\\Eloquent\\Builder->createOrFirst(Array, Array)
#17 /Applications/XAMPP/xamppfiles/htdocs/auth/vendor/laravel/framework/src/Illuminate/Support/Traits/ForwardsCalls.php(23): Illuminate\\Database\\Eloquent\\Builder->firstOrCreate(Array)
#18 /Applications/XAMPP/xamppfiles/htdocs/auth/vendor/laravel/framework/src/Illuminate/Database/Eloquent/Model.php(2540): Illuminate\\Database\\Eloquent\\Model->forwardCallTo(Object(Illuminate\\Database\\Eloquent\\Builder), 'firstOrCreate', Array)
#19 /Applications/XAMPP/xamppfiles/htdocs/auth/vendor/laravel/framework/src/Illuminate/Database/Eloquent/Model.php(2556): Illuminate\\Database\\Eloquent\\Model->__call('firstOrCreate', Array)
#20 /Applications/XAMPP/xamppfiles/htdocs/auth/app/Http/Controllers/LinkController.php(70): Illuminate\\Database\\Eloquent\\Model::__callStatic('firstOrCreate', Array)
#21 /Applications/XAMPP/xamppfiles/htdocs/auth/vendor/laravel/framework/src/Illuminate/Routing/ControllerDispatcher.php(46): App\\Http\\Controllers\\LinkController->update(Object(Illuminate\\Http\\Request), Object(App\\Models\\Link))
#22 /Applications/XAMPP/xamppfiles/htdocs/auth/vendor/laravel/framework/src/Illuminate/Routing/Route.php(265): Illuminate\\Routing\\ControllerDispatcher->dispatch(Object(Illuminate\\Routing\\Route), Object(App\\Http\\Controllers\\LinkController), 'update')
#23 /Applications/XAMPP/xamppfiles/htdocs/auth/vendor/laravel/framework/src/Illuminate/Routing/Route.php(211): Illuminate\\Routing\\Route->runController()
#24 /Applications/XAMPP/xamppfiles/htdocs/auth/vendor/laravel/framework/src/Illuminate/Routing/Router.php(822): Illuminate\\Routing\\Route->run()
#25 /Applications/XAMPP/xamppfiles/htdocs/auth/vendor/laravel/framework/src/Illuminate/Pipeline/Pipeline.php(180): Illuminate\\Routing\\Router->{closure:Illuminate\\Routing\\Router::runRouteWithinStack():821}(Object(Illuminate\\Http\\Request))
#26 /Applications/XAMPP/xamppfiles/htdocs/auth/vendor/laravel/framework/src/Illuminate/Routing/Middleware/SubstituteBindings.php(50): Illuminate\\Pipeline\\Pipeline->{closure:Illuminate\\Pipeline\\Pipeline::prepareDestination():178}(Object(Illuminate\\Http\\Request))
#27 /Applications/XAMPP/xamppfiles/htdocs/auth/vendor/laravel/framework/src/Illuminate/Pipeline/Pipeline.php(219): Illuminate\\Routing\\Middleware\\SubstituteBindings->handle(Object(Illuminate\\Http\\Request), Object(Closure))
#28 /Applications/XAMPP/xamppfiles/htdocs/auth/vendor/laravel/framework/src/Illuminate/Auth/Middleware/Authenticate.php(63): Illuminate\\Pipeline\\Pipeline->{closure:{closure:Illuminate\\Pipeline\\Pipeline::carry():194}:195}(Object(Illuminate\\Http\\Request))
#29 /Applications/XAMPP/xamppfiles/htdocs/auth/vendor/laravel/framework/src/Illuminate/Pipeline/Pipeline.php(219): Illuminate\\Auth\\Middleware\\Authenticate->handle(Object(Illuminate\\Http\\Request), Object(Closure))
#30 /Applications/XAMPP/xamppfiles/htdocs/auth/vendor/laravel/framework/src/Illuminate/Foundation/Http/Middleware/VerifyCsrfToken.php(87): Illuminate\\Pipeline\\Pipeline->{closure:{closure:Illuminate\\Pipeline\\Pipeline::carry():194}:195}(Object(Illuminate\\Http\\Request))
#31 /Applications/XAMPP/xamppfiles/htdocs/auth/vendor/laravel/framework/src/Illuminate/Pipeline/Pipeline.php(219): Illuminate\\Foundation\\Http\\Middleware\\VerifyCsrfToken->handle(Object(Illuminate\\Http\\Request), Object(Closure))
#32 /Applications/XAMPP/xamppfiles/htdocs/auth/vendor/laravel/framework/src/Illuminate/View/Middleware/ShareErrorsFromSession.php(48): Illuminate\\Pipeline\\Pipeline->{closure:{closure:Illuminate\\Pipeline\\Pipeline::carry():194}:195}(Object(Illuminate\\Http\\Request))
#33 /Applications/XAMPP/xamppfiles/htdocs/auth/vendor/laravel/framework/src/Illuminate/Pipeline/Pipeline.php(219): Illuminate\\View\\Middleware\\ShareErrorsFromSession->handle(Object(Illuminate\\Http\\Request), Object(Closure))
#34 /Applications/XAMPP/xamppfiles/htdocs/auth/vendor/laravel/framework/src/Illuminate/Session/Middleware/StartSession.php(120): Illuminate\\Pipeline\\Pipeline->{closure:{closure:Illuminate\\Pipeline\\Pipeline::carry():194}:195}(Object(Illuminate\\Http\\Request))
#35 /Applications/XAMPP/xamppfiles/htdocs/auth/vendor/laravel/framework/src/Illuminate/Session/Middleware/StartSession.php(63): Illuminate\\Session\\Middleware\\StartSession->handleStatefulRequest(Object(Illuminate\\Http\\Request), Object(Illuminate\\Session\\Store), Object(Closure))
#36 /Applications/XAMPP/xamppfiles/htdocs/auth/vendor/laravel/framework/src/Illuminate/Pipeline/Pipeline.php(219): Illuminate\\Session\\Middleware\\StartSession->handle(Object(Illuminate\\Http\\Request), Object(Closure))
#37 /Applications/XAMPP/xamppfiles/htdocs/auth/vendor/laravel/framework/src/Illuminate/Cookie/Middleware/AddQueuedCookiesToResponse.php(36): Illuminate\\Pipeline\\Pipeline->{closure:{closure:Illuminate\\Pipeline\\Pipeline::carry():194}:195}(Object(Illuminate\\Http\\Request))
#38 /Applications/XAMPP/xamppfiles/htdocs/auth/vendor/laravel/framework/src/Illuminate/Pipeline/Pipeline.php(219): Illuminate\\Cookie\\Middleware\\AddQueuedCookiesToResponse->handle(Object(Illuminate\\Http\\Request), Object(Closure))
#39 /Applications/XAMPP/xamppfiles/htdocs/auth/vendor/laravel/framework/src/Illuminate/Cookie/Middleware/EncryptCookies.php(74): Illuminate\\Pipeline\\Pipeline->{closure:{closure:Illuminate\\Pipeline\\Pipeline::carry():194}:195}(Object(Illuminate\\Http\\Request))
#40 /Applications/XAMPP/xamppfiles/htdocs/auth/vendor/laravel/framework/src/Illuminate/Pipeline/Pipeline.php(219): Illuminate\\Cookie\\Middleware\\EncryptCookies->handle(Object(Illuminate\\Http\\Request), Object(Closure))
#41 /Applications/XAMPP/xamppfiles/htdocs/auth/vendor/laravel/framework/src/Illuminate/Pipeline/Pipeline.php(137): Illuminate\\Pipeline\\Pipeline->{closure:{closure:Illuminate\\Pipeline\\Pipeline::carry():194}:195}(Object(Illuminate\\Http\\Request))
#42 /Applications/XAMPP/xamppfiles/htdocs/auth/vendor/laravel/framework/src/Illuminate/Routing/Router.php(821): Illuminate\\Pipeline\\Pipeline->then(Object(Closure))
#43 /Applications/XAMPP/xamppfiles/htdocs/auth/vendor/laravel/framework/src/Illuminate/Routing/Router.php(800): Illuminate\\Routing\\Router->runRouteWithinStack(Object(Illuminate\\Routing\\Route), Object(Illuminate\\Http\\Request))
#44 /Applications/XAMPP/xamppfiles/htdocs/auth/vendor/laravel/framework/src/Illuminate/Routing/Router.php(764): Illuminate\\Routing\\Router->runRoute(Object(Illuminate\\Http\\Request), Object(Illuminate\\Routing\\Route))
#45 /Applications/XAMPP/xamppfiles/htdocs/auth/vendor/laravel/framework/src/Illuminate/Routing/Router.php(753): Illuminate\\Routing\\Router->dispatchToRoute(Object(Illuminate\\Http\\Request))
#46 /Applications/XAMPP/xamppfiles/htdocs/auth/vendor/laravel/framework/src/Illuminate/Foundation/Http/Kernel.php(200): Illuminate\\Routing\\Router->dispatch(Object(Illuminate\\Http\\Request))
#47 /Applications/XAMPP/xamppfiles/htdocs/auth/vendor/laravel/framework/src/Illuminate/Pipeline/Pipeline.php(180): Illuminate\\Foundation\\Http\\Kernel->{closure:Illuminate\\Foundation\\Http\\Kernel::dispatchToRouter():197}(Object(Illuminate\\Http\\Request))
#48 /Applications/XAMPP/xamppfiles/htdocs/auth/vendor/laravel/framework/src/Illuminate/Foundation/Http/Middleware/TransformsRequest.php(21): Illuminate\\Pipeline\\Pipeline->{closure:Illuminate\\Pipeline\\Pipeline::prepareDestination():178}(Object(Illuminate\\Http\\Request))
#49 /Applications/XAMPP/xamppfiles/htdocs/auth/vendor/laravel/framework/src/Illuminate/Foundation/Http/Middleware/ConvertEmptyStringsToNull.php(31): Illuminate\\Foundation\\Http\\Middleware\\TransformsRequest->handle(Object(Illuminate\\Http\\Request), Object(Closure))
#50 /Applications/XAMPP/xamppfiles/htdocs/auth/vendor/laravel/framework/src/Illuminate/Pipeline/Pipeline.php(219): Illuminate\\Foundation\\Http\\Middleware\\ConvertEmptyStringsToNull->handle(Object(Illuminate\\Http\\Request), Object(Closure))
#51 /Applications/XAMPP/xamppfiles/htdocs/auth/vendor/laravel/framework/src/Illuminate/Foundation/Http/Middleware/TransformsRequest.php(21): Illuminate\\Pipeline\\Pipeline->{closure:{closure:Illuminate\\Pipeline\\Pipeline::carry():194}:195}(Object(Illuminate\\Http\\Request))
#52 /Applications/XAMPP/xamppfiles/htdocs/auth/vendor/laravel/framework/src/Illuminate/Foundation/Http/Middleware/TrimStrings.php(51): Illuminate\\Foundation\\Http\\Middleware\\TransformsRequest->handle(Object(Illuminate\\Http\\Request), Object(Closure))
#53 /Applications/XAMPP/xamppfiles/htdocs/auth/vendor/laravel/framework/src/Illuminate/Pipeline/Pipeline.php(219): Illuminate\\Foundation\\Http\\Middleware\\TrimStrings->handle(Object(Illuminate\\Http\\Request), Object(Closure))
#54 /Applications/XAMPP/xamppfiles/htdocs/auth/vendor/laravel/framework/src/Illuminate/Http/Middleware/ValidatePostSize.php(27): Illuminate\\Pipeline\\Pipeline->{closure:{closure:Illuminate\\Pipeline\\Pipeline::carry():194}:195}(Object(Illuminate\\Http\\Request))
#55 /Applications/XAMPP/xamppfiles/htdocs/auth/vendor/laravel/framework/src/Illuminate/Pipeline/Pipeline.php(219): Illuminate\\Http\\Middleware\\ValidatePostSize->handle(Object(Illuminate\\Http\\Request), Object(Closure))
#56 /Applications/XAMPP/xamppfiles/htdocs/auth/vendor/laravel/framework/src/Illuminate/Foundation/Http/Middleware/PreventRequestsDuringMaintenance.php(109): Illuminate\\Pipeline\\Pipeline->{closure:{closure:Illuminate\\Pipeline\\Pipeline::carry():194}:195}(Object(Illuminate\\Http\\Request))
#57 /Applications/XAMPP/xamppfiles/htdocs/auth/vendor/laravel/framework/src/Illuminate/Pipeline/Pipeline.php(219): Illuminate\\Foundation\\Http\\Middleware\\PreventRequestsDuringMaintenance->handle(Object(Illuminate\\Http\\Request), Object(Closure))
#58 /Applications/XAMPP/xamppfiles/htdocs/auth/vendor/laravel/framework/src/Illuminate/Http/Middleware/HandleCors.php(61): Illuminate\\Pipeline\\Pipeline->{closure:{closure:Illuminate\\Pipeline\\Pipeline::carry():194}:195}(Object(Illuminate\\Http\\Request))
#59 /Applications/XAMPP/xamppfiles/htdocs/auth/vendor/laravel/framework/src/Illuminate/Pipeline/Pipeline.php(219): Illuminate\\Http\\Middleware\\HandleCors->handle(Object(Illuminate\\Http\\Request), Object(Closure))
#60 /Applications/XAMPP/xamppfiles/htdocs/auth/vendor/laravel/framework/src/Illuminate/Http/Middleware/TrustProxies.php(58): Illuminate\\Pipeline\\Pipeline->{closure:{closure:Illuminate\\Pipeline\\Pipeline::carry():194}:195}(Object(Illuminate\\Http\\Request))
#61 /Applications/XAMPP/xamppfiles/htdocs/auth/vendor/laravel/framework/src/Illuminate/Pipeline/Pipeline.php(219): Illuminate\\Http\\Middleware\\TrustProxies->handle(Object(Illuminate\\Http\\Request), Object(Closure))
#62 /Applications/XAMPP/xamppfiles/htdocs/auth/vendor/laravel/framework/src/Illuminate/Foundation/Http/Middleware/InvokeDeferredCallbacks.php(22): Illuminate\\Pipeline\\Pipeline->{closure:{closure:Illuminate\\Pipeline\\Pipeline::carry():194}:195}(Object(Illuminate\\Http\\Request))
#63 /Applications/XAMPP/xamppfiles/htdocs/auth/vendor/laravel/framework/src/Illuminate/Pipeline/Pipeline.php(219): Illuminate\\Foundation\\Http\\Middleware\\InvokeDeferredCallbacks->handle(Object(Illuminate\\Http\\Request), Object(Closure))
#64 /Applications/XAMPP/xamppfiles/htdocs/auth/vendor/laravel/framework/src/Illuminate/Http/Middleware/ValidatePathEncoding.php(26): Illuminate\\Pipeline\\Pipeline->{closure:{closure:Illuminate\\Pipeline\\Pipeline::carry():194}:195}(Object(Illuminate\\Http\\Request))
#65 /Applications/XAMPP/xamppfiles/htdocs/auth/vendor/laravel/framework/src/Illuminate/Pipeline/Pipeline.php(219): Illuminate\\Http\\Middleware\\ValidatePathEncoding->handle(Object(Illuminate\\Http\\Request), Object(Closure))
#66 /Applications/XAMPP/xamppfiles/htdocs/auth/vendor/laravel/framework/src/Illuminate/Pipeline/Pipeline.php(137): Illuminate\\Pipeline\\Pipeline->{closure:{closure:Illuminate\\Pipeline\\Pipeline::carry():194}:195}(Object(Illuminate\\Http\\Request))
#67 /Applications/XAMPP/xamppfiles/htdocs/auth/vendor/laravel/framework/src/Illuminate/Foundation/Http/Kernel.php(175): Illuminate\\Pipeline\\Pipeline->then(Object(Closure))
#68 /Applications/XAMPP/xamppfiles/htdocs/auth/vendor/laravel/framework/src/Illuminate/Foundation/Http/Kernel.php(144): Illuminate\\Foundation\\Http\\Kernel->sendRequestThroughRouter(Object(Illuminate\\Http\\Request))
#69 /Applications/XAMPP/xamppfiles/htdocs/auth/vendor/laravel/framework/src/Illuminate/Foundation/Application.php(1220): Illuminate\\Foundation\\Http\\Kernel->handle(Object(Illuminate\\Http\\Request))
#70 /Applications/XAMPP/xamppfiles/htdocs/auth/public/index.php(20): Illuminate\\Foundation\\Application->handleRequest(Object(Illuminate\\Http\\Request))
#71 /Applications/XAMPP/xamppfiles/htdocs/auth/vendor/laravel/framework/src/Illuminate/Foundation/resources/server.php(23): require_once('/Applications/X...')
#72 {main}
"} 
[2026-02-10 15:34:54] local.ERROR: SQLSTATE[23000]: Integrity constraint violation: 1062 Duplicate entry 'php' for key 'tags_name_unique' (Connection: mysql, Host: 127.0.0.1, Port: 3306, Database: odin, SQL: insert into `tags` (`name`, `user_id`, `updated_at`, `created_at`) values (php, 3, 2026-02-10 15:34:54, 2026-02-10 15:34:54)) {"userId":3,"exception":"[object] (Illuminate\\Database\\UniqueConstraintViolationException(code: 23000): SQLSTATE[23000]: Integrity constraint violation: 1062 Duplicate entry 'php' for key 'tags_name_unique' (Connection: mysql, Host: 127.0.0.1, Port: 3306, Database: odin, SQL: insert into `tags` (`name`, `user_id`, `updated_at`, `created_at`) values (php, 3, 2026-02-10 15:34:54, 2026-02-10 15:34:54)) at /Applications/XAMPP/xamppfiles/htdocs/auth/vendor/laravel/framework/src/Illuminate/Database/Connection.php:838)
[stacktrace]
#0 /Applications/XAMPP/xamppfiles/htdocs/auth/vendor/laravel/framework/src/Illuminate/Database/Connection.php(794): Illuminate\\Database\\Connection->runQueryCallback('insert into `ta...', Array, Object(Closure))
#1 /Applications/XAMPP/xamppfiles/htdocs/auth/vendor/laravel/framework/src/Illuminate/Database/MySqlConnection.php(42): Illuminate\\Database\\Connection->run('insert into `ta...', Array, Object(Closure))
#2 /Applications/XAMPP/xamppfiles/htdocs/auth/vendor/laravel/framework/src/Illuminate/Database/Query/Processors/MySqlProcessor.php(35): Illuminate\\Database\\MySqlConnection->insert('insert into `ta...', Array, 'id')
#3 /Applications/XAMPP/xamppfiles/htdocs/auth/vendor/laravel/framework/src/Illuminate/Database/Query/Builder.php(4054): Illuminate\\Database\\Query\\Processors\\MySqlProcessor->processInsertGetId(Object(Illuminate\\Database\\Query\\Builder), 'insert into `ta...', Array, 'id')
#4 /Applications/XAMPP/xamppfiles/htdocs/auth/vendor/laravel/framework/src/Illuminate/Database/Eloquent/Builder.php(2235): Illuminate\\Database\\Query\\Builder->insertGetId(Array, 'id')
#5 /Applications/XAMPP/xamppfiles/htdocs/auth/vendor/laravel/framework/src/Illuminate/Database/Eloquent/Model.php(1436): Illuminate\\Database\\Eloquent\\Builder->__call('insertGetId', Array)
#6 /Applications/XAMPP/xamppfiles/htdocs/auth/vendor/laravel/framework/src/Illuminate/Database/Eloquent/Model.php(1401): Illuminate\\Database\\Eloquent\\Model->insertAndSetId(Object(Illuminate\\Database\\Eloquent\\Builder), Array)
#7 /Applications/XAMPP/xamppfiles/htdocs/auth/vendor/laravel/framework/src/Illuminate/Database/Eloquent/Model.php(1240): Illuminate\\Database\\Eloquent\\Model->performInsert(Object(Illuminate\\Database\\Eloquent\\Builder))
#8 /Applications/XAMPP/xamppfiles/htdocs/auth/vendor/laravel/framework/src/Illuminate/Database/Eloquent/Builder.php(1219): Illuminate\\Database\\Eloquent\\Model->save()
#9 /Applications/XAMPP/xamppfiles/htdocs/auth/vendor/laravel/framework/src/Illuminate/Support/helpers.php(390): Illuminate\\Database\\Eloquent\\Builder->{closure:Illuminate\\Database\\Eloquent\\Builder::create():1218}(Object(App\\Models\\Tag))
#10 /Applications/XAMPP/xamppfiles/htdocs/auth/vendor/laravel/framework/src/Illuminate/Database/Eloquent/Builder.php(1218): tap(Object(App\\Models\\Tag), Object(Closure))
#11 /Applications/XAMPP/xamppfiles/htdocs/auth/vendor/laravel/framework/src/Illuminate/Database/Eloquent/Builder.php(725): Illuminate\\Database\\Eloquent\\Builder->create(Array)
#12 /Applications/XAMPP/xamppfiles/htdocs/auth/vendor/laravel/framework/src/Illuminate/Database/Eloquent/Builder.php(1959): Illuminate\\Database\\Eloquent\\Builder->{closure:Illuminate\\Database\\Eloquent\\Builder::createOrFirst():725}()
#13 /Applications/XAMPP/xamppfiles/htdocs/auth/vendor/laravel/framework/src/Illuminate/Database/Eloquent/Builder.php(725): Illuminate\\Database\\Eloquent\\Builder->withSavepointIfNeeded(Object(Closure))
#14 /Applications/XAMPP/xamppfiles/htdocs/auth/vendor/laravel/framework/src/Illuminate/Database/Eloquent/Builder.php(712): Illuminate\\Database\\Eloquent\\Builder->createOrFirst(Array, Array)
#15 /Applications/XAMPP/xamppfiles/htdocs/auth/vendor/laravel/framework/src/Illuminate/Support/Traits/ForwardsCalls.php(23): Illuminate\\Database\\Eloquent\\Builder->firstOrCreate(Array)
#16 /Applications/XAMPP/xamppfiles/htdocs/auth/vendor/laravel/framework/src/Illuminate/Database/Eloquent/Model.php(2540): Illuminate\\Database\\Eloquent\\Model->forwardCallTo(Object(Illuminate\\Database\\Eloquent\\Builder), 'firstOrCreate', Array)
#17 /Applications/XAMPP/xamppfiles/htdocs/auth/vendor/laravel/framework/src/Illuminate/Database/Eloquent/Model.php(2556): Illuminate\\Database\\Eloquent\\Model->__call('firstOrCreate', Array)
#18 /Applications/XAMPP/xamppfiles/htdocs/auth/app/Http/Controllers/LinkController.php(70): Illuminate\\Database\\Eloquent\\Model::__callStatic('firstOrCreate', Array)
#19 /Applications/XAMPP/xamppfiles/htdocs/auth/vendor/laravel/framework/src/Illuminate/Routing/ControllerDispatcher.php(46): App\\Http\\Controllers\\LinkController->update(Object(Illuminate\\Http\\Request), Object(App\\Models\\Link))
#20 /Applications/XAMPP/xamppfiles/htdocs/auth/vendor/laravel/framework/src/Illuminate/Routing/Route.php(265): Illuminate\\Routing\\ControllerDispatcher->dispatch(Object(Illuminate\\Routing\\Route), Object(App\\Http\\Controllers\\LinkController), 'update')
#21 /Applications/XAMPP/xamppfiles/htdocs/auth/vendor/laravel/framework/src/Illuminate/Routing/Route.php(211): Illuminate\\Routing\\Route->runController()
#22 /Applications/XAMPP/xamppfiles/htdocs/auth/vendor/laravel/framework/src/Illuminate/Routing/Router.php(822): Illuminate\\Routing\\Route->run()
#23 /Applications/XAMPP/xamppfiles/htdocs/auth/vendor/laravel/framework/src/Illuminate/Pipeline/Pipeline.php(180): Illuminate\\Routing\\Router->{closure:Illuminate\\Routing\\Router::runRouteWithinStack():821}(Object(Illuminate\\Http\\Request))
#24 /Applications/XAMPP/xamppfiles/htdocs/auth/vendor/laravel/framework/src/Illuminate/Routing/Middleware/SubstituteBindings.php(50): Illuminate\\Pipeline\\Pipeline->{closure:Illuminate\\Pipeline\\Pipeline::prepareDestination():178}(Object(Illuminate\\Http\\Request))
#25 /Applications/XAMPP/xamppfiles/htdocs/auth/vendor/laravel/framework/src/Illuminate/Pipeline/Pipeline.php(219): Illuminate\\Routing\\Middleware\\SubstituteBindings->handle(Object(Illuminate\\Http\\Request), Object(Closure))
#26 /Applications/XAMPP/xamppfiles/htdocs/auth/vendor/laravel/framework/src/Illuminate/Auth/Middleware/Authenticate.php(63): Illuminate\\Pipeline\\Pipeline->{closure:{closure:Illuminate\\Pipeline\\Pipeline::carry():194}:195}(Object(Illuminate\\Http\\Request))
#27 /Applications/XAMPP/xamppfiles/htdocs/auth/vendor/laravel/framework/src/Illuminate/Pipeline/Pipeline.php(219): Illuminate\\Auth\\Middleware\\Authenticate->handle(Object(Illuminate\\Http\\Request), Object(Closure))
#28 /Applications/XAMPP/xamppfiles/htdocs/auth/vendor/laravel/framework/src/Illuminate/Foundation/Http/Middleware/VerifyCsrfToken.php(87): Illuminate\\Pipeline\\Pipeline->{closure:{closure:Illuminate\\Pipeline\\Pipeline::carry():194}:195}(Object(Illuminate\\Http\\Request))
#29 /Applications/XAMPP/xamppfiles/htdocs/auth/vendor/laravel/framework/src/Illuminate/Pipeline/Pipeline.php(219): Illuminate\\Foundation\\Http\\Middleware\\VerifyCsrfToken->handle(Object(Illuminate\\Http\\Request), Object(Closure))
#30 /Applications/XAMPP/xamppfiles/htdocs/auth/vendor/laravel/framework/src/Illuminate/View/Middleware/ShareErrorsFromSession.php(48): Illuminate\\Pipeline\\Pipeline->{closure:{closure:Illuminate\\Pipeline\\Pipeline::carry():194}:195}(Object(Illuminate\\Http\\Request))
#31 /Applications/XAMPP/xamppfiles/htdocs/auth/vendor/laravel/framework/src/Illuminate/Pipeline/Pipeline.php(219): Illuminate\\View\\Middleware\\ShareErrorsFromSession->handle(Object(Illuminate\\Http\\Request), Object(Closure))
#32 /Applications/XAMPP/xamppfiles/htdocs/auth/vendor/laravel/framework/src/Illuminate/Session/Middleware/StartSession.php(120): Illuminate\\Pipeline\\Pipeline->{closure:{closure:Illuminate\\Pipeline\\Pipeline::carry():194}:195}(Object(Illuminate\\Http\\Request))
#33 /Applications/XAMPP/xamppfiles/htdocs/auth/vendor/laravel/framework/src/Illuminate/Session/Middleware/StartSession.php(63): Illuminate\\Session\\Middleware\\StartSession->handleStatefulRequest(Object(Illuminate\\Http\\Request), Object(Illuminate\\Session\\Store), Object(Closure))
#34 /Applications/XAMPP/xamppfiles/htdocs/auth/vendor/laravel/framework/src/Illuminate/Pipeline/Pipeline.php(219): Illuminate\\Session\\Middleware\\StartSession->handle(Object(Illuminate\\Http\\Request), Object(Closure))
#35 /Applications/XAMPP/xamppfiles/htdocs/auth/vendor/laravel/framework/src/Illuminate/Cookie/Middleware/AddQueuedCookiesToResponse.php(36): Illuminate\\Pipeline\\Pipeline->{closure:{closure:Illuminate\\Pipeline\\Pipeline::carry():194}:195}(Object(Illuminate\\Http\\Request))
#36 /Applications/XAMPP/xamppfiles/htdocs/auth/vendor/laravel/framework/src/Illuminate/Pipeline/Pipeline.php(219): Illuminate\\Cookie\\Middleware\\AddQueuedCookiesToResponse->handle(Object(Illuminate\\Http\\Request), Object(Closure))
#37 /Applications/XAMPP/xamppfiles/htdocs/auth/vendor/laravel/framework/src/Illuminate/Cookie/Middleware/EncryptCookies.php(74): Illuminate\\Pipeline\\Pipeline->{closure:{closure:Illuminate\\Pipeline\\Pipeline::carry():194}:195}(Object(Illuminate\\Http\\Request))
#38 /Applications/XAMPP/xamppfiles/htdocs/auth/vendor/laravel/framework/src/Illuminate/Pipeline/Pipeline.php(219): Illuminate\\Cookie\\Middleware\\EncryptCookies->handle(Object(Illuminate\\Http\\Request), Object(Closure))
#39 /Applications/XAMPP/xamppfiles/htdocs/auth/vendor/laravel/framework/src/Illuminate/Pipeline/Pipeline.php(137): Illuminate\\Pipeline\\Pipeline->{closure:{closure:Illuminate\\Pipeline\\Pipeline::carry():194}:195}(Object(Illuminate\\Http\\Request))
#40 /Applications/XAMPP/xamppfiles/htdocs/auth/vendor/laravel/framework/src/Illuminate/Routing/Router.php(821): Illuminate\\Pipeline\\Pipeline->then(Object(Closure))
#41 /Applications/XAMPP/xamppfiles/htdocs/auth/vendor/laravel/framework/src/Illuminate/Routing/Router.php(800): Illuminate\\Routing\\Router->runRouteWithinStack(Object(Illuminate\\Routing\\Route), Object(Illuminate\\Http\\Request))
#42 /Applications/XAMPP/xamppfiles/htdocs/auth/vendor/laravel/framework/src/Illuminate/Routing/Router.php(764): Illuminate\\Routing\\Router->runRoute(Object(Illuminate\\Http\\Request), Object(Illuminate\\Routing\\Route))
#43 /Applications/XAMPP/xamppfiles/htdocs/auth/vendor/laravel/framework/src/Illuminate/Routing/Router.php(753): Illuminate\\Routing\\Router->dispatchToRoute(Object(Illuminate\\Http\\Request))
#44 /Applications/XAMPP/xamppfiles/htdocs/auth/vendor/laravel/framework/src/Illuminate/Foundation/Http/Kernel.php(200): Illuminate\\Routing\\Router->dispatch(Object(Illuminate\\Http\\Request))
#45 /Applications/XAMPP/xamppfiles/htdocs/auth/vendor/laravel/framework/src/Illuminate/Pipeline/Pipeline.php(180): Illuminate\\Foundation\\Http\\Kernel->{closure:Illuminate\\Foundation\\Http\\Kernel::dispatchToRouter():197}(Object(Illuminate\\Http\\Request))
#46 /Applications/XAMPP/xamppfiles/htdocs/auth/vendor/laravel/framework/src/Illuminate/Foundation/Http/Middleware/TransformsRequest.php(21): Illuminate\\Pipeline\\Pipeline->{closure:Illuminate\\Pipeline\\Pipeline::prepareDestination():178}(Object(Illuminate\\Http\\Request))
#47 /Applications/XAMPP/xamppfiles/htdocs/auth/vendor/laravel/framework/src/Illuminate/Foundation/Http/Middleware/ConvertEmptyStringsToNull.php(31): Illuminate\\Foundation\\Http\\Middleware\\TransformsRequest->handle(Object(Illuminate\\Http\\Request), Object(Closure))
#48 /Applications/XAMPP/xamppfiles/htdocs/auth/vendor/laravel/framework/src/Illuminate/Pipeline/Pipeline.php(219): Illuminate\\Foundation\\Http\\Middleware\\ConvertEmptyStringsToNull->handle(Object(Illuminate\\Http\\Request), Object(Closure))
#49 /Applications/XAMPP/xamppfiles/htdocs/auth/vendor/laravel/framework/src/Illuminate/Foundation/Http/Middleware/TransformsRequest.php(21): Illuminate\\Pipeline\\Pipeline->{closure:{closure:Illuminate\\Pipeline\\Pipeline::carry():194}:195}(Object(Illuminate\\Http\\Request))
#50 /Applications/XAMPP/xamppfiles/htdocs/auth/vendor/laravel/framework/src/Illuminate/Foundation/Http/Middleware/TrimStrings.php(51): Illuminate\\Foundation\\Http\\Middleware\\TransformsRequest->handle(Object(Illuminate\\Http\\Request), Object(Closure))
#51 /Applications/XAMPP/xamppfiles/htdocs/auth/vendor/laravel/framework/src/Illuminate/Pipeline/Pipeline.php(219): Illuminate\\Foundation\\Http\\Middleware\\TrimStrings->handle(Object(Illuminate\\Http\\Request), Object(Closure))
#52 /Applications/XAMPP/xamppfiles/htdocs/auth/vendor/laravel/framework/src/Illuminate/Http/Middleware/ValidatePostSize.php(27): Illuminate\\Pipeline\\Pipeline->{closure:{closure:Illuminate\\Pipeline\\Pipeline::carry():194}:195}(Object(Illuminate\\Http\\Request))
#53 /Applications/XAMPP/xamppfiles/htdocs/auth/vendor/laravel/framework/src/Illuminate/Pipeline/Pipeline.php(219): Illuminate\\Http\\Middleware\\ValidatePostSize->handle(Object(Illuminate\\Http\\Request), Object(Closure))
#54 /Applications/XAMPP/xamppfiles/htdocs/auth/vendor/laravel/framework/src/Illuminate/Foundation/Http/Middleware/PreventRequestsDuringMaintenance.php(109): Illuminate\\Pipeline\\Pipeline->{closure:{closure:Illuminate\\Pipeline\\Pipeline::carry():194}:195}(Object(Illuminate\\Http\\Request))
#55 /Applications/XAMPP/xamppfiles/htdocs/auth/vendor/laravel/framework/src/Illuminate/Pipeline/Pipeline.php(219): Illuminate\\Foundation\\Http\\Middleware\\PreventRequestsDuringMaintenance->handle(Object(Illuminate\\Http\\Request), Object(Closure))
#56 /Applications/XAMPP/xamppfiles/htdocs/auth/vendor/laravel/framework/src/Illuminate/Http/Middleware/HandleCors.php(61): Illuminate\\Pipeline\\Pipeline->{closure:{closure:Illuminate\\Pipeline\\Pipeline::carry():194}:195}(Object(Illuminate\\Http\\Request))
#57 /Applications/XAMPP/xamppfiles/htdocs/auth/vendor/laravel/framework/src/Illuminate/Pipeline/Pipeline.php(219): Illuminate\\Http\\Middleware\\HandleCors->handle(Object(Illuminate\\Http\\Request), Object(Closure))
#58 /Applications/XAMPP/xamppfiles/htdocs/auth/vendor/laravel/framework/src/Illuminate/Http/Middleware/TrustProxies.php(58): Illuminate\\Pipeline\\Pipeline->{closure:{closure:Illuminate\\Pipeline\\Pipeline::carry():194}:195}(Object(Illuminate\\Http\\Request))
#59 /Applications/XAMPP/xamppfiles/htdocs/auth/vendor/laravel/framework/src/Illuminate/Pipeline/Pipeline.php(219): Illuminate\\Http\\Middleware\\TrustProxies->handle(Object(Illuminate\\Http\\Request), Object(Closure))
#60 /Applications/XAMPP/xamppfiles/htdocs/auth/vendor/laravel/framework/src/Illuminate/Foundation/Http/Middleware/InvokeDeferredCallbacks.php(22): Illuminate\\Pipeline\\Pipeline->{closure:{closure:Illuminate\\Pipeline\\Pipeline::carry():194}:195}(Object(Illuminate\\Http\\Request))
#61 /Applications/XAMPP/xamppfiles/htdocs/auth/vendor/laravel/framework/src/Illuminate/Pipeline/Pipeline.php(219): Illuminate\\Foundation\\Http\\Middleware\\InvokeDeferredCallbacks->handle(Object(Illuminate\\Http\\Request), Object(Closure))
#62 /Applications/XAMPP/xamppfiles/htdocs/auth/vendor/laravel/framework/src/Illuminate/Http/Middleware/ValidatePathEncoding.php(26): Illuminate\\Pipeline\\Pipeline->{closure:{closure:Illuminate\\Pipeline\\Pipeline::carry():194}:195}(Object(Illuminate\\Http\\Request))
#63 /Applications/XAMPP/xamppfiles/htdocs/auth/vendor/laravel/framework/src/Illuminate/Pipeline/Pipeline.php(219): Illuminate\\Http\\Middleware\\ValidatePathEncoding->handle(Object(Illuminate\\Http\\Request), Object(Closure))
#64 /Applications/XAMPP/xamppfiles/htdocs/auth/vendor/laravel/framework/src/Illuminate/Pipeline/Pipeline.php(137): Illuminate\\Pipeline\\Pipeline->{closure:{closure:Illuminate\\Pipeline\\Pipeline::carry():194}:195}(Object(Illuminate\\Http\\Request))
#65 /Applications/XAMPP/xamppfiles/htdocs/auth/vendor/laravel/framework/src/Illuminate/Foundation/Http/Kernel.php(175): Illuminate\\Pipeline\\Pipeline->then(Object(Closure))
#66 /Applications/XAMPP/xamppfiles/htdocs/auth/vendor/laravel/framework/src/Illuminate/Foundation/Http/Kernel.php(144): Illuminate\\Foundation\\Http\\Kernel->sendRequestThroughRouter(Object(Illuminate\\Http\\Request))
#67 /Applications/XAMPP/xamppfiles/htdocs/auth/vendor/laravel/framework/src/Illuminate/Foundation/Application.php(1220): Illuminate\\Foundation\\Http\\Kernel->handle(Object(Illuminate\\Http\\Request))
#68 /Applications/XAMPP/xamppfiles/htdocs/auth/public/index.php(20): Illuminate\\Foundation\\Application->handleRequest(Object(Illuminate\\Http\\Request))
#69 /Applications/XAMPP/xamppfiles/htdocs/auth/vendor/laravel/framework/src/Illuminate/Foundation/resources/server.php(23): require_once('/Applications/X...')
#70 {main}

[previous exception] [object] (PDOException(code: 23000): SQLSTATE[23000]: Integrity constraint violation: 1062 Duplicate entry 'php' for key 'tags_name_unique' at /Applications/XAMPP/xamppfiles/htdocs/auth/vendor/laravel/framework/src/Illuminate/Database/MySqlConnection.php:53)
[stacktrace]
#0 /Applications/XAMPP/xamppfiles/htdocs/auth/vendor/laravel/framework/src/Illuminate/Database/MySqlConnection.php(53): PDOStatement->execute()
#1 /Applications/XAMPP/xamppfiles/htdocs/auth/vendor/laravel/framework/src/Illuminate/Database/Connection.php(827): Illuminate\\Database\\MySqlConnection->{closure:Illuminate\\Database\\MySqlConnection::insert():42}('insert into `ta...', Array)
#2 /Applications/XAMPP/xamppfiles/htdocs/auth/vendor/laravel/framework/src/Illuminate/Database/Connection.php(794): Illuminate\\Database\\Connection->runQueryCallback('insert into `ta...', Array, Object(Closure))
#3 /Applications/XAMPP/xamppfiles/htdocs/auth/vendor/laravel/framework/src/Illuminate/Database/MySqlConnection.php(42): Illuminate\\Database\\Connection->run('insert into `ta...', Array, Object(Closure))
#4 /Applications/XAMPP/xamppfiles/htdocs/auth/vendor/laravel/framework/src/Illuminate/Database/Query/Processors/MySqlProcessor.php(35): Illuminate\\Database\\MySqlConnection->insert('insert into `ta...', Array, 'id')
#5 /Applications/XAMPP/xamppfiles/htdocs/auth/vendor/laravel/framework/src/Illuminate/Database/Query/Builder.php(4054): Illuminate\\Database\\Query\\Processors\\MySqlProcessor->processInsertGetId(Object(Illuminate\\Database\\Query\\Builder), 'insert into `ta...', Array, 'id')
#6 /Applications/XAMPP/xamppfiles/htdocs/auth/vendor/laravel/framework/src/Illuminate/Database/Eloquent/Builder.php(2235): Illuminate\\Database\\Query\\Builder->insertGetId(Array, 'id')
#7 /Applications/XAMPP/xamppfiles/htdocs/auth/vendor/laravel/framework/src/Illuminate/Database/Eloquent/Model.php(1436): Illuminate\\Database\\Eloquent\\Builder->__call('insertGetId', Array)
#8 /Applications/XAMPP/xamppfiles/htdocs/auth/vendor/laravel/framework/src/Illuminate/Database/Eloquent/Model.php(1401): Illuminate\\Database\\Eloquent\\Model->insertAndSetId(Object(Illuminate\\Database\\Eloquent\\Builder), Array)
#9 /Applications/XAMPP/xamppfiles/htdocs/auth/vendor/laravel/framework/src/Illuminate/Database/Eloquent/Model.php(1240): Illuminate\\Database\\Eloquent\\Model->performInsert(Object(Illuminate\\Database\\Eloquent\\Builder))
#10 /Applications/XAMPP/xamppfiles/htdocs/auth/vendor/laravel/framework/src/Illuminate/Database/Eloquent/Builder.php(1219): Illuminate\\Database\\Eloquent\\Model->save()
#11 /Applications/XAMPP/xamppfiles/htdocs/auth/vendor/laravel/framework/src/Illuminate/Support/helpers.php(390): Illuminate\\Database\\Eloquent\\Builder->{closure:Illuminate\\Database\\Eloquent\\Builder::create():1218}(Object(App\\Models\\Tag))
#12 /Applications/XAMPP/xamppfiles/htdocs/auth/vendor/laravel/framework/src/Illuminate/Database/Eloquent/Builder.php(1218): tap(Object(App\\Models\\Tag), Object(Closure))
#13 /Applications/XAMPP/xamppfiles/htdocs/auth/vendor/laravel/framework/src/Illuminate/Database/Eloquent/Builder.php(725): Illuminate\\Database\\Eloquent\\Builder->create(Array)
#14 /Applications/XAMPP/xamppfiles/htdocs/auth/vendor/laravel/framework/src/Illuminate/Database/Eloquent/Builder.php(1959): Illuminate\\Database\\Eloquent\\Builder->{closure:Illuminate\\Database\\Eloquent\\Builder::createOrFirst():725}()
#15 /Applications/XAMPP/xamppfiles/htdocs/auth/vendor/laravel/framework/src/Illuminate/Database/Eloquent/Builder.php(725): Illuminate\\Database\\Eloquent\\Builder->withSavepointIfNeeded(Object(Closure))
#16 /Applications/XAMPP/xamppfiles/htdocs/auth/vendor/laravel/framework/src/Illuminate/Database/Eloquent/Builder.php(712): Illuminate\\Database\\Eloquent\\Builder->createOrFirst(Array, Array)
#17 /Applications/XAMPP/xamppfiles/htdocs/auth/vendor/laravel/framework/src/Illuminate/Support/Traits/ForwardsCalls.php(23): Illuminate\\Database\\Eloquent\\Builder->firstOrCreate(Array)
#18 /Applications/XAMPP/xamppfiles/htdocs/auth/vendor/laravel/framework/src/Illuminate/Database/Eloquent/Model.php(2540): Illuminate\\Database\\Eloquent\\Model->forwardCallTo(Object(Illuminate\\Database\\Eloquent\\Builder), 'firstOrCreate', Array)
#19 /Applications/XAMPP/xamppfiles/htdocs/auth/vendor/laravel/framework/src/Illuminate/Database/Eloquent/Model.php(2556): Illuminate\\Database\\Eloquent\\Model->__call('firstOrCreate', Array)
#20 /Applications/XAMPP/xamppfiles/htdocs/auth/app/Http/Controllers/LinkController.php(70): Illuminate\\Database\\Eloquent\\Model::__callStatic('firstOrCreate', Array)
#21 /Applications/XAMPP/xamppfiles/htdocs/auth/vendor/laravel/framework/src/Illuminate/Routing/ControllerDispatcher.php(46): App\\Http\\Controllers\\LinkController->update(Object(Illuminate\\Http\\Request), Object(App\\Models\\Link))
#22 /Applications/XAMPP/xamppfiles/htdocs/auth/vendor/laravel/framework/src/Illuminate/Routing/Route.php(265): Illuminate\\Routing\\ControllerDispatcher->dispatch(Object(Illuminate\\Routing\\Route), Object(App\\Http\\Controllers\\LinkController), 'update')
#23 /Applications/XAMPP/xamppfiles/htdocs/auth/vendor/laravel/framework/src/Illuminate/Routing/Route.php(211): Illuminate\\Routing\\Route->runController()
#24 /Applications/XAMPP/xamppfiles/htdocs/auth/vendor/laravel/framework/src/Illuminate/Routing/Router.php(822): Illuminate\\Routing\\Route->run()
#25 /Applications/XAMPP/xamppfiles/htdocs/auth/vendor/laravel/framework/src/Illuminate/Pipeline/Pipeline.php(180): Illuminate\\Routing\\Router->{closure:Illuminate\\Routing\\Router::runRouteWithinStack():821}(Object(Illuminate\\Http\\Request))
#26 /Applications/XAMPP/xamppfiles/htdocs/auth/vendor/laravel/framework/src/Illuminate/Routing/Middleware/SubstituteBindings.php(50): Illuminate\\Pipeline\\Pipeline->{closure:Illuminate\\Pipeline\\Pipeline::prepareDestination():178}(Object(Illuminate\\Http\\Request))
#27 /Applications/XAMPP/xamppfiles/htdocs/auth/vendor/laravel/framework/src/Illuminate/Pipeline/Pipeline.php(219): Illuminate\\Routing\\Middleware\\SubstituteBindings->handle(Object(Illuminate\\Http\\Request), Object(Closure))
#28 /Applications/XAMPP/xamppfiles/htdocs/auth/vendor/laravel/framework/src/Illuminate/Auth/Middleware/Authenticate.php(63): Illuminate\\Pipeline\\Pipeline->{closure:{closure:Illuminate\\Pipeline\\Pipeline::carry():194}:195}(Object(Illuminate\\Http\\Request))
#29 /Applications/XAMPP/xamppfiles/htdocs/auth/vendor/laravel/framework/src/Illuminate/Pipeline/Pipeline.php(219): Illuminate\\Auth\\Middleware\\Authenticate->handle(Object(Illuminate\\Http\\Request), Object(Closure))
#30 /Applications/XAMPP/xamppfiles/htdocs/auth/vendor/laravel/framework/src/Illuminate/Foundation/Http/Middleware/VerifyCsrfToken.php(87): Illuminate\\Pipeline\\Pipeline->{closure:{closure:Illuminate\\Pipeline\\Pipeline::carry():194}:195}(Object(Illuminate\\Http\\Request))
#31 /Applications/XAMPP/xamppfiles/htdocs/auth/vendor/laravel/framework/src/Illuminate/Pipeline/Pipeline.php(219): Illuminate\\Foundation\\Http\\Middleware\\VerifyCsrfToken->handle(Object(Illuminate\\Http\\Request), Object(Closure))
#32 /Applications/XAMPP/xamppfiles/htdocs/auth/vendor/laravel/framework/src/Illuminate/View/Middleware/ShareErrorsFromSession.php(48): Illuminate\\Pipeline\\Pipeline->{closure:{closure:Illuminate\\Pipeline\\Pipeline::carry():194}:195}(Object(Illuminate\\Http\\Request))
#33 /Applications/XAMPP/xamppfiles/htdocs/auth/vendor/laravel/framework/src/Illuminate/Pipeline/Pipeline.php(219): Illuminate\\View\\Middleware\\ShareErrorsFromSession->handle(Object(Illuminate\\Http\\Request), Object(Closure))
#34 /Applications/XAMPP/xamppfiles/htdocs/auth/vendor/laravel/framework/src/Illuminate/Session/Middleware/StartSession.php(120): Illuminate\\Pipeline\\Pipeline->{closure:{closure:Illuminate\\Pipeline\\Pipeline::carry():194}:195}(Object(Illuminate\\Http\\Request))
#35 /Applications/XAMPP/xamppfiles/htdocs/auth/vendor/laravel/framework/src/Illuminate/Session/Middleware/StartSession.php(63): Illuminate\\Session\\Middleware\\StartSession->handleStatefulRequest(Object(Illuminate\\Http\\Request), Object(Illuminate\\Session\\Store), Object(Closure))
#36 /Applications/XAMPP/xamppfiles/htdocs/auth/vendor/laravel/framework/src/Illuminate/Pipeline/Pipeline.php(219): Illuminate\\Session\\Middleware\\StartSession->handle(Object(Illuminate\\Http\\Request), Object(Closure))
#37 /Applications/XAMPP/xamppfiles/htdocs/auth/vendor/laravel/framework/src/Illuminate/Cookie/Middleware/AddQueuedCookiesToResponse.php(36): Illuminate\\Pipeline\\Pipeline->{closure:{closure:Illuminate\\Pipeline\\Pipeline::carry():194}:195}(Object(Illuminate\\Http\\Request))
#38 /Applications/XAMPP/xamppfiles/htdocs/auth/vendor/laravel/framework/src/Illuminate/Pipeline/Pipeline.php(219): Illuminate\\Cookie\\Middleware\\AddQueuedCookiesToResponse->handle(Object(Illuminate\\Http\\Request), Object(Closure))
#39 /Applications/XAMPP/xamppfiles/htdocs/auth/vendor/laravel/framework/src/Illuminate/Cookie/Middleware/EncryptCookies.php(74): Illuminate\\Pipeline\\Pipeline->{closure:{closure:Illuminate\\Pipeline\\Pipeline::carry():194}:195}(Object(Illuminate\\Http\\Request))
#40 /Applications/XAMPP/xamppfiles/htdocs/auth/vendor/laravel/framework/src/Illuminate/Pipeline/Pipeline.php(219): Illuminate\\Cookie\\Middleware\\EncryptCookies->handle(Object(Illuminate\\Http\\Request), Object(Closure))
#41 /Applications/XAMPP/xamppfiles/htdocs/auth/vendor/laravel/framework/src/Illuminate/Pipeline/Pipeline.php(137): Illuminate\\Pipeline\\Pipeline->{closure:{closure:Illuminate\\Pipeline\\Pipeline::carry():194}:195}(Object(Illuminate\\Http\\Request))
#42 /Applications/XAMPP/xamppfiles/htdocs/auth/vendor/laravel/framework/src/Illuminate/Routing/Router.php(821): Illuminate\\Pipeline\\Pipeline->then(Object(Closure))
#43 /Applications/XAMPP/xamppfiles/htdocs/auth/vendor/laravel/framework/src/Illuminate/Routing/Router.php(800): Illuminate\\Routing\\Router->runRouteWithinStack(Object(Illuminate\\Routing\\Route), Object(Illuminate\\Http\\Request))
#44 /Applications/XAMPP/xamppfiles/htdocs/auth/vendor/laravel/framework/src/Illuminate/Routing/Router.php(764): Illuminate\\Routing\\Router->runRoute(Object(Illuminate\\Http\\Request), Object(Illuminate\\Routing\\Route))
#45 /Applications/XAMPP/xamppfiles/htdocs/auth/vendor/laravel/framework/src/Illuminate/Routing/Router.php(753): Illuminate\\Routing\\Router->dispatchToRoute(Object(Illuminate\\Http\\Request))
#46 /Applications/XAMPP/xamppfiles/htdocs/auth/vendor/laravel/framework/src/Illuminate/Foundation/Http/Kernel.php(200): Illuminate\\Routing\\Router->dispatch(Object(Illuminate\\Http\\Request))
#47 /Applications/XAMPP/xamppfiles/htdocs/auth/vendor/laravel/framework/src/Illuminate/Pipeline/Pipeline.php(180): Illuminate\\Foundation\\Http\\Kernel->{closure:Illuminate\\Foundation\\Http\\Kernel::dispatchToRouter():197}(Object(Illuminate\\Http\\Request))
#48 /Applications/XAMPP/xamppfiles/htdocs/auth/vendor/laravel/framework/src/Illuminate/Foundation/Http/Middleware/TransformsRequest.php(21): Illuminate\\Pipeline\\Pipeline->{closure:Illuminate\\Pipeline\\Pipeline::prepareDestination():178}(Object(Illuminate\\Http\\Request))
#49 /Applications/XAMPP/xamppfiles/htdocs/auth/vendor/laravel/framework/src/Illuminate/Foundation/Http/Middleware/ConvertEmptyStringsToNull.php(31): Illuminate\\Foundation\\Http\\Middleware\\TransformsRequest->handle(Object(Illuminate\\Http\\Request), Object(Closure))
#50 /Applications/XAMPP/xamppfiles/htdocs/auth/vendor/laravel/framework/src/Illuminate/Pipeline/Pipeline.php(219): Illuminate\\Foundation\\Http\\Middleware\\ConvertEmptyStringsToNull->handle(Object(Illuminate\\Http\\Request), Object(Closure))
#51 /Applications/XAMPP/xamppfiles/htdocs/auth/vendor/laravel/framework/src/Illuminate/Foundation/Http/Middleware/TransformsRequest.php(21): Illuminate\\Pipeline\\Pipeline->{closure:{closure:Illuminate\\Pipeline\\Pipeline::carry():194}:195}(Object(Illuminate\\Http\\Request))
#52 /Applications/XAMPP/xamppfiles/htdocs/auth/vendor/laravel/framework/src/Illuminate/Foundation/Http/Middleware/TrimStrings.php(51): Illuminate\\Foundation\\Http\\Middleware\\TransformsRequest->handle(Object(Illuminate\\Http\\Request), Object(Closure))
#53 /Applications/XAMPP/xamppfiles/htdocs/auth/vendor/laravel/framework/src/Illuminate/Pipeline/Pipeline.php(219): Illuminate\\Foundation\\Http\\Middleware\\TrimStrings->handle(Object(Illuminate\\Http\\Request), Object(Closure))
#54 /Applications/XAMPP/xamppfiles/htdocs/auth/vendor/laravel/framework/src/Illuminate/Http/Middleware/ValidatePostSize.php(27): Illuminate\\Pipeline\\Pipeline->{closure:{closure:Illuminate\\Pipeline\\Pipeline::carry():194}:195}(Object(Illuminate\\Http\\Request))
#55 /Applications/XAMPP/xamppfiles/htdocs/auth/vendor/laravel/framework/src/Illuminate/Pipeline/Pipeline.php(219): Illuminate\\Http\\Middleware\\ValidatePostSize->handle(Object(Illuminate\\Http\\Request), Object(Closure))
#56 /Applications/XAMPP/xamppfiles/htdocs/auth/vendor/laravel/framework/src/Illuminate/Foundation/Http/Middleware/PreventRequestsDuringMaintenance.php(109): Illuminate\\Pipeline\\Pipeline->{closure:{closure:Illuminate\\Pipeline\\Pipeline::carry():194}:195}(Object(Illuminate\\Http\\Request))
#57 /Applications/XAMPP/xamppfiles/htdocs/auth/vendor/laravel/framework/src/Illuminate/Pipeline/Pipeline.php(219): Illuminate\\Foundation\\Http\\Middleware\\PreventRequestsDuringMaintenance->handle(Object(Illuminate\\Http\\Request), Object(Closure))
#58 /Applications/XAMPP/xamppfiles/htdocs/auth/vendor/laravel/framework/src/Illuminate/Http/Middleware/HandleCors.php(61): Illuminate\\Pipeline\\Pipeline->{closure:{closure:Illuminate\\Pipeline\\Pipeline::carry():194}:195}(Object(Illuminate\\Http\\Request))
#59 /Applications/XAMPP/xamppfiles/htdocs/auth/vendor/laravel/framework/src/Illuminate/Pipeline/Pipeline.php(219): Illuminate\\Http\\Middleware\\HandleCors->handle(Object(Illuminate\\Http\\Request), Object(Closure))
#60 /Applications/XAMPP/xamppfiles/htdocs/auth/vendor/laravel/framework/src/Illuminate/Http/Middleware/TrustProxies.php(58): Illuminate\\Pipeline\\Pipeline->{closure:{closure:Illuminate\\Pipeline\\Pipeline::carry():194}:195}(Object(Illuminate\\Http\\Request))
#61 /Applications/XAMPP/xamppfiles/htdocs/auth/vendor/laravel/framework/src/Illuminate/Pipeline/Pipeline.php(219): Illuminate\\Http\\Middleware\\TrustProxies->handle(Object(Illuminate\\Http\\Request), Object(Closure))
#62 /Applications/XAMPP/xamppfiles/htdocs/auth/vendor/laravel/framework/src/Illuminate/Foundation/Http/Middleware/InvokeDeferredCallbacks.php(22): Illuminate\\Pipeline\\Pipeline->{closure:{closure:Illuminate\\Pipeline\\Pipeline::carry():194}:195}(Object(Illuminate\\Http\\Request))
#63 /Applications/XAMPP/xamppfiles/htdocs/auth/vendor/laravel/framework/src/Illuminate/Pipeline/Pipeline.php(219): Illuminate\\Foundation\\Http\\Middleware\\InvokeDeferredCallbacks->handle(Object(Illuminate\\Http\\Request), Object(Closure))
#64 /Applications/XAMPP/xamppfiles/htdocs/auth/vendor/laravel/framework/src/Illuminate/Http/Middleware/ValidatePathEncoding.php(26): Illuminate\\Pipeline\\Pipeline->{closure:{closure:Illuminate\\Pipeline\\Pipeline::carry():194}:195}(Object(Illuminate\\Http\\Request))
#65 /Applications/XAMPP/xamppfiles/htdocs/auth/vendor/laravel/framework/src/Illuminate/Pipeline/Pipeline.php(219): Illuminate\\Http\\Middleware\\ValidatePathEncoding->handle(Object(Illuminate\\Http\\Request), Object(Closure))
#66 /Applications/XAMPP/xamppfiles/htdocs/auth/vendor/laravel/framework/src/Illuminate/Pipeline/Pipeline.php(137): Illuminate\\Pipeline\\Pipeline->{closure:{closure:Illuminate\\Pipeline\\Pipeline::carry():194}:195}(Object(Illuminate\\Http\\Request))
#67 /Applications/XAMPP/xamppfiles/htdocs/auth/vendor/laravel/framework/src/Illuminate/Foundation/Http/Kernel.php(175): Illuminate\\Pipeline\\Pipeline->then(Object(Closure))
#68 /Applications/XAMPP/xamppfiles/htdocs/auth/vendor/laravel/framework/src/Illuminate/Foundation/Http/Kernel.php(144): Illuminate\\Foundation\\Http\\Kernel->sendRequestThroughRouter(Object(Illuminate\\Http\\Request))
#69 /Applications/XAMPP/xamppfiles/htdocs/auth/vendor/laravel/framework/src/Illuminate/Foundation/Application.php(1220): Illuminate\\Foundation\\Http\\Kernel->handle(Object(Illuminate\\Http\\Request))
#70 /Applications/XAMPP/xamppfiles/htdocs/auth/public/index.php(20): Illuminate\\Foundation\\Application->handleRequest(Object(Illuminate\\Http\\Request))
#71 /Applications/XAMPP/xamppfiles/htdocs/auth/vendor/laravel/framework/src/Illuminate/Foundation/resources/server.php(23): require_once('/Applications/X...')
#72 {main}
"} 
[2026-02-10 15:44:04] local.ERROR: SQLSTATE[42000]: Syntax error or access violation: 1072 Key column 'user_id' doesn't exist in table (Connection: mysql, Host: 127.0.0.1, Port: 3306, Database: odin, SQL: alter table `tags` drop `user_id`) {"exception":"[object] (Illuminate\\Database\\QueryException(code: 42000): SQLSTATE[42000]: Syntax error or access violation: 1072 Key column 'user_id' doesn't exist in table (Connection: mysql, Host: 127.0.0.1, Port: 3306, Database: odin, SQL: alter table `tags` drop `user_id`) at /Applications/XAMPP/xamppfiles/htdocs/auth/vendor/laravel/framework/src/Illuminate/Database/Connection.php:838)
[stacktrace]
#0 /Applications/XAMPP/xamppfiles/htdocs/auth/vendor/laravel/framework/src/Illuminate/Database/Connection.php(794): Illuminate\\Database\\Connection->runQueryCallback('alter table `ta...', Array, Object(Closure))
#1 /Applications/XAMPP/xamppfiles/htdocs/auth/vendor/laravel/framework/src/Illuminate/Database/Connection.php(573): Illuminate\\Database\\Connection->run('alter table `ta...', Array, Object(Closure))
#2 /Applications/XAMPP/xamppfiles/htdocs/auth/vendor/laravel/framework/src/Illuminate/Database/Schema/Blueprint.php(121): Illuminate\\Database\\Connection->statement('alter table `ta...')
#3 /Applications/XAMPP/xamppfiles/htdocs/auth/vendor/laravel/framework/src/Illuminate/Database/Schema/Builder.php(684): Illuminate\\Database\\Schema\\Blueprint->build()
#4 /Applications/XAMPP/xamppfiles/htdocs/auth/vendor/laravel/framework/src/Illuminate/Database/Schema/Builder.php(494): Illuminate\\Database\\Schema\\Builder->build(Object(Illuminate\\Database\\Schema\\Blueprint))
#5 /Applications/XAMPP/xamppfiles/htdocs/auth/vendor/laravel/framework/src/Illuminate/Support/Facades/Facade.php(363): Illuminate\\Database\\Schema\\Builder->table('tags', Object(Closure))
#6 /Applications/XAMPP/xamppfiles/htdocs/auth/database/migrations/2026_02_10_154349_make_tags_global.php(11): Illuminate\\Support\\Facades\\Facade::__callStatic('table', Array)
#7 /Applications/XAMPP/xamppfiles/htdocs/auth/vendor/laravel/framework/src/Illuminate/Database/Migrations/Migrator.php(517): Illuminate\\Database\\Migrations\\Migration@anonymous->up()
#8 /Applications/XAMPP/xamppfiles/htdocs/auth/vendor/laravel/framework/src/Illuminate/Database/Migrations/Migrator.php(442): Illuminate\\Database\\Migrations\\Migrator->runMethod(Object(Illuminate\\Database\\MySqlConnection), Object(Illuminate\\Database\\Migrations\\Migration@anonymous), 'up')
#9 /Applications/XAMPP/xamppfiles/htdocs/auth/vendor/laravel/framework/src/Illuminate/Database/Migrations/Migrator.php(451): Illuminate\\Database\\Migrations\\Migrator->{closure:Illuminate\\Database\\Migrations\\Migrator::runMigration():438}()
#10 /Applications/XAMPP/xamppfiles/htdocs/auth/vendor/laravel/framework/src/Illuminate/Database/Migrations/Migrator.php(253): Illuminate\\Database\\Migrations\\Migrator->runMigration(Object(Illuminate\\Database\\Migrations\\Migration@anonymous), 'up')
#11 /Applications/XAMPP/xamppfiles/htdocs/auth/vendor/laravel/framework/src/Illuminate/Console/View/Components/Task.php(41): Illuminate\\Database\\Migrations\\Migrator->{closure:Illuminate\\Database\\Migrations\\Migrator::runUp():253}()
#12 /Applications/XAMPP/xamppfiles/htdocs/auth/vendor/laravel/framework/src/Illuminate/Database/Migrations/Migrator.php(812): Illuminate\\Console\\View\\Components\\Task->render('2026_02_10_1543...', Object(Closure))
#13 /Applications/XAMPP/xamppfiles/htdocs/auth/vendor/laravel/framework/src/Illuminate/Database/Migrations/Migrator.php(253): Illuminate\\Database\\Migrations\\Migrator->write('Illuminate\\\\Cons...', '2026_02_10_1543...', Object(Closure))
#14 /Applications/XAMPP/xamppfiles/htdocs/auth/vendor/laravel/framework/src/Illuminate/Database/Migrations/Migrator.php(211): Illuminate\\Database\\Migrations\\Migrator->runUp('/Applications/X...', 9, false)
#15 /Applications/XAMPP/xamppfiles/htdocs/auth/vendor/laravel/framework/src/Illuminate/Database/Migrations/Migrator.php(138): Illuminate\\Database\\Migrations\\Migrator->runPending(Array, Array)
#16 /Applications/XAMPP/xamppfiles/htdocs/auth/vendor/laravel/framework/src/Illuminate/Database/Console/Migrations/MigrateCommand.php(116): Illuminate\\Database\\Migrations\\Migrator->run(Array, Array)
#17 /Applications/XAMPP/xamppfiles/htdocs/auth/vendor/laravel/framework/src/Illuminate/Database/Migrations/Migrator.php(669): Illuminate\\Database\\Console\\Migrations\\MigrateCommand->{closure:Illuminate\\Database\\Console\\Migrations\\MigrateCommand::runMigrations():109}()
#18 /Applications/XAMPP/xamppfiles/htdocs/auth/vendor/laravel/framework/src/Illuminate/Database/Console/Migrations/MigrateCommand.php(109): Illuminate\\Database\\Migrations\\Migrator->usingConnection(NULL, Object(Closure))
#19 /Applications/XAMPP/xamppfiles/htdocs/auth/vendor/laravel/framework/src/Illuminate/Database/Console/Migrations/MigrateCommand.php(88): Illuminate\\Database\\Console\\Migrations\\MigrateCommand->runMigrations()
#20 /Applications/XAMPP/xamppfiles/htdocs/auth/vendor/laravel/framework/src/Illuminate/Container/BoundMethod.php(36): Illuminate\\Database\\Console\\Migrations\\MigrateCommand->handle()
#21 /Applications/XAMPP/xamppfiles/htdocs/auth/vendor/laravel/framework/src/Illuminate/Container/Util.php(43): Illuminate\\Container\\BoundMethod::{closure:Illuminate\\Container\\BoundMethod::call():35}()
#22 /Applications/XAMPP/xamppfiles/htdocs/auth/vendor/laravel/framework/src/Illuminate/Container/BoundMethod.php(96): Illuminate\\Container\\Util::unwrapIfClosure(Object(Closure))
#23 /Applications/XAMPP/xamppfiles/htdocs/auth/vendor/laravel/framework/src/Illuminate/Container/BoundMethod.php(35): Illuminate\\Container\\BoundMethod::callBoundMethod(Object(Illuminate\\Foundation\\Application), Array, Object(Closure))
#24 /Applications/XAMPP/xamppfiles/htdocs/auth/vendor/laravel/framework/src/Illuminate/Container/Container.php(799): Illuminate\\Container\\BoundMethod::call(Object(Illuminate\\Foundation\\Application), Array, Array, NULL)
#25 /Applications/XAMPP/xamppfiles/htdocs/auth/vendor/laravel/framework/src/Illuminate/Console/Command.php(211): Illuminate\\Container\\Container->call(Array)
#26 /Applications/XAMPP/xamppfiles/htdocs/auth/vendor/symfony/console/Command/Command.php(341): Illuminate\\Console\\Command->execute(Object(Symfony\\Component\\Console\\Input\\ArgvInput), Object(Illuminate\\Console\\OutputStyle))
#27 /Applications/XAMPP/xamppfiles/htdocs/auth/vendor/laravel/framework/src/Illuminate/Console/Command.php(180): Symfony\\Component\\Console\\Command\\Command->run(Object(Symfony\\Component\\Console\\Input\\ArgvInput), Object(Illuminate\\Console\\OutputStyle))
#28 /Applications/XAMPP/xamppfiles/htdocs/auth/vendor/symfony/console/Application.php(1102): Illuminate\\Console\\Command->run(Object(Symfony\\Component\\Console\\Input\\ArgvInput), Object(Symfony\\Component\\Console\\Output\\ConsoleOutput))
#29 /Applications/XAMPP/xamppfiles/htdocs/auth/vendor/symfony/console/Application.php(356): Symfony\\Component\\Console\\Application->doRunCommand(Object(Illuminate\\Database\\Console\\Migrations\\MigrateCommand), Object(Symfony\\Component\\Console\\Input\\ArgvInput), Object(Symfony\\Component\\Console\\Output\\ConsoleOutput))
#30 /Applications/XAMPP/xamppfiles/htdocs/auth/vendor/symfony/console/Application.php(195): Symfony\\Component\\Console\\Application->doRun(Object(Symfony\\Component\\Console\\Input\\ArgvInput), Object(Symfony\\Component\\Console\\Output\\ConsoleOutput))
#31 /Applications/XAMPP/xamppfiles/htdocs/auth/vendor/laravel/framework/src/Illuminate/Foundation/Console/Kernel.php(198): Symfony\\Component\\Console\\Application->run(Object(Symfony\\Component\\Console\\Input\\ArgvInput), Object(Symfony\\Component\\Console\\Output\\ConsoleOutput))
#32 /Applications/XAMPP/xamppfiles/htdocs/auth/vendor/laravel/framework/src/Illuminate/Foundation/Application.php(1235): Illuminate\\Foundation\\Console\\Kernel->handle(Object(Symfony\\Component\\Console\\Input\\ArgvInput), Object(Symfony\\Component\\Console\\Output\\ConsoleOutput))
#33 /Applications/XAMPP/xamppfiles/htdocs/auth/artisan(16): Illuminate\\Foundation\\Application->handleCommand(Object(Symfony\\Component\\Console\\Input\\ArgvInput))
#34 {main}

[previous exception] [object] (PDOException(code: 42000): SQLSTATE[42000]: Syntax error or access violation: 1072 Key column 'user_id' doesn't exist in table at /Applications/XAMPP/xamppfiles/htdocs/auth/vendor/laravel/framework/src/Illuminate/Database/Connection.php:584)
[stacktrace]
#0 /Applications/XAMPP/xamppfiles/htdocs/auth/vendor/laravel/framework/src/Illuminate/Database/Connection.php(584): PDOStatement->execute()
#1 /Applications/XAMPP/xamppfiles/htdocs/auth/vendor/laravel/framework/src/Illuminate/Database/Connection.php(827): Illuminate\\Database\\Connection->{closure:Illuminate\\Database\\Connection::statement():573}('alter table `ta...', Array)
#2 /Applications/XAMPP/xamppfiles/htdocs/auth/vendor/laravel/framework/src/Illuminate/Database/Connection.php(794): Illuminate\\Database\\Connection->runQueryCallback('alter table `ta...', Array, Object(Closure))
#3 /Applications/XAMPP/xamppfiles/htdocs/auth/vendor/laravel/framework/src/Illuminate/Database/Connection.php(573): Illuminate\\Database\\Connection->run('alter table `ta...', Array, Object(Closure))
#4 /Applications/XAMPP/xamppfiles/htdocs/auth/vendor/laravel/framework/src/Illuminate/Database/Schema/Blueprint.php(121): Illuminate\\Database\\Connection->statement('alter table `ta...')
#5 /Applications/XAMPP/xamppfiles/htdocs/auth/vendor/laravel/framework/src/Illuminate/Database/Schema/Builder.php(684): Illuminate\\Database\\Schema\\Blueprint->build()
#6 /Applications/XAMPP/xamppfiles/htdocs/auth/vendor/laravel/framework/src/Illuminate/Database/Schema/Builder.php(494): Illuminate\\Database\\Schema\\Builder->build(Object(Illuminate\\Database\\Schema\\Blueprint))
#7 /Applications/XAMPP/xamppfiles/htdocs/auth/vendor/laravel/framework/src/Illuminate/Support/Facades/Facade.php(363): Illuminate\\Database\\Schema\\Builder->table('tags', Object(Closure))
#8 /Applications/XAMPP/xamppfiles/htdocs/auth/database/migrations/2026_02_10_154349_make_tags_global.php(11): Illuminate\\Support\\Facades\\Facade::__callStatic('table', Array)
#9 /Applications/XAMPP/xamppfiles/htdocs/auth/vendor/laravel/framework/src/Illuminate/Database/Migrations/Migrator.php(517): Illuminate\\Database\\Migrations\\Migration@anonymous->up()
#10 /Applications/XAMPP/xamppfiles/htdocs/auth/vendor/laravel/framework/src/Illuminate/Database/Migrations/Migrator.php(442): Illuminate\\Database\\Migrations\\Migrator->runMethod(Object(Illuminate\\Database\\MySqlConnection), Object(Illuminate\\Database\\Migrations\\Migration@anonymous), 'up')
#11 /Applications/XAMPP/xamppfiles/htdocs/auth/vendor/laravel/framework/src/Illuminate/Database/Migrations/Migrator.php(451): Illuminate\\Database\\Migrations\\Migrator->{closure:Illuminate\\Database\\Migrations\\Migrator::runMigration():438}()
#12 /Applications/XAMPP/xamppfiles/htdocs/auth/vendor/laravel/framework/src/Illuminate/Database/Migrations/Migrator.php(253): Illuminate\\Database\\Migrations\\Migrator->runMigration(Object(Illuminate\\Database\\Migrations\\Migration@anonymous), 'up')
#13 /Applications/XAMPP/xamppfiles/htdocs/auth/vendor/laravel/framework/src/Illuminate/Console/View/Components/Task.php(41): Illuminate\\Database\\Migrations\\Migrator->{closure:Illuminate\\Database\\Migrations\\Migrator::runUp():253}()
#14 /Applications/XAMPP/xamppfiles/htdocs/auth/vendor/laravel/framework/src/Illuminate/Database/Migrations/Migrator.php(812): Illuminate\\Console\\View\\Components\\Task->render('2026_02_10_1543...', Object(Closure))
#15 /Applications/XAMPP/xamppfiles/htdocs/auth/vendor/laravel/framework/src/Illuminate/Database/Migrations/Migrator.php(253): Illuminate\\Database\\Migrations\\Migrator->write('Illuminate\\\\Cons...', '2026_02_10_1543...', Object(Closure))
#16 /Applications/XAMPP/xamppfiles/htdocs/auth/vendor/laravel/framework/src/Illuminate/Database/Migrations/Migrator.php(211): Illuminate\\Database\\Migrations\\Migrator->runUp('/Applications/X...', 9, false)
#17 /Applications/XAMPP/xamppfiles/htdocs/auth/vendor/laravel/framework/src/Illuminate/Database/Migrations/Migrator.php(138): Illuminate\\Database\\Migrations\\Migrator->runPending(Array, Array)
#18 /Applications/XAMPP/xamppfiles/htdocs/auth/vendor/laravel/framework/src/Illuminate/Database/Console/Migrations/MigrateCommand.php(116): Illuminate\\Database\\Migrations\\Migrator->run(Array, Array)
#19 /Applications/XAMPP/xamppfiles/htdocs/auth/vendor/laravel/framework/src/Illuminate/Database/Migrations/Migrator.php(669): Illuminate\\Database\\Console\\Migrations\\MigrateCommand->{closure:Illuminate\\Database\\Console\\Migrations\\MigrateCommand::runMigrations():109}()
#20 /Applications/XAMPP/xamppfiles/htdocs/auth/vendor/laravel/framework/src/Illuminate/Database/Console/Migrations/MigrateCommand.php(109): Illuminate\\Database\\Migrations\\Migrator->usingConnection(NULL, Object(Closure))
#21 /Applications/XAMPP/xamppfiles/htdocs/auth/vendor/laravel/framework/src/Illuminate/Database/Console/Migrations/MigrateCommand.php(88): Illuminate\\Database\\Console\\Migrations\\MigrateCommand->runMigrations()
#22 /Applications/XAMPP/xamppfiles/htdocs/auth/vendor/laravel/framework/src/Illuminate/Container/BoundMethod.php(36): Illuminate\\Database\\Console\\Migrations\\MigrateCommand->handle()
#23 /Applications/XAMPP/xamppfiles/htdocs/auth/vendor/laravel/framework/src/Illuminate/Container/Util.php(43): Illuminate\\Container\\BoundMethod::{closure:Illuminate\\Container\\BoundMethod::call():35}()
#24 /Applications/XAMPP/xamppfiles/htdocs/auth/vendor/laravel/framework/src/Illuminate/Container/BoundMethod.php(96): Illuminate\\Container\\Util::unwrapIfClosure(Object(Closure))
#25 /Applications/XAMPP/xamppfiles/htdocs/auth/vendor/laravel/framework/src/Illuminate/Container/BoundMethod.php(35): Illuminate\\Container\\BoundMethod::callBoundMethod(Object(Illuminate\\Foundation\\Application), Array, Object(Closure))
#26 /Applications/XAMPP/xamppfiles/htdocs/auth/vendor/laravel/framework/src/Illuminate/Container/Container.php(799): Illuminate\\Container\\BoundMethod::call(Object(Illuminate\\Foundation\\Application), Array, Array, NULL)
#27 /Applications/XAMPP/xamppfiles/htdocs/auth/vendor/laravel/framework/src/Illuminate/Console/Command.php(211): Illuminate\\Container\\Container->call(Array)
#28 /Applications/XAMPP/xamppfiles/htdocs/auth/vendor/symfony/console/Command/Command.php(341): Illuminate\\Console\\Command->execute(Object(Symfony\\Component\\Console\\Input\\ArgvInput), Object(Illuminate\\Console\\OutputStyle))
#29 /Applications/XAMPP/xamppfiles/htdocs/auth/vendor/laravel/framework/src/Illuminate/Console/Command.php(180): Symfony\\Component\\Console\\Command\\Command->run(Object(Symfony\\Component\\Console\\Input\\ArgvInput), Object(Illuminate\\Console\\OutputStyle))
#30 /Applications/XAMPP/xamppfiles/htdocs/auth/vendor/symfony/console/Application.php(1102): Illuminate\\Console\\Command->run(Object(Symfony\\Component\\Console\\Input\\ArgvInput), Object(Symfony\\Component\\Console\\Output\\ConsoleOutput))
#31 /Applications/XAMPP/xamppfiles/htdocs/auth/vendor/symfony/console/Application.php(356): Symfony\\Component\\Console\\Application->doRunCommand(Object(Illuminate\\Database\\Console\\Migrations\\MigrateCommand), Object(Symfony\\Component\\Console\\Input\\ArgvInput), Object(Symfony\\Component\\Console\\Output\\ConsoleOutput))
#32 /Applications/XAMPP/xamppfiles/htdocs/auth/vendor/symfony/console/Application.php(195): Symfony\\Component\\Console\\Application->doRun(Object(Symfony\\Component\\Console\\Input\\ArgvInput), Object(Symfony\\Component\\Console\\Output\\ConsoleOutput))
#33 /Applications/XAMPP/xamppfiles/htdocs/auth/vendor/laravel/framework/src/Illuminate/Foundation/Console/Kernel.php(198): Symfony\\Component\\Console\\Application->run(Object(Symfony\\Component\\Console\\Input\\ArgvInput), Object(Symfony\\Component\\Console\\Output\\ConsoleOutput))
#34 /Applications/XAMPP/xamppfiles/htdocs/auth/vendor/laravel/framework/src/Illuminate/Foundation/Application.php(1235): Illuminate\\Foundation\\Console\\Kernel->handle(Object(Symfony\\Component\\Console\\Input\\ArgvInput), Object(Symfony\\Component\\Console\\Output\\ConsoleOutput))
#35 /Applications/XAMPP/xamppfiles/htdocs/auth/artisan(16): Illuminate\\Foundation\\Application->handleCommand(Object(Symfony\\Component\\Console\\Input\\ArgvInput))
#36 {main}
"} 
[2026-02-10 15:44:30] local.ERROR: SQLSTATE[42000]: Syntax error or access violation: 1091 Can't DROP FOREIGN KEY `tags_user_id_foreign`; check that it exists (Connection: mysql, Host: 127.0.0.1, Port: 3306, Database: odin, SQL: alter table `tags` drop foreign key `tags_user_id_foreign`) {"exception":"[object] (Illuminate\\Database\\QueryException(code: 42000): SQLSTATE[42000]: Syntax error or access violation: 1091 Can't DROP FOREIGN KEY `tags_user_id_foreign`; check that it exists (Connection: mysql, Host: 127.0.0.1, Port: 3306, Database: odin, SQL: alter table `tags` drop foreign key `tags_user_id_foreign`) at /Applications/XAMPP/xamppfiles/htdocs/auth/vendor/laravel/framework/src/Illuminate/Database/Connection.php:838)
[stacktrace]
#0 /Applications/XAMPP/xamppfiles/htdocs/auth/vendor/laravel/framework/src/Illuminate/Database/Connection.php(794): Illuminate\\Database\\Connection->runQueryCallback('alter table `ta...', Array, Object(Closure))
#1 /Applications/XAMPP/xamppfiles/htdocs/auth/vendor/laravel/framework/src/Illuminate/Database/Connection.php(573): Illuminate\\Database\\Connection->run('alter table `ta...', Array, Object(Closure))
#2 /Applications/XAMPP/xamppfiles/htdocs/auth/vendor/laravel/framework/src/Illuminate/Database/Schema/Blueprint.php(121): Illuminate\\Database\\Connection->statement('alter table `ta...')
#3 /Applications/XAMPP/xamppfiles/htdocs/auth/vendor/laravel/framework/src/Illuminate/Database/Schema/Builder.php(684): Illuminate\\Database\\Schema\\Blueprint->build()
#4 /Applications/XAMPP/xamppfiles/htdocs/auth/vendor/laravel/framework/src/Illuminate/Database/Schema/Builder.php(494): Illuminate\\Database\\Schema\\Builder->build(Object(Illuminate\\Database\\Schema\\Blueprint))
#5 /Applications/XAMPP/xamppfiles/htdocs/auth/vendor/laravel/framework/src/Illuminate/Support/Facades/Facade.php(363): Illuminate\\Database\\Schema\\Builder->table('tags', Object(Closure))
#6 /Applications/XAMPP/xamppfiles/htdocs/auth/database/migrations/2026_02_10_154349_make_tags_global.php(11): Illuminate\\Support\\Facades\\Facade::__callStatic('table', Array)
#7 /Applications/XAMPP/xamppfiles/htdocs/auth/vendor/laravel/framework/src/Illuminate/Database/Migrations/Migrator.php(517): Illuminate\\Database\\Migrations\\Migration@anonymous->up()
#8 /Applications/XAMPP/xamppfiles/htdocs/auth/vendor/laravel/framework/src/Illuminate/Database/Migrations/Migrator.php(442): Illuminate\\Database\\Migrations\\Migrator->runMethod(Object(Illuminate\\Database\\MySqlConnection), Object(Illuminate\\Database\\Migrations\\Migration@anonymous), 'up')
#9 /Applications/XAMPP/xamppfiles/htdocs/auth/vendor/laravel/framework/src/Illuminate/Database/Migrations/Migrator.php(451): Illuminate\\Database\\Migrations\\Migrator->{closure:Illuminate\\Database\\Migrations\\Migrator::runMigration():438}()
#10 /Applications/XAMPP/xamppfiles/htdocs/auth/vendor/laravel/framework/src/Illuminate/Database/Migrations/Migrator.php(253): Illuminate\\Database\\Migrations\\Migrator->runMigration(Object(Illuminate\\Database\\Migrations\\Migration@anonymous), 'up')
#11 /Applications/XAMPP/xamppfiles/htdocs/auth/vendor/laravel/framework/src/Illuminate/Console/View/Components/Task.php(41): Illuminate\\Database\\Migrations\\Migrator->{closure:Illuminate\\Database\\Migrations\\Migrator::runUp():253}()
#12 /Applications/XAMPP/xamppfiles/htdocs/auth/vendor/laravel/framework/src/Illuminate/Database/Migrations/Migrator.php(812): Illuminate\\Console\\View\\Components\\Task->render('2026_02_10_1543...', Object(Closure))
#13 /Applications/XAMPP/xamppfiles/htdocs/auth/vendor/laravel/framework/src/Illuminate/Database/Migrations/Migrator.php(253): Illuminate\\Database\\Migrations\\Migrator->write('Illuminate\\\\Cons...', '2026_02_10_1543...', Object(Closure))
#14 /Applications/XAMPP/xamppfiles/htdocs/auth/vendor/laravel/framework/src/Illuminate/Database/Migrations/Migrator.php(211): Illuminate\\Database\\Migrations\\Migrator->runUp('/Applications/X...', 9, false)
#15 /Applications/XAMPP/xamppfiles/htdocs/auth/vendor/laravel/framework/src/Illuminate/Database/Migrations/Migrator.php(138): Illuminate\\Database\\Migrations\\Migrator->runPending(Array, Array)
#16 /Applications/XAMPP/xamppfiles/htdocs/auth/vendor/laravel/framework/src/Illuminate/Database/Console/Migrations/MigrateCommand.php(116): Illuminate\\Database\\Migrations\\Migrator->run(Array, Array)
#17 /Applications/XAMPP/xamppfiles/htdocs/auth/vendor/laravel/framework/src/Illuminate/Database/Migrations/Migrator.php(669): Illuminate\\Database\\Console\\Migrations\\MigrateCommand->{closure:Illuminate\\Database\\Console\\Migrations\\MigrateCommand::runMigrations():109}()
#18 /Applications/XAMPP/xamppfiles/htdocs/auth/vendor/laravel/framework/src/Illuminate/Database/Console/Migrations/MigrateCommand.php(109): Illuminate\\Database\\Migrations\\Migrator->usingConnection(NULL, Object(Closure))
#19 /Applications/XAMPP/xamppfiles/htdocs/auth/vendor/laravel/framework/src/Illuminate/Database/Console/Migrations/MigrateCommand.php(88): Illuminate\\Database\\Console\\Migrations\\MigrateCommand->runMigrations()
#20 /Applications/XAMPP/xamppfiles/htdocs/auth/vendor/laravel/framework/src/Illuminate/Container/BoundMethod.php(36): Illuminate\\Database\\Console\\Migrations\\MigrateCommand->handle()
#21 /Applications/XAMPP/xamppfiles/htdocs/auth/vendor/laravel/framework/src/Illuminate/Container/Util.php(43): Illuminate\\Container\\BoundMethod::{closure:Illuminate\\Container\\BoundMethod::call():35}()
#22 /Applications/XAMPP/xamppfiles/htdocs/auth/vendor/laravel/framework/src/Illuminate/Container/BoundMethod.php(96): Illuminate\\Container\\Util::unwrapIfClosure(Object(Closure))
#23 /Applications/XAMPP/xamppfiles/htdocs/auth/vendor/laravel/framework/src/Illuminate/Container/BoundMethod.php(35): Illuminate\\Container\\BoundMethod::callBoundMethod(Object(Illuminate\\Foundation\\Application), Array, Object(Closure))
#24 /Applications/XAMPP/xamppfiles/htdocs/auth/vendor/laravel/framework/src/Illuminate/Container/Container.php(799): Illuminate\\Container\\BoundMethod::call(Object(Illuminate\\Foundation\\Application), Array, Array, NULL)
#25 /Applications/XAMPP/xamppfiles/htdocs/auth/vendor/laravel/framework/src/Illuminate/Console/Command.php(211): Illuminate\\Container\\Container->call(Array)
#26 /Applications/XAMPP/xamppfiles/htdocs/auth/vendor/symfony/console/Command/Command.php(341): Illuminate\\Console\\Command->execute(Object(Symfony\\Component\\Console\\Input\\ArgvInput), Object(Illuminate\\Console\\OutputStyle))
#27 /Applications/XAMPP/xamppfiles/htdocs/auth/vendor/laravel/framework/src/Illuminate/Console/Command.php(180): Symfony\\Component\\Console\\Command\\Command->run(Object(Symfony\\Component\\Console\\Input\\ArgvInput), Object(Illuminate\\Console\\OutputStyle))
#28 /Applications/XAMPP/xamppfiles/htdocs/auth/vendor/symfony/console/Application.php(1102): Illuminate\\Console\\Command->run(Object(Symfony\\Component\\Console\\Input\\ArgvInput), Object(Symfony\\Component\\Console\\Output\\ConsoleOutput))
#29 /Applications/XAMPP/xamppfiles/htdocs/auth/vendor/symfony/console/Application.php(356): Symfony\\Component\\Console\\Application->doRunCommand(Object(Illuminate\\Database\\Console\\Migrations\\MigrateCommand), Object(Symfony\\Component\\Console\\Input\\ArgvInput), Object(Symfony\\Component\\Console\\Output\\ConsoleOutput))
#30 /Applications/XAMPP/xamppfiles/htdocs/auth/vendor/symfony/console/Application.php(195): Symfony\\Component\\Console\\Application->doRun(Object(Symfony\\Component\\Console\\Input\\ArgvInput), Object(Symfony\\Component\\Console\\Output\\ConsoleOutput))
#31 /Applications/XAMPP/xamppfiles/htdocs/auth/vendor/laravel/framework/src/Illuminate/Foundation/Console/Kernel.php(198): Symfony\\Component\\Console\\Application->run(Object(Symfony\\Component\\Console\\Input\\ArgvInput), Object(Symfony\\Component\\Console\\Output\\ConsoleOutput))
#32 /Applications/XAMPP/xamppfiles/htdocs/auth/vendor/laravel/framework/src/Illuminate/Foundation/Application.php(1235): Illuminate\\Foundation\\Console\\Kernel->handle(Object(Symfony\\Component\\Console\\Input\\ArgvInput), Object(Symfony\\Component\\Console\\Output\\ConsoleOutput))
#33 /Applications/XAMPP/xamppfiles/htdocs/auth/artisan(16): Illuminate\\Foundation\\Application->handleCommand(Object(Symfony\\Component\\Console\\Input\\ArgvInput))
#34 {main}

[previous exception] [object] (PDOException(code: 42000): SQLSTATE[42000]: Syntax error or access violation: 1091 Can't DROP FOREIGN KEY `tags_user_id_foreign`; check that it exists at /Applications/XAMPP/xamppfiles/htdocs/auth/vendor/laravel/framework/src/Illuminate/Database/Connection.php:584)
[stacktrace]
#0 /Applications/XAMPP/xamppfiles/htdocs/auth/vendor/laravel/framework/src/Illuminate/Database/Connection.php(584): PDOStatement->execute()
#1 /Applications/XAMPP/xamppfiles/htdocs/auth/vendor/laravel/framework/src/Illuminate/Database/Connection.php(827): Illuminate\\Database\\Connection->{closure:Illuminate\\Database\\Connection::statement():573}('alter table `ta...', Array)
#2 /Applications/XAMPP/xamppfiles/htdocs/auth/vendor/laravel/framework/src/Illuminate/Database/Connection.php(794): Illuminate\\Database\\Connection->runQueryCallback('alter table `ta...', Array, Object(Closure))
#3 /Applications/XAMPP/xamppfiles/htdocs/auth/vendor/laravel/framework/src/Illuminate/Database/Connection.php(573): Illuminate\\Database\\Connection->run('alter table `ta...', Array, Object(Closure))
#4 /Applications/XAMPP/xamppfiles/htdocs/auth/vendor/laravel/framework/src/Illuminate/Database/Schema/Blueprint.php(121): Illuminate\\Database\\Connection->statement('alter table `ta...')
#5 /Applications/XAMPP/xamppfiles/htdocs/auth/vendor/laravel/framework/src/Illuminate/Database/Schema/Builder.php(684): Illuminate\\Database\\Schema\\Blueprint->build()
#6 /Applications/XAMPP/xamppfiles/htdocs/auth/vendor/laravel/framework/src/Illuminate/Database/Schema/Builder.php(494): Illuminate\\Database\\Schema\\Builder->build(Object(Illuminate\\Database\\Schema\\Blueprint))
#7 /Applications/XAMPP/xamppfiles/htdocs/auth/vendor/laravel/framework/src/Illuminate/Support/Facades/Facade.php(363): Illuminate\\Database\\Schema\\Builder->table('tags', Object(Closure))
#8 /Applications/XAMPP/xamppfiles/htdocs/auth/database/migrations/2026_02_10_154349_make_tags_global.php(11): Illuminate\\Support\\Facades\\Facade::__callStatic('table', Array)
#9 /Applications/XAMPP/xamppfiles/htdocs/auth/vendor/laravel/framework/src/Illuminate/Database/Migrations/Migrator.php(517): Illuminate\\Database\\Migrations\\Migration@anonymous->up()
#10 /Applications/XAMPP/xamppfiles/htdocs/auth/vendor/laravel/framework/src/Illuminate/Database/Migrations/Migrator.php(442): Illuminate\\Database\\Migrations\\Migrator->runMethod(Object(Illuminate\\Database\\MySqlConnection), Object(Illuminate\\Database\\Migrations\\Migration@anonymous), 'up')
#11 /Applications/XAMPP/xamppfiles/htdocs/auth/vendor/laravel/framework/src/Illuminate/Database/Migrations/Migrator.php(451): Illuminate\\Database\\Migrations\\Migrator->{closure:Illuminate\\Database\\Migrations\\Migrator::runMigration():438}()
#12 /Applications/XAMPP/xamppfiles/htdocs/auth/vendor/laravel/framework/src/Illuminate/Database/Migrations/Migrator.php(253): Illuminate\\Database\\Migrations\\Migrator->runMigration(Object(Illuminate\\Database\\Migrations\\Migration@anonymous), 'up')
#13 /Applications/XAMPP/xamppfiles/htdocs/auth/vendor/laravel/framework/src/Illuminate/Console/View/Components/Task.php(41): Illuminate\\Database\\Migrations\\Migrator->{closure:Illuminate\\Database\\Migrations\\Migrator::runUp():253}()
#14 /Applications/XAMPP/xamppfiles/htdocs/auth/vendor/laravel/framework/src/Illuminate/Database/Migrations/Migrator.php(812): Illuminate\\Console\\View\\Components\\Task->render('2026_02_10_1543...', Object(Closure))
#15 /Applications/XAMPP/xamppfiles/htdocs/auth/vendor/laravel/framework/src/Illuminate/Database/Migrations/Migrator.php(253): Illuminate\\Database\\Migrations\\Migrator->write('Illuminate\\\\Cons...', '2026_02_10_1543...', Object(Closure))
#16 /Applications/XAMPP/xamppfiles/htdocs/auth/vendor/laravel/framework/src/Illuminate/Database/Migrations/Migrator.php(211): Illuminate\\Database\\Migrations\\Migrator->runUp('/Applications/X...', 9, false)
#17 /Applications/XAMPP/xamppfiles/htdocs/auth/vendor/laravel/framework/src/Illuminate/Database/Migrations/Migrator.php(138): Illuminate\\Database\\Migrations\\Migrator->runPending(Array, Array)
#18 /Applications/XAMPP/xamppfiles/htdocs/auth/vendor/laravel/framework/src/Illuminate/Database/Console/Migrations/MigrateCommand.php(116): Illuminate\\Database\\Migrations\\Migrator->run(Array, Array)
#19 /Applications/XAMPP/xamppfiles/htdocs/auth/vendor/laravel/framework/src/Illuminate/Database/Migrations/Migrator.php(669): Illuminate\\Database\\Console\\Migrations\\MigrateCommand->{closure:Illuminate\\Database\\Console\\Migrations\\MigrateCommand::runMigrations():109}()
#20 /Applications/XAMPP/xamppfiles/htdocs/auth/vendor/laravel/framework/src/Illuminate/Database/Console/Migrations/MigrateCommand.php(109): Illuminate\\Database\\Migrations\\Migrator->usingConnection(NULL, Object(Closure))
#21 /Applications/XAMPP/xamppfiles/htdocs/auth/vendor/laravel/framework/src/Illuminate/Database/Console/Migrations/MigrateCommand.php(88): Illuminate\\Database\\Console\\Migrations\\MigrateCommand->runMigrations()
#22 /Applications/XAMPP/xamppfiles/htdocs/auth/vendor/laravel/framework/src/Illuminate/Container/BoundMethod.php(36): Illuminate\\Database\\Console\\Migrations\\MigrateCommand->handle()
#23 /Applications/XAMPP/xamppfiles/htdocs/auth/vendor/laravel/framework/src/Illuminate/Container/Util.php(43): Illuminate\\Container\\BoundMethod::{closure:Illuminate\\Container\\BoundMethod::call():35}()
#24 /Applications/XAMPP/xamppfiles/htdocs/auth/vendor/laravel/framework/src/Illuminate/Container/BoundMethod.php(96): Illuminate\\Container\\Util::unwrapIfClosure(Object(Closure))
#25 /Applications/XAMPP/xamppfiles/htdocs/auth/vendor/laravel/framework/src/Illuminate/Container/BoundMethod.php(35): Illuminate\\Container\\BoundMethod::callBoundMethod(Object(Illuminate\\Foundation\\Application), Array, Object(Closure))
#26 /Applications/XAMPP/xamppfiles/htdocs/auth/vendor/laravel/framework/src/Illuminate/Container/Container.php(799): Illuminate\\Container\\BoundMethod::call(Object(Illuminate\\Foundation\\Application), Array, Array, NULL)
#27 /Applications/XAMPP/xamppfiles/htdocs/auth/vendor/laravel/framework/src/Illuminate/Console/Command.php(211): Illuminate\\Container\\Container->call(Array)
#28 /Applications/XAMPP/xamppfiles/htdocs/auth/vendor/symfony/console/Command/Command.php(341): Illuminate\\Console\\Command->execute(Object(Symfony\\Component\\Console\\Input\\ArgvInput), Object(Illuminate\\Console\\OutputStyle))
#29 /Applications/XAMPP/xamppfiles/htdocs/auth/vendor/laravel/framework/src/Illuminate/Console/Command.php(180): Symfony\\Component\\Console\\Command\\Command->run(Object(Symfony\\Component\\Console\\Input\\ArgvInput), Object(Illuminate\\Console\\OutputStyle))
#30 /Applications/XAMPP/xamppfiles/htdocs/auth/vendor/symfony/console/Application.php(1102): Illuminate\\Console\\Command->run(Object(Symfony\\Component\\Console\\Input\\ArgvInput), Object(Symfony\\Component\\Console\\Output\\ConsoleOutput))
#31 /Applications/XAMPP/xamppfiles/htdocs/auth/vendor/symfony/console/Application.php(356): Symfony\\Component\\Console\\Application->doRunCommand(Object(Illuminate\\Database\\Console\\Migrations\\MigrateCommand), Object(Symfony\\Component\\Console\\Input\\ArgvInput), Object(Symfony\\Component\\Console\\Output\\ConsoleOutput))
#32 /Applications/XAMPP/xamppfiles/htdocs/auth/vendor/symfony/console/Application.php(195): Symfony\\Component\\Console\\Application->doRun(Object(Symfony\\Component\\Console\\Input\\ArgvInput), Object(Symfony\\Component\\Console\\Output\\ConsoleOutput))
#33 /Applications/XAMPP/xamppfiles/htdocs/auth/vendor/laravel/framework/src/Illuminate/Foundation/Console/Kernel.php(198): Symfony\\Component\\Console\\Application->run(Object(Symfony\\Component\\Console\\Input\\ArgvInput), Object(Symfony\\Component\\Console\\Output\\ConsoleOutput))
#34 /Applications/XAMPP/xamppfiles/htdocs/auth/vendor/laravel/framework/src/Illuminate/Foundation/Application.php(1235): Illuminate\\Foundation\\Console\\Kernel->handle(Object(Symfony\\Component\\Console\\Input\\ArgvInput), Object(Symfony\\Component\\Console\\Output\\ConsoleOutput))
#35 /Applications/XAMPP/xamppfiles/htdocs/auth/artisan(16): Illuminate\\Foundation\\Application->handleCommand(Object(Symfony\\Component\\Console\\Input\\ArgvInput))
#36 {main}
"} 
[2026-02-10 15:47:28] local.ERROR: Class "App\Http\Controllers\Tag" not found {"userId":3,"exception":"[object] (Error(code: 0): Class \"App\\Http\\Controllers\\Tag\" not found at /Applications/XAMPP/xamppfiles/htdocs/auth/app/Http/Controllers/DashboardController.php:32)
[stacktrace]
#0 /Applications/XAMPP/xamppfiles/htdocs/auth/vendor/laravel/framework/src/Illuminate/Routing/ControllerDispatcher.php(46): App\\Http\\Controllers\\DashboardController->index()
#1 /Applications/XAMPP/xamppfiles/htdocs/auth/vendor/laravel/framework/src/Illuminate/Routing/Route.php(265): Illuminate\\Routing\\ControllerDispatcher->dispatch(Object(Illuminate\\Routing\\Route), Object(App\\Http\\Controllers\\DashboardController), 'index')
#2 /Applications/XAMPP/xamppfiles/htdocs/auth/vendor/laravel/framework/src/Illuminate/Routing/Route.php(211): Illuminate\\Routing\\Route->runController()
#3 /Applications/XAMPP/xamppfiles/htdocs/auth/vendor/laravel/framework/src/Illuminate/Routing/Router.php(822): Illuminate\\Routing\\Route->run()
#4 /Applications/XAMPP/xamppfiles/htdocs/auth/vendor/laravel/framework/src/Illuminate/Pipeline/Pipeline.php(180): Illuminate\\Routing\\Router->{closure:Illuminate\\Routing\\Router::runRouteWithinStack():821}(Object(Illuminate\\Http\\Request))
#5 /Applications/XAMPP/xamppfiles/htdocs/auth/vendor/laravel/framework/src/Illuminate/Routing/Middleware/SubstituteBindings.php(50): Illuminate\\Pipeline\\Pipeline->{closure:Illuminate\\Pipeline\\Pipeline::prepareDestination():178}(Object(Illuminate\\Http\\Request))
#6 /Applications/XAMPP/xamppfiles/htdocs/auth/vendor/laravel/framework/src/Illuminate/Pipeline/Pipeline.php(219): Illuminate\\Routing\\Middleware\\SubstituteBindings->handle(Object(Illuminate\\Http\\Request), Object(Closure))
#7 /Applications/XAMPP/xamppfiles/htdocs/auth/vendor/laravel/framework/src/Illuminate/Auth/Middleware/Authenticate.php(63): Illuminate\\Pipeline\\Pipeline->{closure:{closure:Illuminate\\Pipeline\\Pipeline::carry():194}:195}(Object(Illuminate\\Http\\Request))
#8 /Applications/XAMPP/xamppfiles/htdocs/auth/vendor/laravel/framework/src/Illuminate/Pipeline/Pipeline.php(219): Illuminate\\Auth\\Middleware\\Authenticate->handle(Object(Illuminate\\Http\\Request), Object(Closure))
#9 /Applications/XAMPP/xamppfiles/htdocs/auth/vendor/laravel/framework/src/Illuminate/Foundation/Http/Middleware/VerifyCsrfToken.php(87): Illuminate\\Pipeline\\Pipeline->{closure:{closure:Illuminate\\Pipeline\\Pipeline::carry():194}:195}(Object(Illuminate\\Http\\Request))
#10 /Applications/XAMPP/xamppfiles/htdocs/auth/vendor/laravel/framework/src/Illuminate/Pipeline/Pipeline.php(219): Illuminate\\Foundation\\Http\\Middleware\\VerifyCsrfToken->handle(Object(Illuminate\\Http\\Request), Object(Closure))
#11 /Applications/XAMPP/xamppfiles/htdocs/auth/vendor/laravel/framework/src/Illuminate/View/Middleware/ShareErrorsFromSession.php(48): Illuminate\\Pipeline\\Pipeline->{closure:{closure:Illuminate\\Pipeline\\Pipeline::carry():194}:195}(Object(Illuminate\\Http\\Request))
#12 /Applications/XAMPP/xamppfiles/htdocs/auth/vendor/laravel/framework/src/Illuminate/Pipeline/Pipeline.php(219): Illuminate\\View\\Middleware\\ShareErrorsFromSession->handle(Object(Illuminate\\Http\\Request), Object(Closure))
#13 /Applications/XAMPP/xamppfiles/htdocs/auth/vendor/laravel/framework/src/Illuminate/Session/Middleware/StartSession.php(120): Illuminate\\Pipeline\\Pipeline->{closure:{closure:Illuminate\\Pipeline\\Pipeline::carry():194}:195}(Object(Illuminate\\Http\\Request))
#14 /Applications/XAMPP/xamppfiles/htdocs/auth/vendor/laravel/framework/src/Illuminate/Session/Middleware/StartSession.php(63): Illuminate\\Session\\Middleware\\StartSession->handleStatefulRequest(Object(Illuminate\\Http\\Request), Object(Illuminate\\Session\\Store), Object(Closure))
#15 /Applications/XAMPP/xamppfiles/htdocs/auth/vendor/laravel/framework/src/Illuminate/Pipeline/Pipeline.php(219): Illuminate\\Session\\Middleware\\StartSession->handle(Object(Illuminate\\Http\\Request), Object(Closure))
#16 /Applications/XAMPP/xamppfiles/htdocs/auth/vendor/laravel/framework/src/Illuminate/Cookie/Middleware/AddQueuedCookiesToResponse.php(36): Illuminate\\Pipeline\\Pipeline->{closure:{closure:Illuminate\\Pipeline\\Pipeline::carry():194}:195}(Object(Illuminate\\Http\\Request))
#17 /Applications/XAMPP/xamppfiles/htdocs/auth/vendor/laravel/framework/src/Illuminate/Pipeline/Pipeline.php(219): Illuminate\\Cookie\\Middleware\\AddQueuedCookiesToResponse->handle(Object(Illuminate\\Http\\Request), Object(Closure))
#18 /Applications/XAMPP/xamppfiles/htdocs/auth/vendor/laravel/framework/src/Illuminate/Cookie/Middleware/EncryptCookies.php(74): Illuminate\\Pipeline\\Pipeline->{closure:{closure:Illuminate\\Pipeline\\Pipeline::carry():194}:195}(Object(Illuminate\\Http\\Request))
#19 /Applications/XAMPP/xamppfiles/htdocs/auth/vendor/laravel/framework/src/Illuminate/Pipeline/Pipeline.php(219): Illuminate\\Cookie\\Middleware\\EncryptCookies->handle(Object(Illuminate\\Http\\Request), Object(Closure))
#20 /Applications/XAMPP/xamppfiles/htdocs/auth/vendor/laravel/framework/src/Illuminate/Pipeline/Pipeline.php(137): Illuminate\\Pipeline\\Pipeline->{closure:{closure:Illuminate\\Pipeline\\Pipeline::carry():194}:195}(Object(Illuminate\\Http\\Request))
#21 /Applications/XAMPP/xamppfiles/htdocs/auth/vendor/laravel/framework/src/Illuminate/Routing/Router.php(821): Illuminate\\Pipeline\\Pipeline->then(Object(Closure))
#22 /Applications/XAMPP/xamppfiles/htdocs/auth/vendor/laravel/framework/src/Illuminate/Routing/Router.php(800): Illuminate\\Routing\\Router->runRouteWithinStack(Object(Illuminate\\Routing\\Route), Object(Illuminate\\Http\\Request))
#23 /Applications/XAMPP/xamppfiles/htdocs/auth/vendor/laravel/framework/src/Illuminate/Routing/Router.php(764): Illuminate\\Routing\\Router->runRoute(Object(Illuminate\\Http\\Request), Object(Illuminate\\Routing\\Route))
#24 /Applications/XAMPP/xamppfiles/htdocs/auth/vendor/laravel/framework/src/Illuminate/Routing/Router.php(753): Illuminate\\Routing\\Router->dispatchToRoute(Object(Illuminate\\Http\\Request))
#25 /Applications/XAMPP/xamppfiles/htdocs/auth/vendor/laravel/framework/src/Illuminate/Foundation/Http/Kernel.php(200): Illuminate\\Routing\\Router->dispatch(Object(Illuminate\\Http\\Request))
#26 /Applications/XAMPP/xamppfiles/htdocs/auth/vendor/laravel/framework/src/Illuminate/Pipeline/Pipeline.php(180): Illuminate\\Foundation\\Http\\Kernel->{closure:Illuminate\\Foundation\\Http\\Kernel::dispatchToRouter():197}(Object(Illuminate\\Http\\Request))
#27 /Applications/XAMPP/xamppfiles/htdocs/auth/vendor/laravel/framework/src/Illuminate/Foundation/Http/Middleware/TransformsRequest.php(21): Illuminate\\Pipeline\\Pipeline->{closure:Illuminate\\Pipeline\\Pipeline::prepareDestination():178}(Object(Illuminate\\Http\\Request))
#28 /Applications/XAMPP/xamppfiles/htdocs/auth/vendor/laravel/framework/src/Illuminate/Foundation/Http/Middleware/ConvertEmptyStringsToNull.php(31): Illuminate\\Foundation\\Http\\Middleware\\TransformsRequest->handle(Object(Illuminate\\Http\\Request), Object(Closure))
#29 /Applications/XAMPP/xamppfiles/htdocs/auth/vendor/laravel/framework/src/Illuminate/Pipeline/Pipeline.php(219): Illuminate\\Foundation\\Http\\Middleware\\ConvertEmptyStringsToNull->handle(Object(Illuminate\\Http\\Request), Object(Closure))
#30 /Applications/XAMPP/xamppfiles/htdocs/auth/vendor/laravel/framework/src/Illuminate/Foundation/Http/Middleware/TransformsRequest.php(21): Illuminate\\Pipeline\\Pipeline->{closure:{closure:Illuminate\\Pipeline\\Pipeline::carry():194}:195}(Object(Illuminate\\Http\\Request))
#31 /Applications/XAMPP/xamppfiles/htdocs/auth/vendor/laravel/framework/src/Illuminate/Foundation/Http/Middleware/TrimStrings.php(51): Illuminate\\Foundation\\Http\\Middleware\\TransformsRequest->handle(Object(Illuminate\\Http\\Request), Object(Closure))
#32 /Applications/XAMPP/xamppfiles/htdocs/auth/vendor/laravel/framework/src/Illuminate/Pipeline/Pipeline.php(219): Illuminate\\Foundation\\Http\\Middleware\\TrimStrings->handle(Object(Illuminate\\Http\\Request), Object(Closure))
#33 /Applications/XAMPP/xamppfiles/htdocs/auth/vendor/laravel/framework/src/Illuminate/Http/Middleware/ValidatePostSize.php(27): Illuminate\\Pipeline\\Pipeline->{closure:{closure:Illuminate\\Pipeline\\Pipeline::carry():194}:195}(Object(Illuminate\\Http\\Request))
#34 /Applications/XAMPP/xamppfiles/htdocs/auth/vendor/laravel/framework/src/Illuminate/Pipeline/Pipeline.php(219): Illuminate\\Http\\Middleware\\ValidatePostSize->handle(Object(Illuminate\\Http\\Request), Object(Closure))
#35 /Applications/XAMPP/xamppfiles/htdocs/auth/vendor/laravel/framework/src/Illuminate/Foundation/Http/Middleware/PreventRequestsDuringMaintenance.php(109): Illuminate\\Pipeline\\Pipeline->{closure:{closure:Illuminate\\Pipeline\\Pipeline::carry():194}:195}(Object(Illuminate\\Http\\Request))
#36 /Applications/XAMPP/xamppfiles/htdocs/auth/vendor/laravel/framework/src/Illuminate/Pipeline/Pipeline.php(219): Illuminate\\Foundation\\Http\\Middleware\\PreventRequestsDuringMaintenance->handle(Object(Illuminate\\Http\\Request), Object(Closure))
#37 /Applications/XAMPP/xamppfiles/htdocs/auth/vendor/laravel/framework/src/Illuminate/Http/Middleware/HandleCors.php(61): Illuminate\\Pipeline\\Pipeline->{closure:{closure:Illuminate\\Pipeline\\Pipeline::carry():194}:195}(Object(Illuminate\\Http\\Request))
#38 /Applications/XAMPP/xamppfiles/htdocs/auth/vendor/laravel/framework/src/Illuminate/Pipeline/Pipeline.php(219): Illuminate\\Http\\Middleware\\HandleCors->handle(Object(Illuminate\\Http\\Request), Object(Closure))
#39 /Applications/XAMPP/xamppfiles/htdocs/auth/vendor/laravel/framework/src/Illuminate/Http/Middleware/TrustProxies.php(58): Illuminate\\Pipeline\\Pipeline->{closure:{closure:Illuminate\\Pipeline\\Pipeline::carry():194}:195}(Object(Illuminate\\Http\\Request))
#40 /Applications/XAMPP/xamppfiles/htdocs/auth/vendor/laravel/framework/src/Illuminate/Pipeline/Pipeline.php(219): Illuminate\\Http\\Middleware\\TrustProxies->handle(Object(Illuminate\\Http\\Request), Object(Closure))
#41 /Applications/XAMPP/xamppfiles/htdocs/auth/vendor/laravel/framework/src/Illuminate/Foundation/Http/Middleware/InvokeDeferredCallbacks.php(22): Illuminate\\Pipeline\\Pipeline->{closure:{closure:Illuminate\\Pipeline\\Pipeline::carry():194}:195}(Object(Illuminate\\Http\\Request))
#42 /Applications/XAMPP/xamppfiles/htdocs/auth/vendor/laravel/framework/src/Illuminate/Pipeline/Pipeline.php(219): Illuminate\\Foundation\\Http\\Middleware\\InvokeDeferredCallbacks->handle(Object(Illuminate\\Http\\Request), Object(Closure))
#43 /Applications/XAMPP/xamppfiles/htdocs/auth/vendor/laravel/framework/src/Illuminate/Http/Middleware/ValidatePathEncoding.php(26): Illuminate\\Pipeline\\Pipeline->{closure:{closure:Illuminate\\Pipeline\\Pipeline::carry():194}:195}(Object(Illuminate\\Http\\Request))
#44 /Applications/XAMPP/xamppfiles/htdocs/auth/vendor/laravel/framework/src/Illuminate/Pipeline/Pipeline.php(219): Illuminate\\Http\\Middleware\\ValidatePathEncoding->handle(Object(Illuminate\\Http\\Request), Object(Closure))
#45 /Applications/XAMPP/xamppfiles/htdocs/auth/vendor/laravel/framework/src/Illuminate/Pipeline/Pipeline.php(137): Illuminate\\Pipeline\\Pipeline->{closure:{closure:Illuminate\\Pipeline\\Pipeline::carry():194}:195}(Object(Illuminate\\Http\\Request))
#46 /Applications/XAMPP/xamppfiles/htdocs/auth/vendor/laravel/framework/src/Illuminate/Foundation/Http/Kernel.php(175): Illuminate\\Pipeline\\Pipeline->then(Object(Closure))
#47 /Applications/XAMPP/xamppfiles/htdocs/auth/vendor/laravel/framework/src/Illuminate/Foundation/Http/Kernel.php(144): Illuminate\\Foundation\\Http\\Kernel->sendRequestThroughRouter(Object(Illuminate\\Http\\Request))
#48 /Applications/XAMPP/xamppfiles/htdocs/auth/vendor/laravel/framework/src/Illuminate/Foundation/Application.php(1220): Illuminate\\Foundation\\Http\\Kernel->handle(Object(Illuminate\\Http\\Request))
#49 /Applications/XAMPP/xamppfiles/htdocs/auth/public/index.php(20): Illuminate\\Foundation\\Application->handleRequest(Object(Illuminate\\Http\\Request))
#50 /Applications/XAMPP/xamppfiles/htdocs/auth/vendor/laravel/framework/src/Illuminate/Foundation/resources/server.php(23): require_once('/Applications/X...')
#51 {main}
"} 
[2026-02-10 15:48:34] local.ERROR: Class "App\Http\Controllers\Tag" not found {"userId":3,"exception":"[object] (Error(code: 0): Class \"App\\Http\\Controllers\\Tag\" not found at /Applications/XAMPP/xamppfiles/htdocs/auth/app/Http/Controllers/DashboardController.php:32)
[stacktrace]
#0 /Applications/XAMPP/xamppfiles/htdocs/auth/vendor/laravel/framework/src/Illuminate/Routing/ControllerDispatcher.php(46): App\\Http\\Controllers\\DashboardController->index()
#1 /Applications/XAMPP/xamppfiles/htdocs/auth/vendor/laravel/framework/src/Illuminate/Routing/Route.php(265): Illuminate\\Routing\\ControllerDispatcher->dispatch(Object(Illuminate\\Routing\\Route), Object(App\\Http\\Controllers\\DashboardController), 'index')
#2 /Applications/XAMPP/xamppfiles/htdocs/auth/vendor/laravel/framework/src/Illuminate/Routing/Route.php(211): Illuminate\\Routing\\Route->runController()
#3 /Applications/XAMPP/xamppfiles/htdocs/auth/vendor/laravel/framework/src/Illuminate/Routing/Router.php(822): Illuminate\\Routing\\Route->run()
#4 /Applications/XAMPP/xamppfiles/htdocs/auth/vendor/laravel/framework/src/Illuminate/Pipeline/Pipeline.php(180): Illuminate\\Routing\\Router->{closure:Illuminate\\Routing\\Router::runRouteWithinStack():821}(Object(Illuminate\\Http\\Request))
#5 /Applications/XAMPP/xamppfiles/htdocs/auth/vendor/laravel/framework/src/Illuminate/Routing/Middleware/SubstituteBindings.php(50): Illuminate\\Pipeline\\Pipeline->{closure:Illuminate\\Pipeline\\Pipeline::prepareDestination():178}(Object(Illuminate\\Http\\Request))
#6 /Applications/XAMPP/xamppfiles/htdocs/auth/vendor/laravel/framework/src/Illuminate/Pipeline/Pipeline.php(219): Illuminate\\Routing\\Middleware\\SubstituteBindings->handle(Object(Illuminate\\Http\\Request), Object(Closure))
#7 /Applications/XAMPP/xamppfiles/htdocs/auth/vendor/laravel/framework/src/Illuminate/Auth/Middleware/Authenticate.php(63): Illuminate\\Pipeline\\Pipeline->{closure:{closure:Illuminate\\Pipeline\\Pipeline::carry():194}:195}(Object(Illuminate\\Http\\Request))
#8 /Applications/XAMPP/xamppfiles/htdocs/auth/vendor/laravel/framework/src/Illuminate/Pipeline/Pipeline.php(219): Illuminate\\Auth\\Middleware\\Authenticate->handle(Object(Illuminate\\Http\\Request), Object(Closure))
#9 /Applications/XAMPP/xamppfiles/htdocs/auth/vendor/laravel/framework/src/Illuminate/Foundation/Http/Middleware/VerifyCsrfToken.php(87): Illuminate\\Pipeline\\Pipeline->{closure:{closure:Illuminate\\Pipeline\\Pipeline::carry():194}:195}(Object(Illuminate\\Http\\Request))
#10 /Applications/XAMPP/xamppfiles/htdocs/auth/vendor/laravel/framework/src/Illuminate/Pipeline/Pipeline.php(219): Illuminate\\Foundation\\Http\\Middleware\\VerifyCsrfToken->handle(Object(Illuminate\\Http\\Request), Object(Closure))
#11 /Applications/XAMPP/xamppfiles/htdocs/auth/vendor/laravel/framework/src/Illuminate/View/Middleware/ShareErrorsFromSession.php(48): Illuminate\\Pipeline\\Pipeline->{closure:{closure:Illuminate\\Pipeline\\Pipeline::carry():194}:195}(Object(Illuminate\\Http\\Request))
#12 /Applications/XAMPP/xamppfiles/htdocs/auth/vendor/laravel/framework/src/Illuminate/Pipeline/Pipeline.php(219): Illuminate\\View\\Middleware\\ShareErrorsFromSession->handle(Object(Illuminate\\Http\\Request), Object(Closure))
#13 /Applications/XAMPP/xamppfiles/htdocs/auth/vendor/laravel/framework/src/Illuminate/Session/Middleware/StartSession.php(120): Illuminate\\Pipeline\\Pipeline->{closure:{closure:Illuminate\\Pipeline\\Pipeline::carry():194}:195}(Object(Illuminate\\Http\\Request))
#14 /Applications/XAMPP/xamppfiles/htdocs/auth/vendor/laravel/framework/src/Illuminate/Session/Middleware/StartSession.php(63): Illuminate\\Session\\Middleware\\StartSession->handleStatefulRequest(Object(Illuminate\\Http\\Request), Object(Illuminate\\Session\\Store), Object(Closure))
#15 /Applications/XAMPP/xamppfiles/htdocs/auth/vendor/laravel/framework/src/Illuminate/Pipeline/Pipeline.php(219): Illuminate\\Session\\Middleware\\StartSession->handle(Object(Illuminate\\Http\\Request), Object(Closure))
#16 /Applications/XAMPP/xamppfiles/htdocs/auth/vendor/laravel/framework/src/Illuminate/Cookie/Middleware/AddQueuedCookiesToResponse.php(36): Illuminate\\Pipeline\\Pipeline->{closure:{closure:Illuminate\\Pipeline\\Pipeline::carry():194}:195}(Object(Illuminate\\Http\\Request))
#17 /Applications/XAMPP/xamppfiles/htdocs/auth/vendor/laravel/framework/src/Illuminate/Pipeline/Pipeline.php(219): Illuminate\\Cookie\\Middleware\\AddQueuedCookiesToResponse->handle(Object(Illuminate\\Http\\Request), Object(Closure))
#18 /Applications/XAMPP/xamppfiles/htdocs/auth/vendor/laravel/framework/src/Illuminate/Cookie/Middleware/EncryptCookies.php(74): Illuminate\\Pipeline\\Pipeline->{closure:{closure:Illuminate\\Pipeline\\Pipeline::carry():194}:195}(Object(Illuminate\\Http\\Request))
#19 /Applications/XAMPP/xamppfiles/htdocs/auth/vendor/laravel/framework/src/Illuminate/Pipeline/Pipeline.php(219): Illuminate\\Cookie\\Middleware\\EncryptCookies->handle(Object(Illuminate\\Http\\Request), Object(Closure))
#20 /Applications/XAMPP/xamppfiles/htdocs/auth/vendor/laravel/framework/src/Illuminate/Pipeline/Pipeline.php(137): Illuminate\\Pipeline\\Pipeline->{closure:{closure:Illuminate\\Pipeline\\Pipeline::carry():194}:195}(Object(Illuminate\\Http\\Request))
#21 /Applications/XAMPP/xamppfiles/htdocs/auth/vendor/laravel/framework/src/Illuminate/Routing/Router.php(821): Illuminate\\Pipeline\\Pipeline->then(Object(Closure))
#22 /Applications/XAMPP/xamppfiles/htdocs/auth/vendor/laravel/framework/src/Illuminate/Routing/Router.php(800): Illuminate\\Routing\\Router->runRouteWithinStack(Object(Illuminate\\Routing\\Route), Object(Illuminate\\Http\\Request))
#23 /Applications/XAMPP/xamppfiles/htdocs/auth/vendor/laravel/framework/src/Illuminate/Routing/Router.php(764): Illuminate\\Routing\\Router->runRoute(Object(Illuminate\\Http\\Request), Object(Illuminate\\Routing\\Route))
#24 /Applications/XAMPP/xamppfiles/htdocs/auth/vendor/laravel/framework/src/Illuminate/Routing/Router.php(753): Illuminate\\Routing\\Router->dispatchToRoute(Object(Illuminate\\Http\\Request))
#25 /Applications/XAMPP/xamppfiles/htdocs/auth/vendor/laravel/framework/src/Illuminate/Foundation/Http/Kernel.php(200): Illuminate\\Routing\\Router->dispatch(Object(Illuminate\\Http\\Request))
#26 /Applications/XAMPP/xamppfiles/htdocs/auth/vendor/laravel/framework/src/Illuminate/Pipeline/Pipeline.php(180): Illuminate\\Foundation\\Http\\Kernel->{closure:Illuminate\\Foundation\\Http\\Kernel::dispatchToRouter():197}(Object(Illuminate\\Http\\Request))
#27 /Applications/XAMPP/xamppfiles/htdocs/auth/vendor/laravel/framework/src/Illuminate/Foundation/Http/Middleware/TransformsRequest.php(21): Illuminate\\Pipeline\\Pipeline->{closure:Illuminate\\Pipeline\\Pipeline::prepareDestination():178}(Object(Illuminate\\Http\\Request))
#28 /Applications/XAMPP/xamppfiles/htdocs/auth/vendor/laravel/framework/src/Illuminate/Foundation/Http/Middleware/ConvertEmptyStringsToNull.php(31): Illuminate\\Foundation\\Http\\Middleware\\TransformsRequest->handle(Object(Illuminate\\Http\\Request), Object(Closure))
#29 /Applications/XAMPP/xamppfiles/htdocs/auth/vendor/laravel/framework/src/Illuminate/Pipeline/Pipeline.php(219): Illuminate\\Foundation\\Http\\Middleware\\ConvertEmptyStringsToNull->handle(Object(Illuminate\\Http\\Request), Object(Closure))
#30 /Applications/XAMPP/xamppfiles/htdocs/auth/vendor/laravel/framework/src/Illuminate/Foundation/Http/Middleware/TransformsRequest.php(21): Illuminate\\Pipeline\\Pipeline->{closure:{closure:Illuminate\\Pipeline\\Pipeline::carry():194}:195}(Object(Illuminate\\Http\\Request))
#31 /Applications/XAMPP/xamppfiles/htdocs/auth/vendor/laravel/framework/src/Illuminate/Foundation/Http/Middleware/TrimStrings.php(51): Illuminate\\Foundation\\Http\\Middleware\\TransformsRequest->handle(Object(Illuminate\\Http\\Request), Object(Closure))
#32 /Applications/XAMPP/xamppfiles/htdocs/auth/vendor/laravel/framework/src/Illuminate/Pipeline/Pipeline.php(219): Illuminate\\Foundation\\Http\\Middleware\\TrimStrings->handle(Object(Illuminate\\Http\\Request), Object(Closure))
#33 /Applications/XAMPP/xamppfiles/htdocs/auth/vendor/laravel/framework/src/Illuminate/Http/Middleware/ValidatePostSize.php(27): Illuminate\\Pipeline\\Pipeline->{closure:{closure:Illuminate\\Pipeline\\Pipeline::carry():194}:195}(Object(Illuminate\\Http\\Request))
#34 /Applications/XAMPP/xamppfiles/htdocs/auth/vendor/laravel/framework/src/Illuminate/Pipeline/Pipeline.php(219): Illuminate\\Http\\Middleware\\ValidatePostSize->handle(Object(Illuminate\\Http\\Request), Object(Closure))
#35 /Applications/XAMPP/xamppfiles/htdocs/auth/vendor/laravel/framework/src/Illuminate/Foundation/Http/Middleware/PreventRequestsDuringMaintenance.php(109): Illuminate\\Pipeline\\Pipeline->{closure:{closure:Illuminate\\Pipeline\\Pipeline::carry():194}:195}(Object(Illuminate\\Http\\Request))
#36 /Applications/XAMPP/xamppfiles/htdocs/auth/vendor/laravel/framework/src/Illuminate/Pipeline/Pipeline.php(219): Illuminate\\Foundation\\Http\\Middleware\\PreventRequestsDuringMaintenance->handle(Object(Illuminate\\Http\\Request), Object(Closure))
#37 /Applications/XAMPP/xamppfiles/htdocs/auth/vendor/laravel/framework/src/Illuminate/Http/Middleware/HandleCors.php(61): Illuminate\\Pipeline\\Pipeline->{closure:{closure:Illuminate\\Pipeline\\Pipeline::carry():194}:195}(Object(Illuminate\\Http\\Request))
#38 /Applications/XAMPP/xamppfiles/htdocs/auth/vendor/laravel/framework/src/Illuminate/Pipeline/Pipeline.php(219): Illuminate\\Http\\Middleware\\HandleCors->handle(Object(Illuminate\\Http\\Request), Object(Closure))
#39 /Applications/XAMPP/xamppfiles/htdocs/auth/vendor/laravel/framework/src/Illuminate/Http/Middleware/TrustProxies.php(58): Illuminate\\Pipeline\\Pipeline->{closure:{closure:Illuminate\\Pipeline\\Pipeline::carry():194}:195}(Object(Illuminate\\Http\\Request))
#40 /Applications/XAMPP/xamppfiles/htdocs/auth/vendor/laravel/framework/src/Illuminate/Pipeline/Pipeline.php(219): Illuminate\\Http\\Middleware\\TrustProxies->handle(Object(Illuminate\\Http\\Request), Object(Closure))
#41 /Applications/XAMPP/xamppfiles/htdocs/auth/vendor/laravel/framework/src/Illuminate/Foundation/Http/Middleware/InvokeDeferredCallbacks.php(22): Illuminate\\Pipeline\\Pipeline->{closure:{closure:Illuminate\\Pipeline\\Pipeline::carry():194}:195}(Object(Illuminate\\Http\\Request))
#42 /Applications/XAMPP/xamppfiles/htdocs/auth/vendor/laravel/framework/src/Illuminate/Pipeline/Pipeline.php(219): Illuminate\\Foundation\\Http\\Middleware\\InvokeDeferredCallbacks->handle(Object(Illuminate\\Http\\Request), Object(Closure))
#43 /Applications/XAMPP/xamppfiles/htdocs/auth/vendor/laravel/framework/src/Illuminate/Http/Middleware/ValidatePathEncoding.php(26): Illuminate\\Pipeline\\Pipeline->{closure:{closure:Illuminate\\Pipeline\\Pipeline::carry():194}:195}(Object(Illuminate\\Http\\Request))
#44 /Applications/XAMPP/xamppfiles/htdocs/auth/vendor/laravel/framework/src/Illuminate/Pipeline/Pipeline.php(219): Illuminate\\Http\\Middleware\\ValidatePathEncoding->handle(Object(Illuminate\\Http\\Request), Object(Closure))
#45 /Applications/XAMPP/xamppfiles/htdocs/auth/vendor/laravel/framework/src/Illuminate/Pipeline/Pipeline.php(137): Illuminate\\Pipeline\\Pipeline->{closure:{closure:Illuminate\\Pipeline\\Pipeline::carry():194}:195}(Object(Illuminate\\Http\\Request))
#46 /Applications/XAMPP/xamppfiles/htdocs/auth/vendor/laravel/framework/src/Illuminate/Foundation/Http/Kernel.php(175): Illuminate\\Pipeline\\Pipeline->then(Object(Closure))
#47 /Applications/XAMPP/xamppfiles/htdocs/auth/vendor/laravel/framework/src/Illuminate/Foundation/Http/Kernel.php(144): Illuminate\\Foundation\\Http\\Kernel->sendRequestThroughRouter(Object(Illuminate\\Http\\Request))
#48 /Applications/XAMPP/xamppfiles/htdocs/auth/vendor/laravel/framework/src/Illuminate/Foundation/Application.php(1220): Illuminate\\Foundation\\Http\\Kernel->handle(Object(Illuminate\\Http\\Request))
#49 /Applications/XAMPP/xamppfiles/htdocs/auth/public/index.php(20): Illuminate\\Foundation\\Application->handleRequest(Object(Illuminate\\Http\\Request))
#50 /Applications/XAMPP/xamppfiles/htdocs/auth/vendor/laravel/framework/src/Illuminate/Foundation/resources/server.php(23): require_once('/Applications/X...')
#51 {main}
"} 
